Loan_ID,Customer_ID,Loan_Type,Loan_Amount,Interest_Rate,Start_Date,Tenure_Months,Outstanding_Amount,Status,Credit_Risk
L000001,C05405,Business,75200.0,10.47,2025-05-10,180,46513.07,Active,Low
L000002,C00619,Home,159100.0,13.75,2022-08-10,24,30169.27,Closed,High
L000003,C11091,Auto,50000.0,11.22,2025-12-19,24,5660.94,Overdue,Medium
L000004,C06848,Auto,98600.0,9.22,2025-04-27,12,11610.54,Active,Low
L000005,C04836,Auto,354900.0,9.34,2022-08-17,60,120883.13,Closed,Low
L000006,C07301,Home,559900.0,15.06,2024-02-12,240,31174.39,Closed,Medium
L000007,C07601,Personal,274500.0,9.16,2024-12-24,36,230900.12,Closed,Low
L000008,C11162,Personal,198300.0,7.33,2023-12-02,36,133682.49,Active,Medium
L000009,C03795,Auto,196800.0,9.26,2024-10-09,24,94256.24,Closed,Low
L000010,C10515,Auto,139900.0,11.51,2024-02-22,36,110801.75,Overdue,Low
L000011,C13829,Education,101500.0,9.87,2025-09-17,240,71762.0,Active,High
L000012,C05941,Home,136300.0,11.3,2023-06-25,84,16915.33,Active,Low
L000013,C11587,Home,101000.0,11.1,2023-02-02,120,75252.35,Active,Low
L000014,C13527,Auto,180000.0,13.28,2022-03-29,60,144117.08,Active,Low
L000015,C14764,Home,138200.0,15.79,2025-05-19,48,33500.8,Closed,Low
L000016,C04052,Personal,104100.0,12.11,2022-11-08,24,45888.6,Active,Medium
L000017,C09539,Personal,117000.0,12.39,2025-11-12,120,96270.01,Active,Low
L000018,C12012,Home,420500.0,10.34,2022-04-09,12,76696.07,Active,Low
L000019,C04855,Education,80300.0,14.48,2022-07-01,12,69919.4,Closed,Medium
L000020,C10465,Personal,200900.0,13.04,2025-03-19,24,40184.86,Closed,Medium
L000021,C10153,Personal,476100.0,13.14,2022-09-12,240,98028.24,Active,Low
L000022,C07579,Personal,223100.0,11.4,2025-01-21,24,120938.97,Closed,Medium
L000023,C11946,Personal,370700.0,15.41,2023-04-23,240,105589.56,Active,Medium
L000024,C09189,Personal,339000.0,10.43,2022-05-20,48,97425.55,Active,Medium
L000025,C07864,Auto,95600.0,10.85,2023-09-01,60,9775.46,Closed,Low
L000026,C08394,Auto,113200.0,10.2,2022-07-11,240,74732.24,Active,Low
L000027,C06991,Personal,202100.0,9.32,2023-08-13,48,62473.14,Active,Low
L000028,C08483,Personal,140400.0,14.81,2022-11-08,84,125288.39,Active,Medium
L000029,C07710,Business,50000.0,7.34,2023-04-11,48,16111.27,Closed,Low
L000030,C07240,Auto,330800.0,9.7,2024-01-05,36,169555.15,Active,Low
L000031,C02300,Personal,490300.0,8.49,2022-04-21,120,139104.01,Active,Low
L000032,C12087,Home,50000.0,13.7,2023-11-15,60,11394.95,Overdue,Medium
L000033,C12983,Personal,86900.0,15.75,2025-02-18,84,42572.04,Active,Medium
L000034,C02315,Home,75400.0,14.36,2023-01-23,240,14031.63,Active,Low
L000035,C10864,Education,225200.0,13.75,2025-02-24,60,76276.46,Active,Medium
L000036,C10903,Auto,152000.0,9.91,2024-04-25,48,125175.86,Active,Low
L000037,C09401,Home,80000.0,8.75,2025-05-19,240,44717.32,Closed,Low
L000038,C10113,Business,99200.0,9.71,2025-03-29,48,43360.24,Active,Low
L000039,C00230,Home,325400.0,13.25,2023-12-21,60,220574.74,Active,Low
L000040,C07750,Business,50000.0,10.59,2024-11-19,120,35123.84,Active,Medium
L000041,C14598,Home,134600.0,9.4,2025-09-12,12,18933.13,Active,Medium
L000042,C06461,Personal,362000.0,14.22,2022-01-07,48,137477.14,Active,Low
L000043,C02536,Home,319900.0,10.77,2022-08-14,48,143595.6,Active,Low
L000044,C09321,Personal,255800.0,13.85,2024-01-23,12,69951.39,Active,Low
L000045,C13829,Business,130000.0,13.38,2024-12-05,24,72897.0,Overdue,Low
L000046,C05570,Home,182000.0,11.58,2022-09-30,60,82265.61,Active,Low
L000047,C00395,Home,178000.0,15.79,2022-06-30,84,102398.11,Active,Medium
L000048,C07100,Home,253200.0,12.83,2022-10-31,12,81516.45,Active,Low
L000049,C06875,Business,675100.0,15.04,2025-10-24,36,497620.06,Active,Low
L000050,C14566,Education,296600.0,16.29,2025-06-10,24,26849.01,Active,High
L000051,C13303,Home,439800.0,9.09,2023-04-21,180,122863.56,Active,Medium
L000052,C01357,Home,498200.0,12.43,2025-07-11,120,54132.49,Overdue,High
L000053,C12522,Personal,223600.0,15.82,2023-10-27,120,177498.93,Overdue,Low
L000054,C02067,Business,50000.0,9.24,2025-01-27,36,12856.38,Closed,Low
L000055,C05481,Personal,136100.0,15.84,2024-07-07,36,10038.53,Active,Low
L000056,C04129,Auto,424800.0,10.95,2022-04-14,60,109653.0,Closed,Low
L000057,C07360,Home,157600.0,10.88,2025-10-16,36,148309.4,Overdue,Low
L000058,C00055,Personal,331900.0,14.67,2023-12-14,48,81984.1,Active,Medium
L000059,C10876,Auto,367200.0,8.52,2023-09-15,180,210789.87,Closed,Low
L000060,C09286,Business,50000.0,9.98,2022-09-16,36,9437.98,Active,Low
L000061,C12090,Personal,538100.0,14.35,2023-05-19,36,99866.82,Active,Low
L000062,C11299,Auto,52600.0,16.1,2025-04-03,60,24878.05,Active,Low
L000063,C06224,Home,138900.0,8.48,2025-02-08,60,120340.24,Active,Medium
L000064,C13102,Auto,173500.0,10.65,2023-12-14,36,150733.11,Closed,Medium
L000065,C06086,Home,494300.0,8.56,2022-02-07,36,26169.34,Closed,High
L000066,C13371,Personal,347000.0,15.07,2023-06-14,180,298465.36,Active,Medium
L000067,C09526,Education,84400.0,14.58,2023-08-24,48,26240.38,Overdue,Medium
L000068,C01657,Auto,74100.0,9.82,2025-04-10,12,23133.43,Active,Low
L000069,C06604,Education,468400.0,15.4,2023-05-21,120,381152.49,Active,High
L000070,C03707,Business,50000.0,12.68,2022-12-03,84,7299.91,Active,Medium
L000071,C07163,Home,714000.0,9.92,2022-03-10,48,70767.83,Active,Medium
L000072,C01259,Home,349000.0,10.81,2025-11-20,120,186140.45,Active,Low
L000073,C13196,Home,87900.0,14.69,2025-03-07,180,39782.07,Active,Low
L000074,C12663,Auto,135500.0,11.55,2022-12-21,36,36757.66,Closed,Medium
L000075,C00823,Personal,116300.0,15.24,2024-07-14,12,98352.99,Active,Medium
L000076,C00932,Auto,205000.0,8.66,2022-08-16,48,185008.2,Closed,High
L000077,C03893,Personal,425200.0,15.5,2022-05-03,12,392174.6,Active,Medium
L000078,C01508,Home,234700.0,16.22,2024-07-17,240,200368.54,Active,High
L000079,C12939,Business,54900.0,10.28,2024-11-16,36,44191.77,Active,Low
L000080,C09715,Home,380500.0,7.99,2024-03-13,48,259458.97,Overdue,Low
L000081,C04677,Home,263600.0,6.61,2023-07-05,84,108127.45,Overdue,Low
L000082,C01905,Education,164700.0,10.87,2025-10-12,12,29305.71,Active,Medium
L000083,C04115,Personal,197000.0,12.61,2024-02-17,60,109867.3,Closed,Low
L000084,C09815,Auto,152600.0,15.88,2023-10-23,24,68258.21,Active,Low
L000085,C13431,Personal,50000.0,16.48,2022-05-24,48,9589.16,Active,Medium
L000086,C02828,Business,50000.0,15.61,2024-06-27,60,6704.41,Active,Medium
L000087,C07349,Personal,90600.0,16.03,2024-04-19,180,22364.52,Active,Low
L000088,C04513,Education,291700.0,11.58,2023-11-26,12,162393.69,Closed,Low
L000089,C14898,Business,310000.0,9.45,2022-04-30,180,92723.36,Active,Low
L000090,C02551,Business,464000.0,9.53,2023-10-04,84,395212.35,Closed,Low
L000091,C01949,Home,102100.0,11.25,2024-01-05,48,16441.57,Active,Low
L000092,C08024,Education,53300.0,12.07,2025-02-03,36,43921.46,Active,Low
L000093,C08650,Personal,251800.0,10.98,2023-10-01,120,26927.48,Active,Medium
L000094,C11318,Home,146900.0,7.91,2023-04-03,12,22655.63,Closed,Low
L000095,C11468,Personal,527500.0,10.8,2022-12-16,84,166834.0,Closed,Medium
L000096,C10648,Home,231400.0,12.46,2022-11-17,240,83431.99,Active,Low
L000097,C04160,Auto,673700.0,13.66,2024-05-18,60,284519.4,Active,Low
L000098,C03765,Personal,114700.0,8.32,2022-04-09,12,77644.13,Active,Low
L000099,C04126,Personal,151300.0,7.95,2022-03-31,36,94153.39,Active,Low
L000100,C02173,Home,65200.0,8.9,2022-05-23,120,46717.64,Active,Medium
L000101,C03198,Auto,189200.0,8.73,2022-06-28,120,66491.4,Closed,High
L000102,C10366,Personal,214700.0,13.01,2022-11-27,180,138543.0,Active,High
L000103,C08693,Personal,450600.0,15.94,2025-08-15,120,406094.66,Active,Medium
L000104,C03633,Home,158200.0,9.32,2025-06-26,84,90262.98,Active,Low
L000105,C05224,Personal,85800.0,15.44,2025-08-26,48,46265.27,Active,High
L000106,C14213,Personal,72400.0,14.76,2025-10-21,24,58900.29,Active,High
L000107,C02389,Personal,276000.0,11.14,2024-06-29,12,14332.16,Active,Medium
L000108,C11111,Auto,51100.0,10.58,2025-06-21,36,40081.44,Active,Medium
L000109,C09107,Personal,426500.0,6.91,2024-01-04,84,249316.11,Overdue,Medium
L000110,C01852,Auto,440900.0,13.69,2025-08-04,84,59048.86,Active,High
L000111,C07052,Education,98200.0,13.12,2025-01-21,36,79123.03,Active,Low
L000112,C01518,Education,131200.0,10.45,2023-01-23,240,34780.69,Active,Low
L000113,C12351,Education,430800.0,16.31,2024-11-25,180,400503.77,Closed,Medium
L000114,C01561,Auto,67000.0,10.15,2025-05-11,240,49495.09,Active,Low
L000115,C05873,Home,249500.0,14.79,2025-03-05,120,117272.81,Active,Medium
L000116,C01582,Personal,260000.0,11.09,2025-09-15,120,205821.32,Active,Low
L000117,C14944,Home,215400.0,14.59,2024-09-30,84,34955.52,Active,Low
L000118,C02668,Personal,322000.0,7.02,2022-06-29,120,144303.66,Defaulted,Low
L000119,C01949,Business,106800.0,9.24,2023-06-29,120,76565.05,Active,Medium
L000120,C14449,Education,171400.0,7.12,2023-03-04,24,90446.81,Active,Medium
L000121,C14756,Home,328400.0,14.91,2023-11-03,36,145969.38,Active,Medium
L000122,C14857,Auto,401900.0,12.68,2025-06-13,36,128784.37,Active,Low
L000123,C10457,Education,399200.0,16.21,2024-04-18,120,71855.07,Closed,Low
L000124,C12705,Home,313300.0,14.89,2024-09-14,180,230960.23,Closed,Low
L000125,C10212,Personal,93800.0,13.88,2022-12-22,84,86742.68,Closed,Low
L000126,C08053,Home,345400.0,8.9,2024-12-28,12,111809.56,Active,Low
L000127,C03438,Auto,50000.0,7.05,2024-06-03,36,36643.94,Active,Low
L000128,C04225,Business,79800.0,8.6,2023-11-22,48,10358.25,Defaulted,Low
L000129,C09629,Business,77000.0,9.19,2022-07-30,24,17438.31,Active,Low
L000130,C07947,Business,184100.0,11.51,2025-05-31,120,138170.81,Active,Low
L000131,C03858,Business,335000.0,8.14,2022-09-06,24,237771.37,Overdue,Low
L000132,C12569,Auto,98100.0,13.32,2025-01-28,84,66665.18,Active,Low
L000133,C00111,Auto,424000.0,15.39,2024-01-23,36,280185.2,Active,Low
L000134,C06088,Home,86800.0,9.37,2025-07-05,24,45193.67,Overdue,Medium
L000135,C13462,Auto,74000.0,7.32,2023-06-02,60,25187.39,Closed,Medium
L000136,C04525,Personal,339100.0,14.35,2024-07-24,36,292801.94,Defaulted,Medium
L000137,C13241,Education,230800.0,12.68,2024-08-21,24,90030.09,Overdue,Medium
L000138,C08095,Auto,73700.0,8.32,2025-11-20,48,38929.37,Active,Medium
L000139,C08742,Business,176200.0,14.55,2024-05-28,84,152565.05,Active,Medium
L000140,C13066,Education,160600.0,15.28,2022-07-07,180,119705.14,Active,Low
L000141,C12889,Personal,185200.0,13.27,2025-05-17,180,66516.12,Overdue,Medium
L000142,C06171,Auto,96700.0,12.19,2022-03-10,60,76992.59,Closed,Medium
L000143,C12890,Business,161900.0,9.2,2022-09-10,60,98355.47,Active,Low
L000144,C12528,Auto,146800.0,15.74,2023-05-06,180,100415.58,Closed,Low
L000145,C12005,Auto,181200.0,12.39,2025-07-03,120,162982.37,Active,Medium
L000146,C06994,Personal,60500.0,11.1,2023-02-21,240,22834.16,Active,Medium
L000147,C05591,Home,415200.0,9.05,2025-04-19,180,187596.93,Closed,Low
L000148,C14520,Education,247200.0,7.64,2022-07-20,84,156624.46,Active,Low
L000149,C02161,Auto,98500.0,8.34,2022-04-01,240,32530.11,Active,Low
L000150,C09230,Home,126200.0,14.67,2023-12-29,180,78529.65,Active,Medium
L000151,C06658,Education,96900.0,7.85,2022-07-29,12,8569.61,Overdue,Low
L000152,C06631,Home,455000.0,10.88,2025-09-30,48,26230.18,Active,Medium
L000153,C05721,Personal,63700.0,14.15,2023-03-22,12,48806.24,Active,Medium
L000154,C11926,Business,117100.0,9.7,2023-07-03,84,100035.23,Closed,Low
L000155,C10454,Auto,124300.0,7.79,2024-08-28,120,93133.62,Active,High
L000156,C05061,Education,111300.0,9.87,2025-10-06,180,42145.16,Active,Low
L000157,C10389,Auto,153100.0,11.6,2022-11-30,84,38743.45,Active,Medium
L000158,C14634,Personal,146600.0,12.27,2022-12-29,120,27046.72,Active,Medium
L000159,C13349,Home,138300.0,7.23,2023-12-18,36,19151.54,Active,Medium
L000160,C11720,Personal,315100.0,9.08,2024-04-12,48,220792.2,Closed,High
L000161,C14793,Home,368600.0,13.53,2023-01-26,24,25070.4,Overdue,Low
L000162,C00917,Home,113700.0,13.78,2023-03-31,120,104387.13,Active,Low
L000163,C08153,Home,99500.0,12.64,2025-04-14,120,18420.48,Closed,Low
L000164,C12351,Personal,57400.0,16.35,2022-08-03,120,37175.27,Active,High
L000165,C08691,Education,155800.0,15.56,2025-07-09,12,75385.12,Active,Low
L000166,C08177,Home,136100.0,13.83,2022-07-13,84,16564.39,Closed,Medium
L000167,C04353,Home,172000.0,9.99,2023-12-24,240,33215.19,Active,Medium
L000168,C04678,Personal,139900.0,9.49,2023-05-02,48,125579.92,Active,Low
L000169,C03522,Auto,149900.0,7.16,2024-09-14,84,72422.55,Active,Low
L000170,C01853,Personal,206600.0,9.69,2025-10-12,180,123407.57,Closed,Medium
L000171,C04978,Business,393600.0,8.57,2023-09-26,84,178123.29,Active,Medium
L000172,C01398,Home,163700.0,10.48,2024-08-17,240,19373.66,Active,Low
L000173,C13478,Home,50000.0,9.03,2025-08-09,24,7766.75,Active,Medium
L000174,C11725,Education,51400.0,12.81,2022-04-21,48,8342.39,Defaulted,Low
L000175,C14847,Auto,96700.0,15.58,2025-12-28,60,79963.47,Active,Low
L000176,C14724,Education,360200.0,16.32,2025-06-15,60,203601.43,Active,Medium
L000177,C05195,Home,65900.0,14.64,2025-10-19,240,36520.49,Closed,Medium
L000178,C07520,Home,151800.0,6.56,2023-01-09,24,75146.17,Defaulted,Low
L000179,C05487,Personal,55200.0,8.5,2024-04-25,180,9644.42,Active,Low
L000180,C01656,Personal,242500.0,8.43,2025-02-05,24,144414.2,Closed,Low
L000181,C08112,Business,124900.0,10.14,2023-05-15,12,58439.73,Active,Medium
L000182,C04124,Personal,50000.0,8.75,2025-05-21,120,24418.43,Closed,Low
L000183,C06858,Auto,116800.0,8.52,2022-04-25,84,19627.63,Active,Medium
L000184,C09703,Personal,118100.0,13.52,2023-07-05,36,95294.72,Active,High
L000185,C12373,Personal,133500.0,14.24,2022-03-20,48,39418.09,Active,Low
L000186,C08641,Personal,92900.0,15.02,2024-11-07,60,13182.18,Active,Low
L000187,C09840,Home,312300.0,15.81,2022-05-03,180,282920.84,Closed,Low
L000188,C07485,Home,213800.0,7.2,2022-10-02,240,200453.17,Active,Medium
L000189,C01080,Home,156100.0,15.47,2023-08-12,12,58815.05,Active,Low
L000190,C09473,Personal,205000.0,7.25,2023-03-31,180,176538.32,Active,Low
L000191,C05274,Business,273200.0,15.07,2023-09-26,36,144188.85,Active,Medium
L000192,C06624,Auto,102900.0,10.6,2022-03-17,36,51619.05,Active,Low
L000193,C11087,Home,272400.0,6.92,2024-03-03,240,89765.97,Active,Medium
L000194,C04969,Auto,136100.0,9.98,2024-08-02,84,10344.12,Active,High
L000195,C06115,Personal,162600.0,13.26,2022-11-08,36,84422.48,Active,Low
L000196,C02574,Personal,518000.0,15.8,2023-01-24,84,418915.38,Active,High
L000197,C09039,Home,682400.0,11.11,2025-09-05,60,202213.2,Active,Low
L000198,C03729,Home,143400.0,9.03,2025-09-30,36,76755.17,Closed,Medium
L000199,C04161,Business,131900.0,11.74,2025-03-04,24,102407.56,Active,Medium
L000200,C06037,Personal,588900.0,10.15,2024-08-11,24,223604.26,Active,Medium
L000201,C03174,Auto,81900.0,10.07,2022-09-08,12,27804.44,Active,Medium
L000202,C08459,Personal,199100.0,8.1,2024-04-08,84,17379.26,Overdue,Low
L000203,C01746,Personal,519500.0,9.64,2022-12-09,48,43747.75,Active,Medium
L000204,C04807,Personal,142200.0,9.35,2023-05-19,48,128978.73,Closed,High
L000205,C08166,Education,159400.0,12.6,2025-03-17,24,118411.55,Active,Medium
L000206,C05887,Home,76600.0,14.02,2022-04-20,84,70406.02,Active,Low
L000207,C08686,Home,55600.0,14.25,2025-09-30,60,9528.86,Active,Medium
L000208,C00454,Home,60100.0,7.68,2025-10-12,240,3276.48,Active,Low
L000209,C13807,Home,206000.0,11.86,2022-03-08,48,167162.18,Active,Low
L000210,C08126,Personal,445100.0,14.68,2025-09-07,24,161672.29,Closed,High
L000211,C12820,Auto,1250700.0,6.97,2022-01-23,12,179030.34,Active,High
L000212,C07245,Auto,55700.0,14.32,2022-05-03,84,38012.5,Overdue,Low
L000213,C09880,Personal,67000.0,11.44,2022-01-12,36,23897.37,Closed,Medium
L000214,C06978,Personal,118200.0,10.62,2022-10-14,180,32363.15,Active,Medium
L000215,C02903,Personal,517100.0,13.67,2023-01-01,60,240573.39,Active,Low
L000216,C06304,Auto,371600.0,13.13,2023-10-09,12,93109.82,Active,Low
L000217,C11829,Auto,64600.0,13.76,2023-11-14,60,23200.01,Closed,Low
L000218,C12011,Personal,232600.0,13.86,2025-09-10,180,98370.8,Closed,High
L000219,C05442,Auto,369500.0,7.41,2022-10-29,180,168188.27,Active,Medium
L000220,C03967,Business,98800.0,8.9,2024-05-20,60,48145.97,Closed,Low
L000221,C10897,Home,157100.0,12.66,2025-12-18,48,47614.44,Active,Low
L000222,C11685,Education,671700.0,13.27,2022-10-24,84,393670.34,Closed,Low
L000223,C02548,Home,255800.0,8.08,2025-07-03,48,120128.93,Closed,High
L000224,C14329,Home,283200.0,10.37,2024-01-09,60,184884.86,Active,Low
L000225,C08756,Home,144000.0,7.9,2025-07-16,12,91942.2,Active,Medium
L000226,C00681,Home,109300.0,10.32,2025-10-30,120,23730.68,Active,Low
L000227,C05329,Business,83200.0,6.93,2023-01-15,60,4828.28,Active,Low
L000228,C14980,Education,128200.0,12.56,2024-08-07,24,29927.3,Closed,Low
L000229,C07935,Home,208800.0,12.67,2023-08-07,12,105080.67,Active,Low
L000230,C02950,Home,113800.0,13.46,2022-10-13,48,55059.59,Overdue,Low
L000231,C14558,Auto,71200.0,15.41,2023-02-03,60,56229.87,Closed,Medium
L000232,C14756,Home,303700.0,8.68,2023-01-09,120,44408.44,Active,Medium
L000233,C09021,Home,418900.0,13.27,2024-08-17,180,151101.22,Closed,Medium
L000234,C02114,Education,96100.0,7.02,2023-03-18,48,58441.08,Active,Medium
L000235,C03766,Education,94200.0,15.69,2024-10-15,84,7111.78,Overdue,Low
L000236,C00746,Home,625600.0,14.17,2023-04-24,48,271006.45,Active,Low
L000237,C07260,Home,732500.0,9.34,2025-01-10,36,683922.08,Closed,Medium
L000238,C14909,Personal,138300.0,15.6,2022-03-09,36,10926.11,Active,Low
L000239,C00454,Education,268700.0,12.54,2024-09-26,180,75437.84,Active,Low
L000240,C13308,Home,52500.0,14.16,2023-03-15,120,32043.85,Closed,Medium
L000241,C12672,Personal,625400.0,11.1,2025-09-25,240,459018.97,Active,Low
L000242,C04193,Business,129400.0,6.99,2022-07-19,48,35177.21,Active,Low
L000243,C02278,Business,372500.0,14.49,2023-10-02,120,308729.1,Active,Medium
L000244,C01723,Home,373900.0,13.03,2023-01-03,48,290385.93,Closed,Low
L000245,C05956,Business,76800.0,12.31,2023-08-05,60,61689.31,Closed,Medium
L000246,C10859,Home,81200.0,8.04,2023-07-24,120,59894.08,Closed,High
L000247,C14995,Auto,313200.0,7.14,2022-11-23,180,17258.48,Active,Low
L000248,C07231,Auto,229100.0,13.99,2022-12-21,48,171530.86,Active,Low
L000249,C09522,Home,179800.0,11.04,2025-06-26,36,10659.21,Active,Low
L000250,C05599,Auto,267500.0,10.69,2025-04-11,48,220270.83,Active,Medium
L000251,C00292,Business,186900.0,14.88,2025-04-12,24,153422.71,Overdue,Medium
L000252,C14606,Auto,621800.0,11.23,2022-07-11,24,437296.51,Active,High
L000253,C08522,Education,50900.0,14.93,2025-05-30,12,20409.41,Active,High
L000254,C06874,Home,372700.0,7.87,2024-03-03,60,262078.58,Active,Medium
L000255,C12351,Education,339200.0,7.6,2022-04-30,120,228883.62,Active,Low
L000256,C07949,Personal,101800.0,13.0,2022-02-26,84,74011.15,Active,Low
L000257,C07682,Home,57200.0,12.18,2023-02-28,24,33040.79,Active,Low
L000258,C08075,Auto,50000.0,10.97,2023-11-21,240,28811.16,Active,Medium
L000259,C14183,Auto,256100.0,15.9,2022-03-26,84,181244.97,Active,Medium
L000260,C06577,Business,114400.0,15.05,2022-10-23,24,76738.63,Active,High
L000261,C07833,Auto,55500.0,8.51,2022-08-02,120,6348.49,Active,High
L000262,C03156,Personal,234800.0,7.25,2024-05-15,36,182197.01,Active,Low
L000263,C04548,Auto,242600.0,13.85,2023-11-14,36,82729.4,Active,Low
L000264,C12671,Personal,89800.0,11.38,2024-08-13,120,13912.91,Active,Medium
L000265,C13593,Personal,71000.0,8.19,2023-11-16,240,40339.98,Active,Medium
L000266,C01555,Business,135700.0,10.67,2023-04-17,36,9962.34,Active,Low
L000267,C05125,Auto,157600.0,10.75,2022-11-07,240,44112.02,Active,Low
L000268,C05516,Home,84000.0,7.86,2025-10-13,240,21749.8,Closed,Low
L000269,C05224,Home,117900.0,15.82,2022-05-03,36,29788.08,Active,Low
L000270,C07531,Home,306600.0,9.22,2025-08-21,240,202123.32,Defaulted,Medium
L000271,C12316,Personal,382000.0,14.17,2025-08-18,84,103706.34,Active,Low
L000272,C07014,Personal,353800.0,6.94,2022-02-14,60,182758.13,Active,Low
L000273,C07794,Personal,146600.0,13.19,2025-03-21,240,132366.35,Active,Medium
L000274,C04434,Personal,61500.0,10.46,2024-01-15,180,8290.34,Active,Medium
L000275,C00998,Home,263000.0,8.49,2025-11-25,12,226402.68,Closed,Medium
L000276,C03944,Personal,278000.0,11.88,2025-05-24,24,140027.66,Active,Low
L000277,C00226,Education,428300.0,7.1,2025-01-19,24,281687.72,Overdue,Low
L000278,C12933,Home,110800.0,15.8,2023-05-05,84,8087.28,Active,Medium
L000279,C05786,Personal,372600.0,9.19,2024-12-27,84,287837.88,Overdue,Medium
L000280,C06277,Personal,91800.0,7.89,2024-09-13,60,31115.87,Active,High
L000281,C09084,Personal,260600.0,7.03,2024-05-14,36,121083.8,Active,Medium
L000282,C08630,Personal,136000.0,11.92,2022-05-11,36,87065.12,Active,Medium
L000283,C09839,Business,224800.0,12.34,2025-02-21,180,12246.24,Active,Low
L000284,C00496,Personal,126500.0,7.26,2023-05-11,120,14062.32,Active,Low
L000285,C07807,Home,546600.0,14.44,2023-01-02,48,190619.98,Active,Low
L000286,C06385,Personal,91400.0,8.51,2024-10-15,120,36830.9,Active,Low
L000287,C12957,Home,876700.0,7.95,2022-12-25,24,301679.58,Closed,Medium
L000288,C03483,Personal,241500.0,8.12,2022-10-11,60,80902.58,Closed,Medium
L000289,C07477,Personal,156100.0,13.17,2025-05-26,60,10830.87,Active,High
L000290,C10799,Home,130000.0,10.65,2023-06-28,84,15242.39,Active,Low
L000291,C03234,Personal,205800.0,6.55,2023-09-05,180,102027.05,Closed,Low
L000292,C10974,Home,151500.0,11.47,2024-09-23,48,18962.56,Active,Medium
L000293,C09550,Home,93500.0,8.54,2022-10-14,60,43162.39,Active,Low
L000294,C12754,Personal,181300.0,14.29,2022-11-19,12,9404.67,Active,Low
L000295,C08322,Home,492200.0,7.37,2024-09-24,48,146192.75,Closed,Low
L000296,C05355,Auto,572600.0,14.16,2022-04-12,84,358462.03,Defaulted,Low
L000297,C04848,Auto,164000.0,12.65,2024-07-24,84,116961.85,Closed,High
L000298,C11612,Personal,217100.0,12.69,2024-06-14,84,196130.94,Active,Low
L000299,C06469,Personal,333800.0,12.36,2025-06-30,24,72315.08,Active,Low
L000300,C11435,Personal,216200.0,13.66,2025-03-14,48,99485.16,Active,Medium
L000301,C13453,Personal,192200.0,8.03,2025-03-08,180,145522.05,Closed,Low
L000302,C06039,Personal,272400.0,8.52,2022-04-28,36,174380.3,Closed,Medium
L000303,C05880,Auto,50000.0,12.44,2025-09-27,60,11431.09,Active,Low
L000304,C05370,Home,242300.0,15.0,2025-05-26,48,182094.32,Active,Low
L000305,C05887,Business,244400.0,16.1,2024-05-08,60,59186.29,Active,Low
L000306,C08088,Education,270000.0,6.75,2022-11-18,12,229463.76,Overdue,Low
L000307,C07305,Personal,190500.0,7.06,2024-04-26,240,88380.89,Closed,Low
L000308,C09078,Home,221000.0,15.18,2024-02-07,60,164180.5,Active,Low
L000309,C00271,Personal,53800.0,6.83,2023-05-19,84,23732.48,Active,Low
L000310,C12300,Home,128600.0,10.3,2023-08-01,240,9586.76,Active,Low
L000311,C08958,Auto,62200.0,12.74,2024-02-08,36,54764.86,Overdue,Low
L000312,C01056,Auto,582200.0,11.56,2025-06-13,48,352150.17,Active,High
L000313,C13816,Personal,140500.0,12.04,2022-10-19,36,27660.74,Active,Low
L000314,C13484,Home,257300.0,10.81,2024-01-26,180,80645.66,Active,Medium
L000315,C13282,Personal,161600.0,11.44,2024-12-06,180,125511.17,Active,Medium
L000316,C05365,Personal,94000.0,8.89,2024-03-24,240,33044.01,Active,Low
L000317,C10043,Education,151300.0,15.05,2025-04-18,24,35732.19,Active,Low
L000318,C14220,Home,119100.0,13.21,2022-12-12,36,27744.86,Active,Medium
L000319,C05985,Home,196500.0,15.29,2022-10-20,48,179389.31,Active,Low
L000320,C01820,Personal,50000.0,9.99,2023-08-05,60,6685.49,Active,Low
L000321,C14215,Business,241900.0,6.73,2024-02-24,36,215900.16,Active,Low
L000322,C12630,Personal,50000.0,16.31,2023-11-26,180,36293.08,Active,Low
L000323,C01116,Personal,219000.0,12.55,2022-06-05,60,120910.6,Active,Medium
L000324,C11824,Auto,112700.0,7.0,2023-12-24,84,40995.47,Active,Medium
L000325,C11105,Education,770200.0,7.82,2023-03-28,12,535870.8,Active,Low
L000326,C13777,Auto,349100.0,15.79,2024-01-03,60,233440.75,Active,Low
L000327,C13198,Personal,278600.0,11.86,2025-08-31,60,228442.6,Active,Low
L000328,C02676,Auto,156000.0,14.11,2023-04-23,36,81321.42,Active,Low
L000329,C10165,Auto,50000.0,9.35,2025-09-08,120,23408.89,Active,Medium
L000330,C02190,Home,288800.0,6.83,2023-07-10,180,198918.86,Closed,Low
L000331,C12383,Home,243900.0,8.43,2023-11-07,84,192667.45,Closed,High
L000332,C06133,Auto,67000.0,13.41,2025-03-28,180,58621.92,Active,Medium
L000333,C05452,Personal,83600.0,8.46,2025-02-05,48,26598.72,Overdue,Medium
L000334,C09016,Personal,117700.0,10.28,2025-05-09,120,15083.97,Defaulted,Low
L000335,C00398,Home,303000.0,12.63,2023-11-21,240,208268.32,Active,Medium
L000336,C14485,Business,205500.0,12.32,2023-02-18,120,45508.22,Active,High
L000337,C10650,Auto,105100.0,13.6,2022-12-06,60,45313.13,Active,Medium
L000338,C04233,Auto,63100.0,13.4,2023-08-13,180,15102.38,Overdue,Low
L000339,C13450,Home,174000.0,7.78,2022-06-16,24,130988.13,Active,Low
L000340,C11610,Auto,174600.0,11.58,2022-12-14,60,152249.41,Active,Low
L000341,C09094,Auto,67500.0,11.31,2022-10-29,84,37281.68,Active,Low
L000342,C10776,Business,412900.0,7.0,2023-02-14,120,141682.32,Active,Low
L000343,C00869,Auto,615900.0,8.91,2023-12-13,240,57430.35,Active,Medium
L000344,C10585,Personal,104600.0,14.15,2025-12-08,180,28392.65,Active,Low
L000345,C14774,Personal,103400.0,7.95,2025-10-23,120,12131.39,Closed,Medium
L000346,C10197,Home,435900.0,15.63,2023-12-11,12,324497.69,Active,Medium
L000347,C04441,Auto,537500.0,12.29,2023-10-18,240,300249.3,Closed,Medium
L000348,C00947,Home,123300.0,11.56,2023-07-22,180,7066.35,Active,Low
L000349,C03514,Home,93600.0,15.96,2023-10-24,36,86272.59,Closed,Low
L000350,C00279,Auto,70000.0,8.54,2025-01-02,84,36252.57,Active,High
L000351,C00050,Education,383900.0,10.93,2022-10-01,36,84460.18,Active,Low
L000352,C03343,Personal,304700.0,14.95,2022-02-10,36,75216.63,Closed,Medium
L000353,C14181,Personal,339400.0,10.26,2025-05-27,48,126951.42,Active,High
L000354,C14234,Education,270800.0,10.34,2022-06-24,180,158143.38,Active,Medium
L000355,C10475,Home,199900.0,8.82,2023-11-01,24,52603.03,Active,Medium
L000356,C04245,Auto,437100.0,10.03,2022-05-05,48,190928.14,Active,Low
L000357,C12984,Personal,50000.0,8.23,2022-11-25,180,45304.44,Active,Medium
L000358,C00536,Auto,61400.0,13.18,2023-02-07,240,56069.26,Active,Medium
L000359,C02983,Personal,60600.0,8.88,2022-02-09,24,48840.61,Active,Medium
L000360,C02401,Home,108800.0,14.07,2023-09-05,120,75413.35,Active,Medium
L000361,C11949,Personal,50000.0,10.06,2022-03-25,36,22072.81,Active,Medium
L000362,C04947,Personal,189000.0,12.7,2022-11-30,180,131829.82,Active,Medium
L000363,C05753,Home,129500.0,10.78,2022-12-04,24,78935.34,Active,Low
L000364,C02752,Home,179900.0,14.18,2025-06-07,48,38600.27,Active,Low
L000365,C10631,Auto,119000.0,7.99,2024-09-19,120,69245.08,Closed,Low
L000366,C06971,Home,64400.0,8.16,2022-03-19,24,27831.64,Active,Low
L000367,C03676,Home,126700.0,12.6,2023-11-04,12,118582.62,Active,Medium
L000368,C04235,Personal,471100.0,11.49,2024-11-12,36,215160.21,Active,Low
L000369,C10920,Home,328800.0,10.14,2023-11-04,24,194929.49,Active,Low
L000370,C04097,Home,220000.0,15.2,2025-12-18,36,122573.78,Closed,Low
L000371,C13751,Education,82400.0,11.43,2022-12-01,120,51656.61,Closed,Medium
L000372,C09764,Personal,112800.0,16.14,2023-06-17,84,45968.49,Overdue,Medium
L000373,C09476,Home,503400.0,9.0,2025-12-20,60,400084.81,Active,Low
L000374,C12117,Auto,169400.0,9.51,2023-02-19,48,111324.64,Closed,Low
L000375,C02838,Home,50000.0,16.45,2025-02-17,36,26285.51,Active,Medium
L000376,C13588,Auto,278100.0,14.33,2022-08-19,48,237985.16,Active,Low
L000377,C13832,Auto,880800.0,8.22,2023-06-22,180,348100.92,Closed,Low
L000378,C02052,Business,50000.0,12.88,2022-11-07,240,45925.57,Defaulted,Medium
L000379,C03655,Personal,230100.0,12.0,2025-04-15,60,41012.58,Closed,Low
L000380,C09509,Auto,451200.0,10.69,2024-05-19,48,323918.71,Active,High
L000381,C10921,Personal,67900.0,10.64,2025-12-21,48,9771.9,Active,Low
L000382,C09228,Education,70500.0,8.3,2023-05-15,48,24974.6,Active,Low
L000383,C11251,Personal,170700.0,15.08,2025-02-12,36,131728.08,Active,Low
L000384,C07488,Home,941400.0,15.09,2025-02-09,48,573019.32,Closed,Medium
L000385,C06352,Home,62200.0,9.83,2022-01-19,36,24575.93,Active,Medium
L000386,C03344,Business,183600.0,10.64,2022-09-30,48,95660.32,Active,Medium
L000387,C03419,Personal,530100.0,15.86,2022-02-22,84,345205.71,Active,High
L000388,C10054,Personal,50000.0,10.91,2023-07-08,36,39084.06,Defaulted,Medium
L000389,C03048,Business,57000.0,16.46,2023-06-21,84,14126.68,Active,High
L000390,C09846,Personal,208000.0,11.09,2024-12-27,240,166894.55,Active,Low
L000391,C03359,Home,456200.0,15.81,2023-09-27,48,364959.08,Active,Low
L000392,C00270,Home,407500.0,15.57,2023-07-25,120,322027.38,Active,Medium
L000393,C01973,Home,50000.0,12.23,2024-07-25,180,35184.94,Closed,Low
L000394,C14419,Home,263500.0,14.66,2025-07-16,60,95908.33,Closed,Low
L000395,C03113,Personal,133900.0,11.89,2023-01-02,60,20491.99,Active,High
L000396,C00055,Home,57500.0,14.7,2023-12-17,84,32588.74,Active,Medium
L000397,C11651,Home,181500.0,6.8,2025-08-16,36,107770.22,Active,Low
L000398,C05761,Personal,167500.0,12.53,2022-12-26,180,65171.52,Closed,Low
L000399,C06055,Personal,547400.0,8.91,2023-01-17,120,264820.14,Active,Medium
L000400,C02235,Home,154200.0,7.85,2024-05-05,240,80423.53,Active,Medium
L000401,C10031,Personal,226600.0,8.25,2022-09-23,240,123347.76,Active,High
L000402,C00455,Home,594600.0,14.5,2025-07-19,60,371407.9,Active,Medium
L000403,C09787,Personal,186900.0,12.03,2023-05-21,240,37765.46,Closed,Medium
L000404,C07944,Personal,205900.0,8.61,2022-10-04,24,182681.19,Active,Low
L000405,C04190,Home,124600.0,16.12,2025-02-24,180,116294.91,Active,Low
L000406,C12545,Personal,838100.0,14.52,2024-11-04,48,244511.4,Active,Medium
L000407,C09213,Home,209000.0,10.28,2024-11-25,240,78820.53,Active,High
L000408,C08489,Home,680800.0,9.72,2025-01-10,60,334717.73,Closed,Low
L000409,C10136,Education,261000.0,10.77,2024-12-23,60,159500.51,Active,Low
L000410,C10173,Business,234600.0,13.81,2025-08-03,12,89503.97,Defaulted,High
L000411,C01930,Home,124200.0,12.68,2025-11-01,12,108315.89,Active,Low
L000412,C09698,Education,82500.0,14.4,2022-09-30,120,5210.31,Overdue,Medium
L000413,C04924,Personal,595100.0,7.65,2024-08-31,120,55805.14,Active,Medium
L000414,C13741,Auto,474900.0,15.83,2022-11-20,48,319529.62,Active,Low
L000415,C02530,Business,117700.0,8.2,2024-11-13,24,52550.99,Closed,Low
L000416,C04114,Personal,79700.0,10.89,2022-10-15,24,39090.75,Closed,Low
L000417,C14978,Business,199300.0,8.2,2023-05-10,48,120591.97,Active,Low
L000418,C00912,Home,78300.0,14.48,2023-01-10,48,53804.71,Active,Low
L000419,C08298,Personal,1070100.0,8.96,2025-10-28,12,230358.41,Active,Medium
L000420,C01602,Home,1031000.0,13.06,2023-09-11,120,113168.28,Closed,Low
L000421,C04143,Education,142100.0,14.89,2024-10-30,180,44427.17,Active,Low
L000422,C12689,Personal,57000.0,15.63,2023-10-19,240,15206.72,Active,Low
L000423,C06982,Home,50000.0,6.65,2025-03-08,24,39137.34,Closed,Medium
L000424,C00363,Education,259500.0,12.68,2023-12-18,240,43585.66,Closed,Low
L000425,C13487,Auto,67400.0,6.98,2024-06-04,48,49144.32,Active,Low
L000426,C01247,Personal,61400.0,13.86,2022-08-28,48,32796.69,Overdue,Low
L000427,C09679,Personal,436400.0,13.9,2024-11-13,120,173600.75,Active,Low
L000428,C05513,Home,192700.0,16.02,2024-04-19,120,105319.61,Defaulted,Medium
L000429,C07960,Personal,97300.0,15.22,2025-08-15,24,83131.79,Active,Low
L000430,C11041,Home,94700.0,7.87,2023-10-22,84,79044.39,Active,High
L000431,C08187,Business,347300.0,11.17,2022-09-11,240,193866.5,Active,Low
L000432,C14609,Auto,474600.0,14.7,2025-09-06,60,68745.4,Active,High
L000433,C06247,Home,112800.0,11.85,2022-08-25,84,76757.66,Active,Low
L000434,C08596,Auto,268800.0,7.89,2024-02-24,180,88172.9,Active,Low
L000435,C12482,Personal,265000.0,9.97,2024-07-20,120,17231.94,Active,Medium
L000436,C12967,Home,165300.0,11.28,2023-11-13,12,49082.14,Active,Medium
L000437,C10669,Home,330200.0,7.3,2023-04-11,60,254357.71,Closed,Low
L000438,C06521,Home,237300.0,16.01,2024-08-05,36,125332.5,Closed,Low
L000439,C02801,Home,440700.0,14.24,2022-03-10,12,179508.56,Active,Medium
L000440,C11188,Home,76000.0,8.66,2024-12-15,120,8047.39,Active,Low
L000441,C10334,Home,524500.0,9.25,2022-09-29,240,62102.34,Active,High
L000442,C07533,Personal,132200.0,6.87,2024-02-27,240,54314.28,Closed,Low
L000443,C11550,Home,532200.0,7.0,2024-05-31,84,412349.26,Active,Medium
L000444,C05588,Home,358700.0,10.38,2024-02-20,180,91473.78,Active,Low
L000445,C05976,Education,135700.0,9.73,2023-03-11,60,80322.99,Closed,Low
L000446,C07763,Business,50000.0,14.49,2025-10-14,180,33262.82,Active,High
L000447,C01978,Business,542300.0,14.89,2022-01-30,240,264676.63,Active,Medium
L000448,C06666,Home,747100.0,8.39,2025-03-16,84,299424.32,Active,High
L000449,C09997,Personal,434500.0,9.55,2022-07-15,12,110530.29,Active,Low
L000450,C08172,Education,320200.0,11.54,2025-01-20,60,226695.75,Overdue,Medium
L000451,C01550,Home,3238100.0,8.36,2025-07-25,12,887553.71,Active,Low
L000452,C13669,Education,114000.0,7.91,2022-12-12,180,52607.57,Closed,Low
L000453,C11780,Home,237800.0,6.85,2022-06-09,60,189591.95,Active,Low
L000454,C03391,Personal,251200.0,12.77,2023-12-21,48,96767.72,Active,Low
L000455,C06403,Home,65900.0,15.27,2024-01-10,48,22614.67,Active,Medium
L000456,C03862,Personal,399800.0,7.59,2023-04-30,120,373504.96,Active,Low
L000457,C03278,Home,113100.0,8.38,2024-11-08,12,74577.17,Active,Low
L000458,C06931,Auto,311800.0,12.44,2023-05-06,180,111605.57,Active,Medium
L000459,C07592,Personal,278400.0,16.33,2024-10-14,48,91604.08,Active,Low
L000460,C00768,Personal,397400.0,14.83,2024-11-04,60,56359.74,Closed,Low
L000461,C10563,Home,111100.0,9.17,2025-01-20,240,73837.47,Active,Medium
L000462,C00112,Home,144200.0,15.99,2024-10-27,240,38913.05,Active,Low
L000463,C08524,Home,86200.0,13.69,2023-10-11,36,66363.25,Active,Medium
L000464,C06137,Personal,176400.0,9.64,2022-09-02,12,81698.48,Active,Medium
L000465,C01250,Personal,151400.0,15.16,2025-09-27,60,130534.89,Closed,Medium
L000466,C07743,Home,76000.0,13.11,2025-03-31,36,34859.84,Active,Medium
L000467,C05103,Home,69600.0,15.11,2023-11-07,12,40609.84,Active,Medium
L000468,C07872,Personal,313600.0,11.82,2025-09-21,24,38632.03,Active,High
L000469,C07877,Auto,119500.0,9.95,2023-12-19,48,79316.83,Active,Low
L000470,C08685,Auto,147700.0,9.36,2023-03-09,60,137743.81,Overdue,High
L000471,C10431,Home,111400.0,13.9,2024-08-27,24,32167.16,Closed,Low
L000472,C07691,Personal,150300.0,14.16,2025-09-11,84,111130.44,Overdue,Low
L000473,C03616,Education,118500.0,10.95,2024-02-01,12,109988.93,Active,Medium
L000474,C12893,Personal,63400.0,6.69,2024-10-30,84,14748.82,Active,Low
L000475,C10930,Education,386700.0,7.38,2025-08-18,24,305854.83,Active,Low
L000476,C01324,Home,53900.0,6.53,2025-11-03,12,45107.23,Active,Low
L000477,C07808,Personal,100500.0,7.91,2025-03-10,36,14033.87,Active,Low
L000478,C04325,Auto,594200.0,8.26,2023-08-15,36,536893.37,Active,Low
L000479,C06914,Personal,174400.0,7.99,2025-01-08,36,44241.29,Closed,Low
L000480,C09351,Education,295100.0,14.9,2023-06-12,12,85678.38,Closed,Medium
L000481,C04937,Home,50000.0,12.63,2024-11-13,84,34847.0,Active,Low
L000482,C08722,Personal,168700.0,6.7,2022-02-02,240,24444.77,Active,High
L000483,C13737,Home,238700.0,7.04,2023-04-04,120,188505.02,Closed,Low
L000484,C10789,Personal,298100.0,7.96,2023-03-12,60,106961.96,Active,Low
L000485,C12115,Personal,289800.0,13.35,2022-06-14,240,270546.18,Active,Low
L000486,C07375,Personal,170400.0,9.26,2022-05-20,180,62951.92,Closed,Low
L000487,C07101,Personal,50000.0,9.03,2025-07-22,24,46396.33,Closed,High
L000488,C12130,Business,84700.0,14.49,2025-03-02,84,53107.69,Active,Medium
L000489,C01469,Home,258500.0,7.91,2022-06-03,60,73086.22,Active,Low
L000490,C13628,Business,174200.0,13.25,2025-10-27,240,13439.1,Closed,Medium
L000491,C14504,Personal,199200.0,11.69,2025-03-10,48,144861.46,Active,Low
L000492,C01991,Home,91400.0,8.13,2023-05-06,240,25365.01,Active,Low
L000493,C00887,Personal,68900.0,11.83,2025-12-07,36,22342.11,Overdue,Low
L000494,C00302,Home,432000.0,12.61,2023-05-17,24,276968.48,Closed,Low
L000495,C03431,Personal,50000.0,11.24,2024-01-20,48,41880.23,Active,Low
L000496,C06170,Personal,136100.0,6.92,2022-07-15,24,29509.89,Active,High
L000497,C01521,Auto,220800.0,15.83,2025-02-17,180,180368.52,Active,Medium
L000498,C01041,Education,998600.0,9.72,2023-05-01,240,736265.17,Active,Medium
L000499,C10569,Auto,167800.0,9.73,2025-07-19,12,90135.01,Active,Medium
L000500,C09175,Home,50000.0,9.72,2025-01-14,120,19530.73,Active,Medium
L000501,C03136,Personal,252400.0,8.58,2023-09-16,84,58982.75,Overdue,Medium
L000502,C09844,Business,141600.0,8.25,2024-07-08,12,88328.0,Active,Low
L000503,C13991,Personal,750600.0,12.42,2022-07-05,240,577947.98,Closed,Low
L000504,C04171,Education,131400.0,14.77,2025-09-15,12,120566.49,Active,Low
L000505,C07260,Home,177400.0,15.93,2024-04-25,84,69141.33,Active,High
L000506,C03736,Home,139000.0,8.71,2023-02-08,12,30910.65,Overdue,Low
L000507,C07035,Education,118500.0,15.57,2023-08-19,60,67107.53,Active,Medium
L000508,C05737,Auto,51400.0,8.05,2023-12-05,36,10747.47,Active,Low
L000509,C09728,Business,111900.0,16.26,2022-12-07,12,50218.98,Defaulted,Medium
L000510,C00789,Business,557200.0,11.99,2023-11-13,12,233921.59,Closed,Low
L000511,C11939,Personal,84200.0,14.76,2022-07-01,84,25273.2,Active,Low
L000512,C07521,Home,149000.0,14.8,2024-02-25,48,115442.39,Active,Medium
L000513,C02662,Personal,262100.0,8.2,2022-10-14,120,121012.26,Active,Low
L000514,C13980,Home,60000.0,15.89,2022-02-13,120,3262.69,Overdue,Low
L000515,C12882,Home,228300.0,12.06,2023-12-01,240,110584.93,Active,Low
L000516,C11815,Home,324100.0,9.34,2022-07-15,180,236708.44,Active,Medium
L000517,C10852,Home,221700.0,6.59,2022-05-04,36,170288.54,Active,High
L000518,C08148,Auto,331600.0,8.07,2025-12-11,60,91521.3,Active,High
L000519,C05353,Business,61600.0,11.89,2025-12-31,48,49922.73,Active,Medium
L000520,C06367,Home,333300.0,6.88,2025-07-01,180,302158.9,Active,Low
L000521,C10928,Personal,194200.0,6.69,2025-05-17,240,67392.09,Closed,Medium
L000522,C13556,Home,162400.0,15.13,2024-01-09,240,92433.91,Active,Low
L000523,C05266,Auto,432200.0,9.23,2024-06-28,36,282569.81,Overdue,Low
L000524,C13623,Auto,174800.0,14.93,2022-06-17,240,158565.36,Active,Low
L000525,C04162,Home,69000.0,13.58,2025-01-05,48,59416.7,Active,Low
L000526,C07370,Auto,315300.0,7.68,2025-02-18,12,144479.56,Defaulted,Medium
L000527,C06295,Auto,353300.0,12.32,2023-01-12,180,302768.93,Active,Medium
L000528,C12479,Home,55000.0,9.0,2022-11-27,84,15595.53,Closed,High
L000529,C11809,Home,111600.0,13.76,2025-06-29,36,67093.49,Active,High
L000530,C14459,Personal,50000.0,14.8,2024-01-12,24,30530.99,Closed,Medium
L000531,C13851,Home,73400.0,9.79,2023-05-14,120,16375.38,Active,Medium
L000532,C10518,Auto,195100.0,12.97,2022-10-14,60,34574.53,Active,Low
L000533,C09641,Business,50000.0,15.47,2025-03-10,12,18551.79,Active,High
L000534,C07417,Personal,134200.0,7.96,2022-06-19,240,106325.18,Active,Low
L000535,C10341,Personal,215100.0,13.75,2025-08-23,48,70816.39,Closed,Medium
L000536,C03487,Home,231700.0,8.29,2025-11-22,48,32445.06,Active,Low
L000537,C05173,Education,1124700.0,13.3,2024-06-02,12,653927.46,Overdue,Low
L000538,C13560,Home,611000.0,15.74,2023-12-06,24,240893.42,Closed,Medium
L000539,C13094,Home,69600.0,14.58,2022-08-02,36,29952.46,Active,Low
L000540,C13388,Home,196800.0,10.31,2024-01-24,12,13329.82,Closed,High
L000541,C05751,Auto,182200.0,14.74,2023-03-11,180,111847.84,Closed,Low
L000542,C13073,Personal,148700.0,16.06,2024-03-15,36,82609.15,Active,Low
L000543,C08279,Personal,387300.0,14.38,2022-08-17,180,79092.65,Active,Medium
L000544,C11001,Education,126700.0,7.41,2022-11-21,60,34430.17,Active,Medium
L000545,C10135,Personal,104400.0,14.62,2025-03-27,24,15494.66,Active,Low
L000546,C06829,Auto,108100.0,15.42,2022-01-07,120,49857.24,Active,Low
L000547,C10864,Home,72800.0,12.29,2023-07-07,180,42323.48,Active,Medium
L000548,C03225,Home,1121700.0,14.93,2024-08-23,12,381814.89,Active,Low
L000549,C10236,Business,188500.0,10.83,2024-01-14,24,172720.16,Overdue,Low
L000550,C03150,Education,155000.0,11.12,2022-02-09,36,48623.04,Closed,Medium
L000551,C12389,Home,137700.0,7.52,2025-01-12,240,108982.34,Overdue,Low
L000552,C13193,Auto,79200.0,9.78,2023-05-16,12,50525.49,Active,Medium
L000553,C01285,Home,103300.0,9.95,2024-03-02,84,20184.98,Active,Medium
L000554,C07465,Home,382000.0,15.61,2025-03-28,120,354431.51,Overdue,Medium
L000555,C08194,Personal,113200.0,15.51,2025-11-10,48,88218.11,Overdue,Medium
L000556,C01042,Home,91300.0,14.79,2023-04-13,60,30838.93,Overdue,Low
L000557,C13718,Education,76400.0,12.74,2023-01-04,48,53254.59,Active,Medium
L000558,C03405,Personal,76200.0,8.47,2022-10-22,84,57214.73,Active,Low
L000559,C07225,Education,50000.0,8.77,2023-03-19,48,33773.8,Active,Low
L000560,C03295,Business,121700.0,9.61,2022-12-25,120,58394.27,Closed,Medium
L000561,C11754,Personal,56400.0,8.87,2025-08-24,12,53446.07,Active,Low
L000562,C14836,Home,264700.0,11.24,2025-02-16,36,13417.2,Active,High
L000563,C07834,Business,276600.0,10.22,2024-05-17,48,236969.22,Closed,Low
L000564,C13493,Home,320400.0,8.76,2022-02-14,24,254138.87,Defaulted,Low
L000565,C13397,Home,178400.0,8.78,2024-11-28,48,35289.27,Closed,Low
L000566,C09140,Personal,292900.0,10.65,2023-02-03,60,31501.63,Active,Medium
L000567,C03536,Personal,50000.0,15.06,2022-09-18,48,10734.8,Active,High
L000568,C11538,Personal,69400.0,10.92,2025-12-26,48,63458.23,Defaulted,Low
L000569,C05905,Auto,433300.0,14.25,2023-03-31,60,340728.03,Closed,Low
L000570,C14685,Home,246700.0,13.28,2023-01-26,48,31314.42,Active,Low
L000571,C09876,Auto,200700.0,6.56,2024-09-21,84,149760.23,Active,Low
L000572,C06912,Business,97700.0,8.43,2024-08-05,12,52802.13,Active,Low
L000573,C04950,Auto,116900.0,9.62,2023-02-16,240,76738.41,Active,Medium
L000574,C14691,Education,53900.0,7.66,2024-05-14,48,17724.84,Active,Medium
L000575,C08876,Home,50000.0,13.89,2023-11-15,12,44910.7,Active,Low
L000576,C02345,Personal,68800.0,10.04,2022-12-02,180,54857.28,Closed,Low
L000577,C12541,Personal,475700.0,9.94,2025-06-10,120,313045.1,Active,Low
L000578,C03972,Personal,154600.0,15.78,2024-08-27,12,102993.36,Closed,Low
L000579,C13899,Education,151400.0,13.76,2022-10-24,60,18208.02,Active,Low
L000580,C08844,Auto,424600.0,8.95,2023-12-05,48,281818.01,Active,Medium
L000581,C06349,Personal,121600.0,8.03,2025-08-30,60,29480.04,Active,Medium
L000582,C13363,Business,230600.0,8.46,2025-01-10,12,174103.13,Active,Low
L000583,C08852,Auto,180300.0,7.25,2023-10-03,24,51740.22,Active,Low
L000584,C11795,Education,102500.0,10.24,2025-05-15,48,69980.58,Active,Low
L000585,C02799,Personal,62500.0,9.74,2024-01-06,36,56882.51,Active,Low
L000586,C00119,Personal,254400.0,10.93,2025-01-30,180,198885.26,Active,Low
L000587,C03374,Business,130600.0,13.19,2024-03-30,60,100701.59,Active,Low
L000588,C10407,Home,178600.0,15.47,2024-05-06,120,110708.49,Active,Low
L000589,C13215,Personal,105500.0,9.96,2022-05-17,84,95762.31,Active,Medium
L000590,C14840,Personal,92600.0,15.01,2023-06-23,84,60971.3,Active,Low
L000591,C00660,Home,654800.0,8.14,2024-01-09,84,106268.06,Active,High
L000592,C13726,Home,50000.0,13.1,2023-06-05,12,17649.23,Active,Medium
L000593,C03333,Auto,182700.0,9.45,2025-12-03,48,127568.67,Overdue,Low
L000594,C05316,Auto,80000.0,14.95,2023-01-31,84,4894.61,Active,Low
L000595,C06380,Home,50000.0,9.17,2022-08-28,180,37531.35,Active,Medium
L000596,C02797,Home,155300.0,7.89,2025-10-31,180,91161.03,Closed,Medium
L000597,C11764,Education,217000.0,10.62,2023-07-24,24,199766.62,Overdue,Low
L000598,C04118,Personal,63300.0,9.89,2024-08-06,180,34148.95,Overdue,Low
L000599,C05776,Personal,190200.0,14.42,2023-01-10,36,154058.04,Active,Low
L000600,C01751,Personal,1053000.0,15.07,2022-12-01,60,123573.53,Active,Medium
L000601,C10157,Business,412800.0,14.6,2024-08-23,240,292725.75,Overdue,Medium
L000602,C02065,Education,107500.0,14.36,2023-10-08,12,78133.76,Active,Low
L000603,C07909,Home,50000.0,15.13,2023-05-01,48,41550.71,Closed,Low
L000604,C02835,Home,167000.0,16.49,2022-02-21,180,64760.51,Active,Low
L000605,C00302,Personal,117600.0,13.77,2025-07-07,36,72492.97,Active,Low
L000606,C10043,Personal,144400.0,8.07,2024-09-04,24,61475.17,Active,Low
L000607,C08132,Home,50000.0,7.39,2022-06-02,24,31158.74,Overdue,Low
L000608,C04284,Auto,232400.0,13.27,2024-04-30,24,24235.7,Closed,High
L000609,C14462,Education,50000.0,15.01,2022-05-08,36,3292.64,Overdue,Medium
L000610,C14016,Personal,53600.0,9.5,2023-09-08,84,46514.15,Closed,High
L000611,C04531,Personal,340800.0,13.95,2024-07-18,60,57082.01,Overdue,Medium
L000612,C03781,Auto,170800.0,11.69,2022-07-29,180,22109.16,Defaulted,Low
L000613,C11677,Auto,269500.0,9.17,2025-05-30,180,196292.67,Closed,Low
L000614,C02335,Auto,180700.0,9.64,2022-01-17,84,95259.59,Closed,High
L000615,C03914,Business,54300.0,15.3,2022-09-13,120,37222.75,Active,Medium
L000616,C13626,Personal,328900.0,7.96,2022-08-21,24,34159.43,Active,Medium
L000617,C02453,Home,162300.0,16.12,2024-02-14,84,85003.02,Active,Low
L000618,C14081,Personal,128200.0,7.92,2023-01-13,180,109900.77,Active,Low
L000619,C05565,Education,73000.0,8.53,2025-01-21,36,66265.65,Closed,Low
L000620,C13228,Home,71000.0,14.54,2024-03-26,180,24893.87,Closed,Low
L000621,C03647,Home,326500.0,8.93,2024-08-19,240,137186.46,Active,Low
L000622,C05600,Auto,107900.0,14.97,2024-05-28,120,39424.25,Closed,Low
L000623,C12264,Personal,125400.0,11.96,2023-10-28,240,108744.32,Active,Low
L000624,C09153,Personal,301000.0,9.85,2023-11-18,36,239052.72,Overdue,Low
L000625,C01406,Personal,50000.0,11.32,2024-10-29,84,4664.52,Active,Medium
L000626,C01798,Auto,194000.0,16.08,2024-03-31,48,128042.28,Closed,Low
L000627,C11619,Personal,139100.0,14.82,2025-10-07,24,113236.44,Active,Low
L000628,C06811,Business,225500.0,9.99,2025-12-08,180,114935.27,Defaulted,Low
L000629,C11566,Home,421900.0,9.6,2024-09-07,120,316229.49,Active,High
L000630,C11691,Home,178600.0,11.76,2024-07-22,24,60063.15,Closed,High
L000631,C10382,Home,100800.0,7.05,2025-10-06,24,12402.8,Active,Medium
L000632,C10893,Home,162800.0,14.67,2025-07-12,240,25451.89,Active,Medium
L000633,C09140,Home,56400.0,13.63,2023-10-28,60,25800.53,Active,Low
L000634,C12716,Personal,281700.0,10.43,2024-03-28,24,73108.68,Active,Medium
L000635,C03264,Business,124800.0,7.72,2022-01-21,48,111126.69,Active,Low
L000636,C11446,Home,636600.0,8.47,2023-06-30,84,233248.35,Active,Low
L000637,C10600,Home,198100.0,8.87,2024-08-15,36,70453.96,Active,Low
L000638,C01501,Home,103100.0,7.95,2022-01-23,24,9644.03,Defaulted,Medium
L000639,C07068,Home,210800.0,12.99,2024-01-06,84,41161.93,Active,Medium
L000640,C12890,Personal,50000.0,7.52,2024-11-22,60,27888.19,Overdue,Medium
L000641,C01097,Personal,119300.0,13.15,2023-05-25,36,29114.02,Active,High
L000642,C10988,Auto,83400.0,13.15,2022-01-25,180,31492.42,Active,Low
L000643,C09129,Business,50000.0,10.24,2023-07-31,60,44197.5,Closed,Low
L000644,C11599,Home,271400.0,10.82,2025-03-08,24,132228.86,Active,Low
L000645,C03365,Home,155900.0,8.59,2024-07-04,180,53539.35,Closed,Low
L000646,C01672,Business,50000.0,11.41,2023-01-05,84,3433.98,Active,Medium
L000647,C13626,Business,91100.0,11.49,2025-10-08,240,31485.15,Active,Medium
L000648,C07788,Education,339300.0,14.63,2024-11-03,84,284152.22,Active,Medium
L000649,C13401,Personal,578800.0,6.82,2023-07-10,240,328696.21,Active,Low
L000650,C06294,Personal,445300.0,6.77,2023-08-07,240,365492.42,Active,Low
L000651,C11874,Auto,180400.0,6.6,2024-02-06,120,89896.54,Closed,Medium
L000652,C04897,Education,114500.0,12.1,2024-04-09,120,24639.31,Closed,Low
L000653,C12618,Business,240000.0,16.2,2025-09-26,240,40924.35,Active,Medium
L000654,C03077,Personal,50000.0,13.4,2022-02-27,12,15631.01,Defaulted,Low
L000655,C07850,Home,159300.0,9.77,2022-08-03,120,86387.78,Active,Medium
L000656,C13113,Auto,238000.0,11.45,2023-12-09,48,37043.11,Active,Medium
L000657,C08567,Business,92000.0,11.46,2022-03-12,84,21489.48,Active,Low
L000658,C08280,Education,602800.0,16.13,2022-09-01,180,273386.77,Closed,Low
L000659,C10132,Home,192800.0,14.99,2025-01-23,60,58661.42,Active,Low
L000660,C03712,Personal,574900.0,8.05,2023-09-01,12,304498.76,Active,Medium
L000661,C10227,Personal,136200.0,14.5,2022-02-19,84,82545.48,Active,Medium
L000662,C09422,Personal,216100.0,14.43,2025-10-29,48,85420.56,Active,Medium
L000663,C00069,Personal,137000.0,8.91,2023-03-26,24,120268.14,Active,Medium
L000664,C01727,Personal,302100.0,8.46,2022-03-01,240,35222.88,Closed,Low
L000665,C13140,Business,339300.0,6.89,2025-04-20,24,18731.74,Closed,Medium
L000666,C11518,Auto,202100.0,16.21,2025-01-10,180,121874.78,Closed,Low
L000667,C03193,Business,85300.0,13.1,2022-11-28,180,70948.86,Defaulted,Low
L000668,C03863,Auto,119400.0,7.05,2025-02-22,180,49842.75,Active,Low
L000669,C06706,Education,177400.0,15.62,2022-03-09,36,166357.57,Active,Medium
L000670,C08282,Home,275600.0,14.75,2022-08-09,240,252122.9,Active,High
L000671,C00145,Auto,568500.0,7.77,2025-07-20,240,359544.99,Active,High
L000672,C00807,Personal,77200.0,12.73,2023-03-06,180,34515.47,Overdue,Low
L000673,C02769,Personal,176600.0,15.86,2022-08-31,240,80435.15,Active,High
L000674,C10475,Home,442300.0,11.63,2024-06-21,84,261903.16,Active,Low
L000675,C07065,Home,148600.0,12.79,2023-06-15,48,79588.5,Active,Low
L000676,C12961,Personal,82400.0,6.84,2025-02-10,12,40879.12,Closed,Low
L000677,C02371,Home,63000.0,6.6,2023-09-18,12,31789.36,Active,Low
L000678,C04736,Home,78500.0,11.17,2022-03-29,12,6648.12,Active,Medium
L000679,C07160,Home,80300.0,13.12,2022-04-06,36,47878.9,Active,Medium
L000680,C03064,Home,50000.0,7.96,2024-04-23,240,30259.68,Closed,High
L000681,C11457,Personal,276200.0,13.89,2025-11-03,12,66439.68,Active,Medium
L000682,C11824,Personal,181400.0,12.81,2022-04-20,120,58320.3,Active,High
L000683,C09358,Home,251900.0,13.4,2023-04-13,60,212902.22,Active,Low
L000684,C12419,Personal,552400.0,8.74,2025-12-05,36,507983.0,Active,Low
L000685,C14272,Business,86600.0,13.92,2024-02-04,84,54734.99,Active,Medium
L000686,C11763,Business,85900.0,9.01,2025-02-25,240,31409.97,Active,Low
L000687,C09790,Home,567800.0,6.68,2022-01-22,24,65549.41,Active,Low
L000688,C06983,Personal,797100.0,9.81,2025-01-04,240,572479.57,Closed,Medium
L000689,C07849,Education,290100.0,15.81,2024-04-28,48,224470.64,Active,Low
L000690,C05027,Auto,158700.0,7.99,2023-06-17,60,113199.14,Active,Low
L000691,C10669,Personal,68200.0,6.76,2025-05-02,36,37502.2,Active,Low
L000692,C08158,Personal,335100.0,13.57,2023-04-08,60,239053.35,Active,Medium
L000693,C12067,Business,142700.0,12.65,2022-01-10,240,36123.77,Active,Low
L000694,C06792,Education,148000.0,13.79,2023-03-17,36,64318.33,Overdue,Low
L000695,C09681,Personal,230200.0,16.11,2022-05-11,84,89253.98,Overdue,Medium
L000696,C01657,Education,108500.0,14.05,2023-12-18,240,12672.06,Active,Low
L000697,C00522,Home,127700.0,11.43,2025-06-27,120,9326.71,Active,Low
L000698,C09947,Education,171000.0,12.96,2023-06-20,84,156187.61,Active,Low
L000699,C00593,Business,50000.0,7.13,2023-10-29,60,33658.33,Active,Low
L000700,C11317,Home,277000.0,6.58,2022-10-06,36,149398.66,Closed,Medium
L000701,C10523,Auto,1137300.0,9.52,2022-02-27,60,571740.56,Active,Low
L000702,C13164,Personal,206500.0,8.31,2025-06-21,24,84013.32,Active,Medium
L000703,C06936,Personal,216900.0,6.55,2022-10-24,120,46877.97,Active,Low
L000704,C13351,Education,155400.0,14.48,2023-08-07,120,104459.25,Active,Low
L000705,C08681,Personal,490700.0,7.31,2023-07-01,24,348241.48,Active,Medium
L000706,C03366,Personal,163800.0,13.64,2025-02-15,48,132749.02,Active,Low
L000707,C14230,Home,147800.0,11.18,2022-08-10,24,102507.44,Closed,High
L000708,C14885,Personal,381000.0,9.22,2024-03-05,48,353701.35,Closed,Medium
L000709,C09795,Personal,333200.0,15.05,2024-10-20,60,245707.09,Closed,Medium
L000710,C12861,Personal,641400.0,13.28,2025-01-15,240,115412.14,Overdue,Low
L000711,C14406,Education,132700.0,13.93,2025-01-10,48,93763.73,Active,Medium
L000712,C09432,Home,609600.0,15.83,2023-06-19,240,294532.83,Closed,Medium
L000713,C08131,Education,98000.0,9.04,2023-10-25,120,53748.72,Active,Low
L000714,C14589,Personal,112900.0,10.59,2024-02-27,36,59002.74,Active,Low
L000715,C14539,Business,621900.0,12.52,2024-11-25,240,346586.22,Active,Medium
L000716,C05890,Personal,1522400.0,11.8,2023-07-31,180,458014.74,Closed,Low
L000717,C04369,Auto,253100.0,15.93,2022-02-09,36,98954.0,Closed,Low
L000718,C04879,Personal,69200.0,13.64,2024-04-19,48,6798.17,Active,Medium
L000719,C03498,Home,50000.0,8.91,2023-10-26,36,10834.52,Active,High
L000720,C06309,Auto,315400.0,9.02,2024-03-15,84,179943.21,Active,High
L000721,C00795,Home,55900.0,12.97,2022-08-30,24,21290.32,Active,Medium
L000722,C13727,Home,312500.0,14.73,2023-09-08,24,167267.65,Active,Low
L000723,C07541,Personal,201400.0,10.58,2022-03-22,84,77161.22,Active,Low
L000724,C01196,Personal,124300.0,10.73,2024-04-02,120,59543.25,Active,Low
L000725,C00271,Home,230000.0,15.22,2025-01-22,48,166511.44,Closed,Low
L000726,C05349,Personal,297100.0,15.18,2025-10-11,36,145167.64,Closed,Medium
L000727,C10758,Auto,411400.0,11.22,2023-06-15,60,349668.64,Active,Low
L000728,C12498,Personal,72900.0,7.23,2024-12-21,12,4405.74,Closed,Low
L000729,C08159,Personal,141000.0,12.66,2023-10-15,120,103752.46,Active,Low
L000730,C04864,Personal,67700.0,14.56,2024-10-16,12,46307.7,Closed,Low
L000731,C12870,Personal,50400.0,13.92,2022-05-16,36,34154.76,Active,High
L000732,C09825,Home,318100.0,14.02,2024-11-15,120,24927.46,Active,Medium
L000733,C02351,Business,97400.0,11.49,2023-12-22,12,21611.13,Active,Medium
L000734,C08360,Home,290900.0,10.49,2022-04-12,240,141016.58,Closed,Low
L000735,C00769,Education,172700.0,8.72,2023-02-10,240,77790.28,Active,Low
L000736,C04525,Business,293100.0,14.87,2024-11-01,24,250562.22,Active,Low
L000737,C09638,Personal,187900.0,13.37,2025-08-23,84,116198.1,Active,Low
L000738,C07572,Auto,589700.0,11.52,2025-12-02,84,256307.31,Active,Low
L000739,C07937,Education,122800.0,9.97,2022-05-24,12,36718.68,Closed,Low
L000740,C08380,Home,74500.0,11.1,2023-04-30,120,9188.73,Active,Medium
L000741,C12971,Education,146400.0,15.22,2022-03-06,60,22235.61,Active,Low
L000742,C05680,Home,372100.0,11.97,2024-11-17,48,32428.72,Active,Low
L000743,C01794,Home,130700.0,12.76,2024-12-23,84,114212.28,Closed,Low
L000744,C14624,Home,394700.0,10.41,2024-06-20,48,290331.31,Active,High
L000745,C13352,Personal,103600.0,16.39,2024-11-24,240,31765.67,Closed,Low
L000746,C10301,Education,109900.0,12.72,2024-10-26,36,28286.45,Active,Low
L000747,C03566,Business,145500.0,9.85,2025-04-08,180,131091.86,Active,Low
L000748,C08400,Home,50000.0,10.0,2024-04-24,120,42935.77,Active,Medium
L000749,C03447,Personal,75400.0,8.42,2024-10-16,60,41503.65,Active,Medium
L000750,C04734,Business,50000.0,11.55,2025-07-08,84,24772.32,Active,Low
L000751,C06888,Auto,293200.0,7.3,2024-06-06,240,67106.42,Active,Medium
L000752,C06725,Personal,178500.0,11.73,2022-02-27,120,140510.44,Active,Low
L000753,C14924,Education,134700.0,13.25,2023-06-30,120,23579.61,Active,Medium
L000754,C04308,Auto,237100.0,14.45,2025-06-30,48,68401.15,Overdue,Low
L000755,C12139,Education,56900.0,14.86,2023-09-27,60,38005.63,Active,High
L000756,C01027,Personal,76100.0,16.21,2024-01-09,48,29669.41,Active,Medium
L000757,C08267,Home,109100.0,9.73,2024-10-01,60,90791.39,Closed,Medium
L000758,C14286,Home,121000.0,11.17,2023-04-26,24,36959.44,Active,Low
L000759,C01795,Personal,379400.0,14.74,2023-11-09,84,318385.73,Overdue,Low
L000760,C05859,Education,180700.0,15.02,2024-11-04,36,41794.1,Overdue,Low
L000761,C07103,Auto,243700.0,9.61,2022-10-31,120,230088.03,Closed,Medium
L000762,C00359,Personal,815500.0,15.27,2023-07-25,12,164383.64,Active,Medium
L000763,C09551,Home,172900.0,7.94,2023-02-03,60,61167.68,Active,Low
L000764,C00016,Home,395600.0,8.56,2024-12-20,240,41140.89,Active,Medium
L000765,C00001,Personal,421800.0,16.02,2024-09-30,120,27073.47,Active,Low
L000766,C14810,Home,185800.0,10.04,2022-07-22,180,16709.99,Active,Low
L000767,C11652,Home,111800.0,13.6,2023-05-02,180,33991.32,Active,Low
L000768,C06113,Home,190500.0,14.57,2023-03-26,180,83707.12,Closed,Low
L000769,C02089,Personal,119500.0,9.71,2023-03-20,48,20299.3,Active,Low
L000770,C03286,Auto,163200.0,14.22,2023-03-12,24,130191.07,Overdue,Medium
L000771,C07217,Auto,296000.0,14.72,2024-07-15,48,25235.09,Active,Medium
L000772,C10162,Home,345100.0,13.52,2022-06-04,12,204962.37,Active,High
L000773,C13234,Personal,79400.0,13.08,2023-05-21,240,7309.14,Closed,Low
L000774,C06571,Home,303500.0,15.02,2024-10-13,84,48108.99,Active,Medium
L000775,C06961,Auto,50000.0,12.61,2022-04-23,24,29419.43,Active,Low
L000776,C07674,Personal,73100.0,9.7,2025-07-13,240,4491.22,Active,Medium
L000777,C01082,Home,120100.0,14.41,2022-09-13,24,50524.49,Closed,Low
L000778,C12450,Business,676900.0,9.69,2022-06-16,12,615780.87,Closed,Medium
L000779,C03037,Home,83000.0,10.05,2023-03-27,48,60417.62,Closed,Low
L000780,C13519,Home,200800.0,7.67,2023-11-06,24,176822.52,Active,Low
L000781,C13942,Education,225100.0,7.18,2023-12-28,84,149763.76,Active,Medium
L000782,C13355,Home,388100.0,8.32,2023-07-12,24,230162.8,Active,Low
L000783,C03097,Home,429600.0,8.14,2024-01-21,48,107697.64,Active,Low
L000784,C07951,Auto,124100.0,11.83,2022-05-07,120,59060.57,Defaulted,Low
L000785,C03732,Auto,289700.0,7.95,2023-04-16,48,45614.32,Active,Low
L000786,C00974,Home,79800.0,16.36,2025-07-06,12,23832.76,Active,Low
L000787,C06061,Home,239500.0,13.03,2022-01-01,180,78023.04,Active,Medium
L000788,C00167,Home,210700.0,13.82,2023-08-19,84,120218.15,Active,Low
L000789,C09854,Business,146500.0,8.77,2024-07-22,36,116377.69,Active,Medium
L000790,C04406,Home,130100.0,10.75,2024-09-30,48,27359.44,Active,Low
L000791,C05798,Education,182700.0,9.01,2025-10-30,60,53439.63,Active,Low
L000792,C14608,Auto,60500.0,16.49,2025-12-01,240,23976.26,Active,Low
L000793,C02829,Personal,409700.0,13.05,2022-06-15,180,263973.81,Active,Medium
L000794,C04892,Home,72300.0,11.27,2025-01-16,180,22488.82,Closed,Medium
L000795,C10368,Home,323500.0,11.42,2025-02-21,240,285327.18,Active,Medium
L000796,C00422,Home,76400.0,10.07,2023-04-07,48,8276.93,Closed,Medium
L000797,C02810,Personal,156800.0,15.05,2025-08-26,12,128961.69,Active,Low
L000798,C12120,Auto,163900.0,7.49,2022-04-10,24,42522.32,Active,Medium
L000799,C04061,Personal,50000.0,12.31,2023-04-27,84,27263.78,Active,Low
L000800,C04329,Home,218300.0,8.67,2022-09-27,120,113582.82,Active,Low
L000801,C06279,Auto,100600.0,8.8,2024-04-03,36,15169.57,Active,High
L000802,C13519,Education,172800.0,16.48,2022-08-05,84,133813.95,Active,High
L000803,C03811,Auto,50000.0,10.23,2025-01-03,84,45390.3,Active,Medium
L000804,C07804,Auto,513100.0,9.96,2022-12-30,84,132406.45,Closed,Medium
L000805,C06494,Business,114800.0,15.64,2022-09-07,48,64371.62,Overdue,Low
L000806,C12124,Personal,58600.0,12.75,2023-06-29,84,12818.01,Overdue,Low
L000807,C13319,Personal,184800.0,7.46,2023-02-16,48,33608.9,Active,Low
L000808,C04872,Auto,169800.0,14.36,2022-06-03,84,104433.82,Closed,Low
L000809,C09465,Personal,50000.0,7.89,2023-08-02,24,22228.95,Active,Low
L000810,C11812,Personal,154200.0,15.79,2025-10-22,60,101113.66,Closed,Low
L000811,C09963,Business,91700.0,7.21,2022-08-16,48,74253.37,Overdue,Medium
L000812,C14963,Personal,510700.0,10.77,2023-02-24,60,191971.11,Closed,Medium
L000813,C09910,Auto,208300.0,16.14,2025-05-10,120,193677.58,Closed,Medium
L000814,C05970,Home,96700.0,12.92,2023-08-22,12,10711.2,Overdue,Medium
L000815,C02056,Personal,97600.0,13.03,2025-10-08,12,31191.77,Overdue,Low
L000816,C06604,Auto,89300.0,10.18,2025-07-30,48,82835.52,Defaulted,High
L000817,C14681,Business,229700.0,7.58,2024-06-10,180,84449.88,Active,Low
L000818,C14916,Personal,163700.0,11.16,2025-10-30,84,27270.18,Overdue,Low
L000819,C14528,Personal,216100.0,7.15,2023-09-08,24,121650.26,Defaulted,Medium
L000820,C14269,Home,728300.0,11.27,2024-01-08,48,91410.6,Closed,Low
L000821,C10275,Home,87700.0,10.22,2025-01-14,60,38484.42,Closed,Low
L000822,C08466,Personal,67700.0,8.79,2023-01-28,24,19313.09,Active,Low
L000823,C10068,Business,71400.0,7.84,2022-06-12,240,41109.03,Active,Medium
L000824,C13362,Business,73100.0,11.66,2024-10-28,24,3927.65,Active,Low
L000825,C08171,Business,305100.0,7.39,2024-07-29,48,227644.49,Closed,Medium
L000826,C12887,Personal,213400.0,8.19,2023-05-10,24,73462.64,Active,High
L000827,C04248,Education,873000.0,10.08,2023-04-23,24,184859.53,Active,Medium
L000828,C14650,Personal,1180200.0,8.12,2023-04-08,60,886909.98,Active,Low
L000829,C13937,Home,160800.0,9.62,2023-01-09,240,43472.34,Active,Medium
L000830,C11905,Personal,224100.0,15.92,2023-06-25,84,154051.9,Closed,Low
L000831,C11653,Home,251700.0,8.4,2024-01-30,24,84896.57,Closed,Medium
L000832,C06665,Auto,201500.0,11.7,2025-07-23,60,118149.34,Active,Medium
L000833,C07893,Business,69800.0,12.0,2025-09-01,36,41522.0,Active,Low
L000834,C01859,Auto,316900.0,9.88,2023-10-20,240,62598.58,Active,Low
L000835,C10350,Personal,119800.0,6.58,2024-04-11,60,90541.25,Closed,Medium
L000836,C04624,Personal,90900.0,8.6,2024-10-03,60,69856.68,Active,Medium
L000837,C02727,Personal,93800.0,14.85,2024-09-05,48,50835.32,Active,Low
L000838,C08028,Education,91300.0,16.27,2022-08-11,12,85217.86,Closed,Low
L000839,C09277,Home,55600.0,11.09,2022-08-16,12,19405.81,Active,High
L000840,C01804,Home,889700.0,7.73,2025-03-24,48,410326.04,Active,Medium
L000841,C05257,Business,121300.0,14.86,2025-06-02,12,10730.61,Closed,Low
L000842,C03607,Personal,281300.0,6.77,2022-03-10,120,16381.85,Active,Low
L000843,C03989,Personal,115700.0,15.56,2025-09-11,84,85761.26,Active,Medium
L000844,C03493,Business,87000.0,15.3,2025-07-30,36,48563.22,Active,Low
L000845,C08924,Personal,129100.0,10.97,2024-09-28,60,52748.31,Closed,Medium
L000846,C11423,Auto,159500.0,15.29,2024-07-28,120,55378.0,Active,Low
L000847,C02241,Personal,50000.0,8.69,2022-05-05,240,27263.9,Closed,Low
L000848,C09254,Business,487000.0,13.01,2023-04-10,60,60970.89,Active,Low
L000849,C06976,Home,237300.0,11.38,2022-08-01,36,93827.28,Active,Medium
L000850,C10835,Home,50000.0,10.51,2022-06-08,48,29625.6,Active,Medium
L000851,C07385,Auto,201300.0,8.4,2024-04-08,60,157945.26,Closed,Medium
L000852,C13973,Home,76300.0,8.71,2022-05-17,24,9054.46,Overdue,Low
L000853,C01786,Home,560800.0,14.65,2024-09-30,120,179798.99,Active,Low
L000854,C11473,Home,50000.0,6.71,2022-03-30,48,36844.04,Active,Low
L000855,C06967,Auto,104600.0,12.09,2023-03-27,84,96339.07,Active,Low
L000856,C08600,Business,263100.0,16.14,2025-06-11,84,71007.72,Active,Medium
L000857,C03289,Home,74500.0,15.16,2025-07-20,60,64706.43,Active,Medium
L000858,C11846,Auto,57400.0,16.29,2022-02-09,60,17816.66,Closed,Medium
L000859,C05173,Education,123800.0,12.91,2022-09-21,120,12337.87,Closed,Low
L000860,C10172,Home,444800.0,8.0,2025-11-12,120,209675.84,Closed,High
L000861,C04094,Personal,59500.0,14.37,2022-07-18,120,17701.44,Active,Low
L000862,C06404,Home,399500.0,10.49,2024-09-06,60,265094.49,Active,Low
L000863,C14128,Personal,264500.0,7.89,2023-03-17,24,186045.92,Active,Medium
L000864,C01678,Personal,154500.0,13.37,2025-04-16,240,9012.86,Closed,Medium
L000865,C08269,Home,224300.0,8.05,2025-08-25,48,158059.53,Active,Low
L000866,C09273,Home,132200.0,12.85,2023-07-05,48,66282.86,Active,Low
L000867,C00030,Home,408000.0,11.54,2022-03-29,36,55175.76,Closed,Low
L000868,C00726,Auto,213700.0,12.71,2025-11-13,48,180811.66,Active,Medium
L000869,C02515,Home,278600.0,10.59,2023-03-20,36,154254.51,Active,Medium
L000870,C11493,Home,207900.0,8.86,2024-08-13,60,117516.11,Active,Low
L000871,C13331,Personal,251700.0,10.05,2022-02-03,24,59198.96,Active,Low
L000872,C06247,Business,762200.0,9.19,2022-09-21,48,381606.65,Closed,Medium
L000873,C01420,Personal,524600.0,7.56,2025-05-19,60,269193.12,Active,Low
L000874,C10572,Home,557900.0,14.99,2024-05-19,60,394286.67,Closed,Low
L000875,C08761,Business,170400.0,13.81,2022-01-02,84,17675.56,Closed,Low
L000876,C10514,Personal,106300.0,8.04,2025-06-29,48,62643.77,Active,Low
L000877,C13086,Personal,193800.0,11.4,2024-04-04,24,18140.09,Active,Medium
L000878,C11367,Personal,50000.0,7.87,2024-01-15,180,3116.58,Active,Low
L000879,C09127,Personal,50000.0,12.73,2025-03-31,84,18048.13,Active,Medium
L000880,C06782,Personal,116800.0,9.3,2025-10-19,120,35362.22,Closed,Low
L000881,C10065,Auto,234800.0,13.83,2024-02-27,60,42711.9,Active,Low
L000882,C05397,Education,148900.0,6.61,2025-10-17,24,39020.33,Active,Low
L000883,C12800,Home,135000.0,11.99,2024-02-22,36,121033.44,Overdue,Medium
L000884,C12914,Personal,59500.0,10.83,2025-08-10,12,35690.1,Active,Low
L000885,C03016,Education,94400.0,14.9,2023-11-24,12,68989.0,Active,High
L000886,C14391,Auto,90300.0,7.55,2025-10-29,24,54581.02,Active,Low
L000887,C07490,Auto,171800.0,9.82,2025-02-22,12,139226.63,Active,Low
L000888,C05407,Home,124300.0,12.14,2023-01-09,84,48492.33,Active,Low
L000889,C13205,Personal,113400.0,6.58,2022-05-07,24,63003.13,Active,Low
L000890,C02187,Auto,110300.0,15.73,2025-02-18,120,43830.64,Active,Low
L000891,C02427,Personal,349400.0,14.29,2024-04-27,240,226744.27,Closed,Low
L000892,C06381,Home,495900.0,16.35,2023-08-15,48,111185.38,Closed,Low
L000893,C08688,Education,268900.0,12.58,2025-09-15,180,209318.11,Active,Medium
L000894,C08145,Auto,106200.0,9.4,2025-04-06,48,43432.47,Active,Medium
L000895,C06641,Auto,157400.0,6.79,2023-03-07,48,127025.94,Closed,Low
L000896,C00069,Home,182000.0,13.61,2023-04-05,48,20164.85,Active,Low
L000897,C04424,Personal,1230400.0,11.56,2022-12-18,180,693343.23,Overdue,Low
L000898,C14546,Education,73900.0,7.4,2025-04-26,48,23741.79,Active,Medium
L000899,C11082,Business,140000.0,14.03,2022-08-02,24,46723.0,Closed,Low
L000900,C03625,Personal,92100.0,9.66,2025-04-17,48,46745.3,Closed,Low
L000901,C03269,Personal,76500.0,14.82,2025-12-07,12,48437.62,Active,Low
L000902,C09425,Personal,77800.0,13.32,2024-01-05,84,59197.85,Active,Low
L000903,C11794,Education,102300.0,15.32,2023-05-16,48,70430.03,Defaulted,Low
L000904,C10691,Personal,464100.0,12.93,2023-07-01,60,156516.56,Active,Low
L000905,C03331,Personal,50000.0,14.76,2025-08-09,240,27508.71,Active,Low
L000906,C01497,Home,60400.0,14.33,2022-09-03,12,23556.12,Active,Medium
L000907,C04292,Auto,50000.0,7.23,2023-08-06,48,22714.64,Active,High
L000908,C02615,Home,50000.0,9.25,2024-04-29,60,19244.57,Active,Medium
L000909,C03469,Home,89300.0,16.46,2024-10-09,60,51712.72,Closed,Medium
L000910,C10408,Education,163900.0,7.78,2022-09-26,180,47183.83,Active,Medium
L000911,C05233,Personal,50000.0,9.5,2022-12-08,36,28615.07,Active,Medium
L000912,C07879,Home,68000.0,9.62,2023-03-01,60,14364.55,Closed,Low
L000913,C10819,Auto,127700.0,11.51,2024-11-28,120,99206.92,Closed,Low
L000914,C06012,Personal,160100.0,6.53,2022-01-16,24,144924.66,Overdue,Low
L000915,C11844,Home,176700.0,14.87,2025-01-20,180,166433.39,Active,Medium
L000916,C11856,Personal,114200.0,11.95,2025-02-20,36,11703.41,Active,Low
L000917,C11581,Home,313500.0,11.69,2022-05-09,120,198566.14,Closed,Medium
L000918,C04834,Auto,457100.0,11.6,2022-08-13,12,259762.44,Active,Low
L000919,C14043,Home,98700.0,11.93,2022-04-19,84,46120.43,Active,Low
L000920,C00758,Auto,880400.0,8.59,2024-06-15,60,259711.51,Active,Low
L000921,C02552,Auto,148100.0,10.94,2022-02-25,24,131366.31,Active,High
L000922,C14549,Auto,499700.0,9.55,2024-04-03,180,121706.85,Closed,Low
L000923,C12248,Home,221500.0,14.99,2022-06-20,12,189321.7,Active,Medium
L000924,C09089,Auto,391800.0,10.72,2024-01-31,24,128323.99,Active,Medium
L000925,C01967,Personal,82700.0,12.24,2022-02-07,180,53047.0,Closed,Medium
L000926,C00150,Business,476200.0,12.19,2023-04-11,60,392991.8,Active,Low
L000927,C05019,Home,554000.0,15.27,2022-05-22,180,272988.37,Active,Medium
L000928,C01148,Personal,256700.0,7.2,2024-04-03,12,179460.24,Active,Medium
L000929,C10748,Auto,279500.0,9.47,2023-02-27,48,62608.9,Active,Medium
L000930,C01798,Home,153100.0,13.3,2024-03-04,240,53487.78,Active,High
L000931,C08834,Home,117000.0,15.54,2022-03-15,36,7584.14,Active,Low
L000932,C02968,Education,450200.0,9.49,2023-06-11,12,242283.35,Overdue,Low
L000933,C13465,Business,101600.0,11.91,2023-01-12,240,43313.92,Active,Medium
L000934,C14331,Personal,131600.0,11.83,2024-06-28,180,99540.47,Active,Low
L000935,C10669,Personal,165800.0,11.7,2025-02-09,240,12444.72,Active,Low
L000936,C13261,Business,135100.0,9.09,2025-10-21,120,101886.38,Active,Medium
L000937,C05642,Personal,353200.0,14.31,2024-02-11,60,209243.04,Active,High
L000938,C06216,Business,60600.0,12.51,2024-10-09,60,36430.76,Active,Low
L000939,C09833,Personal,161300.0,13.06,2023-06-24,24,148439.45,Overdue,Medium
L000940,C00855,Auto,111600.0,11.55,2023-05-22,36,56549.39,Active,Medium
L000941,C04262,Personal,248500.0,10.14,2024-11-08,84,153047.97,Active,Low
L000942,C00095,Home,51200.0,8.06,2024-07-17,240,19759.14,Active,Low
L000943,C14881,Home,87100.0,6.6,2024-05-15,84,60258.98,Overdue,Low
L000944,C07225,Personal,277400.0,10.99,2024-04-30,180,216976.6,Closed,Medium
L000945,C05398,Auto,524200.0,16.18,2023-02-17,36,467489.95,Active,Low
L000946,C03786,Home,50000.0,9.99,2025-04-23,60,28708.01,Active,Low
L000947,C04632,Education,134000.0,11.37,2025-04-19,120,80542.07,Active,Medium
L000948,C01005,Home,606200.0,11.86,2023-07-08,24,117004.08,Overdue,High
L000949,C12413,Home,237000.0,16.25,2022-07-28,240,118187.0,Closed,Low
L000950,C02951,Education,405600.0,11.24,2025-02-28,48,325250.98,Closed,Low
L000951,C10945,Auto,226800.0,16.05,2024-07-30,180,213914.69,Active,Low
L000952,C07177,Business,469600.0,10.42,2025-02-19,84,312054.01,Overdue,Low
L000953,C00240,Auto,198400.0,11.8,2022-07-20,120,150029.91,Active,High
L000954,C03351,Auto,69000.0,13.39,2024-11-09,36,30770.47,Active,Low
L000955,C12486,Education,127400.0,14.38,2023-05-23,48,81655.93,Closed,Medium
L000956,C00905,Business,460700.0,7.37,2024-05-15,48,41325.57,Overdue,Low
L000957,C13326,Home,224000.0,13.59,2024-05-13,180,149352.33,Active,Low
L000958,C01667,Education,656600.0,11.85,2022-09-15,84,271125.43,Active,Low
L000959,C09686,Auto,402600.0,13.3,2024-01-18,240,175195.18,Active,Medium
L000960,C14071,Personal,194200.0,14.18,2023-05-31,240,135452.82,Active,High
L000961,C06824,Home,64800.0,9.18,2022-09-22,240,40983.54,Closed,Low
L000962,C06261,Personal,422100.0,8.3,2024-04-18,12,76942.52,Active,High
L000963,C08543,Personal,147200.0,15.93,2022-02-14,84,21196.49,Active,High
L000964,C14174,Personal,116300.0,7.04,2025-12-07,60,80129.12,Active,Medium
L000965,C01743,Home,126000.0,16.05,2022-05-30,48,19005.6,Active,Low
L000966,C12974,Auto,175600.0,11.58,2024-08-15,36,111006.81,Active,High
L000967,C12340,Personal,298600.0,7.87,2022-06-12,48,90385.67,Active,Medium
L000968,C12213,Business,54600.0,13.69,2023-12-17,240,25907.48,Overdue,High
L000969,C10014,Auto,131000.0,10.06,2025-05-10,120,93115.54,Overdue,Medium
L000970,C13779,Auto,163200.0,14.59,2024-09-03,12,40984.26,Overdue,Low
L000971,C04258,Home,455400.0,10.25,2023-11-01,12,65767.23,Active,Low
L000972,C02841,Auto,109500.0,15.74,2025-07-15,48,39642.0,Overdue,Low
L000973,C02998,Personal,57600.0,12.49,2023-08-09,24,53700.69,Active,High
L000974,C13628,Personal,178500.0,10.13,2024-01-14,180,134779.19,Active,Low
L000975,C14929,Personal,205900.0,14.91,2022-05-11,24,78798.01,Active,Low
L000976,C03815,Education,342400.0,13.84,2025-03-04,120,171534.62,Closed,Medium
L000977,C04479,Home,494300.0,9.16,2023-12-07,24,314735.77,Active,Low
L000978,C01564,Business,230900.0,12.53,2025-09-25,60,151395.87,Overdue,Low
L000979,C09676,Auto,50000.0,14.81,2022-10-24,12,19054.48,Active,Low
L000980,C10881,Home,188700.0,8.66,2023-04-25,120,80981.73,Active,Low
L000981,C07128,Personal,106400.0,13.36,2025-07-31,48,88917.86,Active,Medium
L000982,C13669,Auto,413200.0,15.14,2025-10-21,48,371281.87,Closed,Low
L000983,C11553,Personal,389400.0,9.71,2024-11-22,240,96658.14,Active,Medium
L000984,C10511,Home,154000.0,9.63,2024-06-13,120,134686.31,Active,Medium
L000985,C01227,Personal,145400.0,15.06,2023-12-15,180,128788.63,Active,Medium
L000986,C12578,Home,65200.0,14.63,2022-05-04,12,43436.54,Defaulted,Low
L000987,C07237,Home,377200.0,10.13,2024-12-12,24,169728.97,Closed,Low
L000988,C12853,Personal,284400.0,11.87,2025-08-22,120,193458.92,Closed,Medium
L000989,C07741,Home,569800.0,14.63,2025-05-31,60,443918.08,Defaulted,Low
L000990,C10748,Home,72300.0,15.86,2023-05-26,180,11470.33,Closed,High
L000991,C09781,Education,55700.0,16.13,2023-07-27,84,51497.84,Active,Low
L000992,C12386,Business,360000.0,15.33,2024-12-09,24,292450.5,Active,Medium
L000993,C10487,Education,74100.0,15.84,2025-04-30,12,69868.43,Overdue,Medium
L000994,C13660,Personal,175800.0,15.38,2025-07-01,48,103317.15,Closed,Medium
L000995,C12102,Personal,59100.0,11.15,2024-10-28,12,8424.98,Active,Low
L000996,C14316,Personal,368800.0,12.89,2024-07-06,36,347161.05,Active,Medium
L000997,C12320,Personal,122100.0,7.56,2022-02-24,180,51913.81,Active,Low
L000998,C07452,Personal,169000.0,7.18,2024-04-15,84,52441.97,Active,Low
L000999,C12263,Home,53000.0,16.02,2023-01-25,120,38063.6,Overdue,Low
L001000,C03966,Home,113800.0,15.16,2023-12-01,48,69732.16,Active,Low
L001001,C00359,Auto,51100.0,11.43,2022-11-05,84,25634.81,Active,Low
L001002,C03463,Personal,504100.0,14.08,2024-10-10,36,259895.79,Active,Low
L001003,C06739,Education,317200.0,6.88,2025-05-18,24,272558.74,Active,Medium
L001004,C00714,Home,530200.0,13.12,2024-08-02,12,107318.29,Active,Low
L001005,C14176,Auto,365100.0,14.72,2025-07-24,36,344736.68,Closed,Medium
L001006,C12665,Auto,50000.0,13.45,2025-12-12,48,10372.9,Active,Low
L001007,C03725,Auto,50000.0,12.92,2022-02-21,60,4660.42,Active,Low
L001008,C02770,Education,129800.0,10.25,2022-12-18,48,119269.06,Active,Low
L001009,C02327,Home,50000.0,11.63,2022-11-15,120,11180.61,Active,Medium
L001010,C07393,Home,86200.0,12.24,2023-04-08,12,30517.9,Active,Low
L001011,C05661,Home,270800.0,8.27,2022-05-19,48,232577.25,Active,Low
L001012,C06553,Home,99700.0,7.16,2025-08-01,180,23907.43,Closed,Medium
L001013,C12674,Personal,260500.0,14.89,2025-03-07,60,114913.76,Active,Low
L001014,C11450,Auto,85800.0,10.12,2024-07-02,60,15758.85,Closed,Low
L001015,C04928,Personal,628500.0,13.98,2025-09-12,48,271261.37,Active,Medium
L001016,C09353,Personal,333700.0,15.54,2022-05-16,60,221037.62,Active,Low
L001017,C06942,Business,132100.0,13.94,2025-08-18,180,19992.35,Active,Low
L001018,C12209,Home,72500.0,7.56,2023-06-28,12,38181.99,Active,Low
L001019,C01521,Personal,52500.0,11.31,2022-03-17,120,6504.53,Closed,Low
L001020,C05673,Education,365700.0,14.82,2022-03-09,24,227474.02,Closed,Low
L001021,C06938,Auto,195800.0,14.18,2022-01-18,12,123631.62,Active,Low
L001022,C12228,Auto,186500.0,12.23,2022-06-28,24,70361.89,Active,Medium
L001023,C00408,Business,114100.0,10.52,2024-01-17,24,96491.97,Active,Low
L001024,C11231,Business,537900.0,8.12,2023-08-11,24,407903.59,Overdue,Low
L001025,C05765,Personal,167100.0,11.32,2022-07-11,24,147743.74,Closed,Low
L001026,C05745,Personal,231900.0,7.72,2024-11-21,84,68491.64,Active,Medium
L001027,C02952,Personal,50000.0,9.71,2025-11-05,36,17833.5,Active,High
L001028,C12731,Education,162400.0,6.89,2024-02-28,180,48758.73,Active,Medium
L001029,C03749,Personal,401200.0,7.34,2023-11-01,60,50854.81,Closed,Low
L001030,C11728,Auto,501000.0,10.47,2023-01-16,60,317375.84,Overdue,Low
L001031,C00583,Business,66800.0,14.33,2023-01-25,180,8859.45,Active,High
L001032,C09864,Education,461600.0,9.61,2024-11-20,180,431802.89,Active,Low
L001033,C12831,Education,207700.0,12.08,2024-07-20,120,76254.73,Active,Low
L001034,C09866,Education,87100.0,10.73,2025-10-27,36,72156.02,Closed,Low
L001035,C11786,Education,294100.0,6.7,2025-09-25,84,211440.54,Active,Medium
L001036,C10226,Auto,260800.0,12.97,2022-01-03,84,41598.01,Active,Low
L001037,C01255,Home,50000.0,6.78,2023-02-06,120,9189.43,Active,Low
L001038,C10875,Auto,59100.0,13.06,2025-02-22,48,46529.7,Active,Medium
L001039,C07834,Auto,123500.0,14.73,2023-02-21,36,75176.2,Active,Low
L001040,C01266,Personal,422300.0,8.35,2022-10-03,48,40632.89,Active,High
L001041,C12875,Auto,765100.0,7.18,2023-10-10,24,135403.94,Active,Medium
L001042,C06150,Personal,132800.0,12.26,2022-10-21,12,32202.85,Closed,Medium
L001043,C12673,Auto,578900.0,15.25,2022-09-17,120,157182.41,Active,High
L001044,C02872,Personal,422100.0,13.92,2023-06-03,24,259841.42,Active,Medium
L001045,C05136,Auto,92700.0,13.45,2024-12-25,12,16813.44,Active,High
L001046,C10102,Business,356700.0,8.88,2023-04-12,120,34732.56,Active,Low
L001047,C01843,Personal,118600.0,11.77,2024-07-15,36,109993.43,Active,Low
L001048,C07703,Personal,68100.0,9.31,2024-01-13,180,16676.46,Overdue,Low
L001049,C09155,Home,253500.0,13.99,2024-03-10,12,38496.1,Active,Low
L001050,C14337,Home,100900.0,9.07,2025-07-11,84,56917.76,Closed,Medium
L001051,C01831,Education,351700.0,11.66,2025-11-02,12,94957.31,Active,Low
L001052,C12312,Education,349400.0,12.12,2023-07-29,60,185489.46,Active,Low
L001053,C09649,Home,127400.0,12.5,2023-12-21,60,85955.54,Active,Low
L001054,C14550,Home,232400.0,7.18,2025-09-23,60,150427.48,Active,Medium
L001055,C13379,Auto,128700.0,10.24,2022-01-12,60,67462.38,Active,Medium
L001056,C02100,Auto,131500.0,16.13,2025-06-27,240,83673.28,Overdue,Low
L001057,C11332,Personal,98200.0,11.31,2024-03-24,48,6089.99,Active,Medium
L001058,C01990,Auto,150800.0,16.48,2025-10-13,12,133284.86,Closed,Low
L001059,C07538,Home,207400.0,10.45,2022-02-13,240,112572.51,Active,Low
L001060,C10114,Personal,50000.0,16.21,2024-03-28,180,40450.67,Active,Low
L001061,C04191,Personal,731900.0,10.17,2025-01-03,12,249934.27,Closed,High
L001062,C04750,Personal,714800.0,6.59,2025-03-16,36,307126.66,Closed,Medium
L001063,C13444,Education,61000.0,15.09,2024-01-11,24,53223.57,Active,Low
L001064,C02882,Home,121900.0,7.88,2025-02-03,24,50998.67,Active,Low
L001065,C13941,Auto,718400.0,13.77,2024-04-13,48,266297.91,Active,Low
L001066,C00998,Home,142900.0,10.27,2022-08-18,12,22140.04,Active,Low
L001067,C12496,Personal,108500.0,10.43,2022-10-04,24,64114.63,Overdue,Low
L001068,C09394,Business,123800.0,9.29,2022-05-26,120,43797.43,Active,Medium
L001069,C00018,Home,189000.0,13.61,2025-09-10,12,168500.6,Closed,Low
L001070,C05576,Home,332500.0,10.97,2023-02-26,240,192590.56,Active,Low
L001071,C03000,Home,154200.0,8.95,2025-11-02,48,67886.16,Active,Low
L001072,C07762,Personal,351800.0,14.19,2024-04-06,36,287787.9,Closed,Low
L001073,C09353,Home,50000.0,11.92,2024-08-06,84,27640.02,Active,Low
L001074,C13865,Home,113600.0,13.94,2022-05-07,24,60087.21,Active,High
L001075,C00783,Education,167900.0,15.37,2024-04-27,48,91496.8,Overdue,Low
L001076,C09493,Business,225200.0,9.65,2025-10-12,24,106985.45,Active,Medium
L001077,C01935,Personal,50000.0,12.66,2023-08-30,24,8793.23,Active,Medium
L001078,C03609,Home,338000.0,14.44,2023-04-14,84,157529.56,Overdue,Medium
L001079,C12623,Personal,228800.0,11.78,2024-08-12,24,30609.56,Active,High
L001080,C00966,Home,50200.0,12.47,2023-07-16,240,24463.65,Active,Low
L001081,C03986,Auto,124100.0,12.95,2025-12-27,84,113010.11,Active,Medium
L001082,C02787,Home,507500.0,14.18,2024-06-15,120,453569.23,Active,Medium
L001083,C12634,Home,350800.0,10.07,2024-02-07,84,96615.91,Active,Low
L001084,C11193,Personal,200200.0,8.94,2022-10-20,84,47815.48,Active,Medium
L001085,C02865,Auto,76800.0,8.14,2023-07-16,84,30294.21,Active,High
L001086,C02393,Personal,164900.0,15.36,2024-01-20,48,17803.63,Active,Low
L001087,C02457,Personal,177800.0,8.77,2024-03-04,60,76448.4,Active,High
L001088,C03949,Business,183900.0,14.77,2022-07-07,180,15907.81,Active,Low
L001089,C07469,Home,517800.0,7.72,2025-02-17,60,32279.37,Active,Medium
L001090,C14150,Personal,486300.0,8.06,2024-02-18,60,242834.96,Active,Medium
L001091,C05418,Home,809200.0,12.26,2025-09-10,84,535979.79,Active,Medium
L001092,C04964,Home,77800.0,10.82,2023-09-11,60,32520.4,Closed,Low
L001093,C08525,Business,240500.0,13.0,2024-05-07,12,181990.06,Active,Low
L001094,C02871,Business,108200.0,12.85,2024-05-03,24,23128.84,Active,Low
L001095,C13274,Personal,51500.0,13.17,2025-05-30,36,22493.91,Active,Low
L001096,C11507,Home,171700.0,12.88,2025-03-14,12,148775.34,Closed,Low
L001097,C04650,Business,222000.0,8.05,2022-09-19,36,16944.66,Overdue,Medium
L001098,C05678,Education,50000.0,13.62,2023-03-04,48,16532.18,Active,Low
L001099,C04339,Personal,101500.0,8.74,2024-07-27,36,34731.81,Active,Low
L001100,C14311,Education,72700.0,13.16,2024-02-22,120,46908.22,Active,Medium
L001101,C09581,Personal,140800.0,15.97,2023-11-22,120,132198.48,Active,Medium
L001102,C00599,Business,101300.0,11.11,2025-04-14,240,63179.4,Active,Low
L001103,C10122,Auto,363300.0,14.57,2024-01-31,24,294754.97,Active,Medium
L001104,C11490,Personal,155400.0,13.29,2022-03-20,60,8759.51,Active,Low
L001105,C04719,Personal,610600.0,11.7,2024-11-07,180,543716.05,Active,High
L001106,C09248,Personal,50000.0,15.15,2022-09-29,60,24730.2,Active,Low
L001107,C07458,Home,90300.0,11.43,2023-10-10,60,11547.31,Active,Medium
L001108,C10642,Personal,247600.0,9.87,2023-01-22,60,193337.73,Closed,Low
L001109,C11441,Auto,229000.0,13.39,2022-07-05,120,208291.87,Active,Medium
L001110,C02381,Auto,740100.0,11.6,2023-09-08,180,190585.69,Active,Low
L001111,C07817,Auto,275300.0,8.53,2023-12-14,120,222129.32,Defaulted,Low
L001112,C01412,Education,66100.0,6.5,2022-07-15,120,7670.15,Active,Low
L001113,C05166,Personal,238500.0,15.06,2023-09-22,180,21727.08,Active,Low
L001114,C02736,Auto,204700.0,13.11,2025-07-06,36,170293.08,Active,Low
L001115,C12811,Auto,50000.0,11.13,2023-01-24,240,21473.08,Active,Low
L001116,C07870,Education,50000.0,8.65,2024-09-07,24,46366.01,Active,Low
L001117,C13016,Personal,265300.0,15.46,2022-10-30,12,222873.45,Active,Low
L001118,C07443,Auto,86300.0,13.32,2025-02-13,84,36452.59,Defaulted,Low
L001119,C08822,Home,68500.0,15.05,2023-09-08,180,43422.62,Active,Medium
L001120,C09944,Home,50000.0,16.21,2025-09-13,12,32637.62,Closed,Low
L001121,C10906,Business,50000.0,6.77,2025-12-19,12,16101.97,Active,Low
L001122,C09365,Home,506200.0,7.47,2022-10-18,240,372549.36,Defaulted,High
L001123,C12851,Personal,445500.0,9.92,2023-05-04,120,173724.46,Active,Low
L001124,C11149,Auto,325900.0,8.07,2023-06-10,36,106922.73,Active,Medium
L001125,C11218,Personal,158500.0,9.87,2024-03-22,24,129930.3,Active,Medium
L001126,C07196,Home,255400.0,8.85,2023-05-30,24,134634.94,Active,Low
L001127,C01274,Auto,177100.0,13.29,2024-08-09,120,46763.2,Active,Low
L001128,C10840,Home,89600.0,7.05,2023-01-31,24,77770.27,Active,Low
L001129,C08814,Home,72000.0,16.02,2024-12-16,48,37250.22,Closed,Low
L001130,C14683,Home,154700.0,16.3,2023-05-23,12,93549.04,Active,Low
L001131,C10988,Home,208300.0,15.75,2023-07-25,240,132435.95,Closed,Medium
L001132,C00045,Home,115700.0,15.61,2023-06-30,84,74814.95,Overdue,Low
L001133,C13534,Business,136800.0,13.22,2023-10-20,180,38412.67,Active,Low
L001134,C04845,Education,391200.0,13.93,2025-10-12,48,48034.8,Active,Low
L001135,C02487,Personal,1568600.0,10.88,2022-07-23,240,663261.71,Active,Low
L001136,C13565,Personal,70500.0,14.95,2022-02-19,12,62443.44,Active,Medium
L001137,C07553,Home,101400.0,10.46,2023-03-26,12,10055.91,Active,Low
L001138,C12586,Business,180900.0,14.24,2023-12-28,240,126757.64,Active,Low
L001139,C00809,Home,483300.0,15.92,2023-06-08,120,384203.81,Active,Low
L001140,C08462,Home,104300.0,12.8,2022-05-05,48,62466.98,Closed,Medium
L001141,C07280,Personal,205300.0,10.87,2023-03-01,180,106171.7,Active,Low
L001142,C08493,Home,290300.0,8.71,2022-03-17,36,64167.88,Closed,Low
L001143,C07705,Personal,246700.0,9.17,2022-01-01,180,41185.98,Active,Medium
L001144,C05399,Personal,50000.0,6.83,2022-10-14,12,25476.14,Active,Low
L001145,C12558,Auto,91400.0,12.86,2024-10-03,12,6752.71,Active,Medium
L001146,C05532,Personal,183000.0,7.72,2025-03-13,180,146440.9,Active,Low
L001147,C05440,Personal,341600.0,8.04,2024-02-04,48,64513.14,Active,Low
L001148,C14401,Home,150400.0,14.56,2024-04-24,12,125384.5,Active,Medium
L001149,C00386,Auto,192500.0,10.09,2023-01-02,48,53857.68,Active,Low
L001150,C12574,Home,644800.0,11.03,2022-12-16,48,369422.21,Active,High
L001151,C03268,Personal,135000.0,11.43,2024-06-07,24,109651.96,Closed,Low
L001152,C02839,Personal,64700.0,14.26,2024-05-04,180,38853.01,Active,Medium
L001153,C11292,Auto,90800.0,12.5,2022-04-18,48,40098.75,Active,Low
L001154,C12387,Home,272800.0,14.17,2022-10-08,240,189815.17,Closed,Medium
L001155,C06840,Auto,66700.0,8.44,2022-02-27,24,47936.76,Active,Low
L001156,C11733,Auto,52700.0,12.89,2024-11-03,36,30073.36,Active,Low
L001157,C12491,Home,130300.0,15.28,2023-05-07,60,79671.03,Active,Low
L001158,C04247,Home,119400.0,6.99,2024-06-20,24,41734.38,Active,Low
L001159,C00605,Education,215000.0,16.39,2024-05-20,36,33972.04,Closed,Low
L001160,C11798,Home,140700.0,7.77,2023-03-04,60,125037.77,Closed,Low
L001161,C00056,Business,340600.0,9.17,2024-01-02,240,240786.04,Active,Medium
L001162,C06114,Home,264200.0,8.71,2023-11-24,24,163189.79,Active,Low
L001163,C07105,Home,100300.0,13.85,2024-02-16,48,50454.22,Active,Low
L001164,C00401,Auto,422400.0,8.1,2025-10-19,24,189505.19,Active,Low
L001165,C04094,Home,50000.0,14.59,2022-12-05,12,23497.77,Active,Medium
L001166,C13521,Auto,50000.0,16.21,2023-04-09,240,29190.02,Active,Low
L001167,C05144,Business,149300.0,15.15,2022-10-31,48,48866.9,Closed,Low
L001168,C06997,Personal,79300.0,10.78,2024-01-31,120,43951.62,Closed,Low
L001169,C11521,Personal,321000.0,12.71,2022-09-23,180,275817.68,Active,High
L001170,C08833,Home,115400.0,7.92,2024-04-03,24,72555.95,Defaulted,Low
L001171,C02029,Personal,68100.0,11.03,2023-03-10,120,59810.42,Active,High
L001172,C01613,Business,153800.0,12.55,2024-06-07,180,130809.55,Active,Low
L001173,C13834,Home,567700.0,7.0,2022-03-21,36,69945.67,Active,Low
L001174,C03657,Home,189700.0,6.64,2024-01-24,180,172728.01,Active,Low
L001175,C04814,Personal,217100.0,8.22,2024-04-08,120,39330.76,Overdue,Medium
L001176,C09835,Personal,119400.0,10.1,2025-04-20,12,67396.14,Active,Low
L001177,C03355,Business,313800.0,12.02,2023-05-22,24,154001.67,Overdue,Low
L001178,C02566,Home,257200.0,6.89,2025-11-28,48,70099.75,Active,Low
L001179,C09831,Personal,172600.0,14.41,2025-10-20,180,84426.8,Active,Low
L001180,C11797,Personal,65900.0,15.69,2023-07-05,120,22231.01,Active,Low
L001181,C05583,Auto,149200.0,8.9,2022-07-16,48,27924.52,Active,Medium
L001182,C00751,Business,143100.0,7.35,2025-07-29,36,129191.05,Active,Medium
L001183,C00929,Home,292200.0,11.33,2025-11-25,84,37245.01,Active,Low
L001184,C14368,Home,506100.0,8.69,2022-10-26,120,427654.49,Closed,Medium
L001185,C02069,Home,130100.0,16.36,2024-01-22,120,89435.5,Closed,High
L001186,C14707,Home,128900.0,16.12,2024-12-19,24,78359.48,Active,Low
L001187,C13087,Home,50000.0,9.56,2024-10-31,240,8512.91,Active,Medium
L001188,C12099,Home,110100.0,12.29,2025-11-16,120,100378.53,Active,Medium
L001189,C08190,Home,309800.0,10.51,2024-05-02,120,29368.15,Active,Low
L001190,C13375,Home,787800.0,16.06,2025-07-12,84,345470.3,Active,Medium
L001191,C06650,Auto,221800.0,11.82,2023-04-28,60,66425.97,Overdue,Medium
L001192,C00646,Personal,145000.0,14.15,2024-10-19,48,97270.6,Active,Low
L001193,C03516,Personal,344900.0,7.31,2024-03-08,12,255466.94,Closed,Low
L001194,C02590,Auto,255800.0,10.33,2023-04-13,180,212738.64,Overdue,Medium
L001195,C02376,Personal,85300.0,7.43,2025-10-20,60,66150.8,Defaulted,Low
L001196,C01760,Business,59400.0,7.33,2023-10-28,36,51423.25,Active,Low
L001197,C07155,Personal,129900.0,8.14,2023-07-02,180,60059.48,Active,Medium
L001198,C02630,Home,82500.0,7.83,2023-09-11,12,21615.12,Active,Low
L001199,C00912,Auto,92000.0,11.4,2025-05-07,180,79645.67,Active,Low
L001200,C05550,Home,450400.0,7.35,2022-11-08,84,133668.46,Active,Low
L001201,C02806,Home,270800.0,13.57,2024-06-29,84,155405.5,Active,Low
L001202,C07224,Business,150500.0,16.09,2024-08-03,60,100189.5,Defaulted,Low
L001203,C07221,Auto,150100.0,16.06,2025-06-21,120,54023.87,Active,Low
L001204,C04014,Home,381000.0,8.18,2023-04-07,120,156597.27,Overdue,Medium
L001205,C00238,Auto,119500.0,10.15,2025-10-29,36,56374.37,Active,Medium
L001206,C13531,Home,103900.0,16.33,2023-03-26,60,30846.46,Active,Low
L001207,C03375,Auto,112400.0,9.51,2022-04-21,24,85709.8,Active,Low
L001208,C11282,Auto,86800.0,14.6,2025-05-03,60,68454.17,Active,Low
L001209,C01621,Business,116400.0,12.17,2023-09-17,120,108129.24,Overdue,Medium
L001210,C04306,Personal,157900.0,7.36,2022-01-04,24,26830.78,Active,Medium
L001211,C14244,Business,50000.0,15.11,2022-11-20,60,14746.87,Active,Low
L001212,C09568,Home,223100.0,12.65,2025-09-19,48,95206.01,Overdue,Low
L001213,C04661,Personal,226100.0,13.67,2025-06-23,48,149888.51,Closed,High
L001214,C14924,Business,459500.0,12.22,2024-01-01,60,403187.09,Active,Low
L001215,C01922,Auto,178000.0,10.39,2023-07-05,60,77645.14,Active,Medium
L001216,C13386,Auto,94900.0,10.0,2022-11-15,84,12728.95,Closed,Medium
L001217,C01246,Personal,163300.0,11.07,2022-09-21,48,57818.24,Active,Medium
L001218,C04757,Business,192600.0,14.43,2022-08-10,240,98800.96,Active,High
L001219,C06729,Auto,433600.0,8.66,2024-06-04,84,394646.08,Active,Medium
L001220,C10909,Personal,50000.0,16.02,2024-02-25,60,43903.47,Closed,Low
L001221,C03557,Personal,180000.0,10.7,2022-10-12,60,66803.35,Active,Medium
L001222,C08506,Personal,79500.0,6.68,2022-12-10,240,25526.76,Active,Low
L001223,C00567,Home,172800.0,13.2,2022-11-13,24,95758.22,Active,Medium
L001224,C05323,Personal,82600.0,13.71,2025-11-13,120,50654.18,Active,Medium
L001225,C01489,Personal,124100.0,11.94,2022-01-02,24,115349.0,Active,Low
L001226,C02775,Auto,150600.0,9.09,2022-05-06,36,48318.91,Active,Medium
L001227,C07452,Personal,147600.0,6.99,2025-11-01,24,39342.3,Active,Low
L001228,C03849,Home,220200.0,11.8,2025-03-29,60,143478.63,Active,High
L001229,C04133,Auto,67400.0,13.33,2025-07-07,180,24382.73,Overdue,Low
L001230,C13332,Home,186300.0,8.44,2025-04-16,84,137699.5,Active,Low
L001231,C00233,Education,349500.0,11.15,2025-09-16,36,100108.46,Active,Low
L001232,C14314,Home,106200.0,9.19,2025-06-01,60,62385.86,Closed,Low
L001233,C13559,Auto,318100.0,15.05,2023-12-11,84,296031.37,Closed,Medium
L001234,C03255,Home,74800.0,7.88,2022-11-17,120,36538.34,Closed,Low
L001235,C03308,Education,50000.0,10.66,2025-03-28,120,30155.29,Active,Low
L001236,C07525,Auto,227300.0,8.58,2022-07-05,36,185464.69,Active,Low
L001237,C02913,Personal,72000.0,6.7,2022-03-18,24,15698.09,Active,Medium
L001238,C02576,Business,314700.0,13.26,2025-04-15,24,221037.08,Active,High
L001239,C03623,Home,66800.0,13.6,2023-06-12,12,31108.2,Closed,High
L001240,C11882,Personal,267700.0,12.0,2024-01-18,120,214296.88,Closed,Low
L001241,C04945,Home,59200.0,8.53,2024-04-02,180,30810.21,Defaulted,Low
L001242,C03328,Home,311900.0,7.85,2024-12-17,12,160384.09,Active,High
L001243,C00449,Education,796800.0,12.71,2023-07-17,180,632366.02,Defaulted,Low
L001244,C06705,Business,286200.0,16.37,2022-10-13,12,51482.45,Active,Low
L001245,C03720,Education,420400.0,14.44,2024-03-21,84,360750.08,Closed,Low
L001246,C09250,Home,800200.0,6.72,2025-01-05,60,284263.55,Active,Low
L001247,C02032,Personal,425200.0,7.64,2023-02-09,36,170681.11,Active,Medium
L001248,C05012,Personal,81900.0,13.24,2025-04-28,36,67386.73,Active,Low
L001249,C12541,Home,122300.0,16.03,2024-05-17,60,92601.33,Active,Medium
L001250,C02814,Home,440600.0,9.82,2024-03-10,36,211983.32,Overdue,Medium
L001251,C06803,Education,66700.0,10.02,2024-12-22,60,3952.05,Active,Low
L001252,C11415,Auto,807400.0,7.39,2022-04-18,24,128502.24,Closed,Medium
L001253,C04122,Personal,293100.0,14.06,2022-08-31,180,221240.54,Active,Low
L001254,C11320,Business,108500.0,7.77,2024-01-08,36,59893.93,Active,Medium
L001255,C04050,Personal,295400.0,11.19,2024-12-09,24,24112.04,Active,Medium
L001256,C02087,Personal,118500.0,15.2,2023-12-11,24,32764.55,Active,High
L001257,C13892,Personal,326100.0,11.97,2024-06-14,12,137813.48,Active,Low
L001258,C12516,Personal,233400.0,7.13,2024-10-17,60,199978.04,Active,Low
L001259,C11816,Auto,574000.0,11.87,2024-10-29,120,312164.41,Active,Medium
L001260,C10847,Personal,300500.0,14.04,2023-01-12,36,213467.88,Overdue,High
L001261,C06821,Personal,217700.0,12.51,2024-07-16,84,84173.71,Closed,Low
L001262,C11939,Home,358500.0,16.36,2025-11-06,12,239792.39,Active,Medium
L001263,C03386,Home,535600.0,12.05,2025-04-06,48,31950.44,Active,Medium
L001264,C03177,Auto,223300.0,15.3,2024-07-28,36,69678.8,Closed,Low
L001265,C03709,Business,136400.0,12.75,2024-02-17,60,17469.27,Active,Medium
L001266,C02899,Home,134100.0,13.21,2024-10-20,12,109279.07,Active,Low
L001267,C01891,Auto,127400.0,11.2,2023-08-20,84,104039.32,Active,Medium
L001268,C00852,Personal,92200.0,12.64,2025-12-09,180,11439.77,Active,Medium
L001269,C12866,Personal,162500.0,13.09,2022-04-22,24,99544.57,Defaulted,Low
L001270,C13990,Personal,52000.0,13.79,2024-07-15,120,22761.3,Active,Low
L001271,C13314,Personal,355400.0,13.15,2025-04-09,48,256856.47,Active,Medium
L001272,C01323,Home,71900.0,11.98,2022-07-15,48,17946.61,Active,High
L001273,C07565,Home,107300.0,9.62,2022-08-03,12,58157.43,Closed,Low
L001274,C00517,Home,140100.0,15.26,2024-06-18,48,126987.05,Closed,Medium
L001275,C08588,Personal,242100.0,13.97,2023-01-02,84,156377.4,Active,Low
L001276,C14446,Business,103200.0,7.95,2024-09-07,12,25102.87,Active,Medium
L001277,C06867,Home,213700.0,11.61,2025-02-22,24,194268.78,Active,Low
L001278,C10620,Auto,130600.0,12.5,2022-10-21,24,37531.79,Closed,Medium
L001279,C02301,Home,64000.0,12.97,2023-11-24,84,27394.59,Closed,Low
L001280,C10081,Home,93800.0,14.74,2023-09-06,12,32408.51,Active,Low
L001281,C07769,Auto,186700.0,14.3,2024-04-14,60,175533.49,Closed,Medium
L001282,C02411,Personal,247700.0,11.74,2023-08-14,120,198636.3,Active,Medium
L001283,C11225,Personal,63600.0,15.85,2022-04-09,36,8381.21,Closed,Low
L001284,C01075,Home,176000.0,12.76,2023-03-22,12,34144.29,Active,Medium
L001285,C12230,Home,226200.0,6.81,2023-08-02,12,62751.56,Active,Low
L001286,C00294,Home,75000.0,9.47,2024-07-13,48,32177.96,Active,Low
L001287,C02020,Education,139100.0,13.48,2023-03-15,36,23468.15,Active,Medium
L001288,C08242,Home,286800.0,11.57,2025-12-09,24,77220.47,Active,Medium
L001289,C05021,Personal,959700.0,7.53,2025-06-12,84,196726.52,Active,Low
L001290,C03443,Home,437200.0,8.33,2023-12-13,36,278185.65,Active,Medium
L001291,C02009,Home,66400.0,8.38,2023-03-20,240,25142.1,Active,Medium
L001292,C00573,Auto,118800.0,8.9,2022-04-09,36,89479.79,Closed,Low
L001293,C09879,Personal,105600.0,8.13,2024-10-20,48,39353.7,Active,Low
L001294,C12195,Home,72400.0,6.84,2022-03-06,240,16340.21,Closed,Low
L001295,C13172,Auto,402900.0,6.72,2023-05-09,12,118922.89,Closed,Low
L001296,C08730,Home,402300.0,10.54,2024-12-04,48,109991.78,Active,Low
L001297,C03748,Auto,54900.0,8.16,2025-10-09,48,17605.02,Active,Medium
L001298,C14233,Auto,152200.0,9.83,2025-06-03,180,34543.84,Active,Low
L001299,C11782,Personal,294200.0,15.41,2024-12-17,84,47066.71,Overdue,Low
L001300,C03281,Personal,210200.0,7.38,2022-10-05,84,185316.77,Active,Low
L001301,C12148,Personal,128700.0,12.09,2023-11-25,48,44049.77,Active,Low
L001302,C11616,Home,204800.0,12.3,2024-08-09,48,157943.34,Closed,Medium
L001303,C00387,Auto,96600.0,14.12,2024-03-14,12,67877.98,Closed,Low
L001304,C02719,Personal,61400.0,9.65,2025-11-19,120,47215.43,Closed,Medium
L001305,C11371,Personal,50000.0,12.69,2025-12-22,60,12965.08,Closed,Low
L001306,C14446,Business,121700.0,9.44,2024-12-24,60,82105.37,Active,Low
L001307,C09342,Home,66100.0,11.15,2024-07-28,240,51195.59,Active,Low
L001308,C13163,Auto,96700.0,7.01,2023-08-27,120,79388.25,Closed,Low
L001309,C02685,Personal,284100.0,15.21,2023-12-16,84,151229.21,Active,High
L001310,C12011,Home,256600.0,15.43,2022-01-26,84,221869.55,Active,Low
L001311,C00347,Home,70900.0,14.51,2024-07-13,36,18644.35,Active,Low
L001312,C11800,Home,445900.0,15.52,2022-01-09,12,335139.59,Active,Medium
L001313,C14500,Personal,161900.0,14.19,2025-09-07,60,115209.43,Active,Low
L001314,C11471,Education,74400.0,8.84,2025-03-22,36,43257.53,Active,Low
L001315,C08647,Education,142000.0,13.18,2023-12-08,24,120002.47,Active,Medium
L001316,C04895,Personal,460200.0,15.57,2022-06-15,120,256146.21,Active,Medium
L001317,C13309,Business,410000.0,8.42,2023-01-13,120,354490.22,Active,Low
L001318,C13787,Auto,50000.0,12.87,2025-10-02,36,40677.87,Defaulted,Low
L001319,C00736,Personal,159700.0,13.63,2022-01-04,120,18085.73,Closed,Low
L001320,C05029,Education,467500.0,9.16,2024-07-15,120,394811.29,Active,Medium
L001321,C01002,Education,157400.0,7.94,2024-04-07,120,114072.46,Overdue,Low
L001322,C08485,Home,95000.0,15.87,2022-03-03,60,76687.56,Active,Low
L001323,C04381,Personal,485800.0,7.5,2022-01-08,48,131431.01,Active,Low
L001324,C10566,Auto,116200.0,10.78,2024-11-19,120,60534.81,Active,Medium
L001325,C04468,Home,186000.0,8.11,2025-06-16,240,24221.0,Active,Medium
L001326,C11734,Auto,60100.0,12.21,2022-02-14,36,6605.79,Active,Low
L001327,C13642,Personal,154400.0,11.2,2024-07-11,180,97781.67,Active,Low
L001328,C10635,Business,610200.0,14.7,2022-03-12,240,154526.41,Overdue,Low
L001329,C07507,Business,160300.0,7.44,2022-06-23,24,51727.65,Active,Medium
L001330,C05115,Personal,197200.0,8.63,2025-04-26,180,13156.26,Active,Low
L001331,C04816,Home,106000.0,12.12,2022-05-25,120,69466.45,Active,Low
L001332,C04326,Home,204200.0,11.54,2024-09-21,60,69709.9,Active,Low
L001333,C06020,Personal,87000.0,12.96,2023-12-06,24,34394.06,Active,Low
L001334,C04059,Auto,104700.0,8.27,2024-09-21,120,20108.08,Active,Low
L001335,C06646,Personal,60100.0,12.53,2025-02-24,240,29146.79,Active,Low
L001336,C06000,Auto,237900.0,15.39,2022-11-14,36,156269.66,Active,Medium
L001337,C05363,Home,103500.0,6.77,2023-10-08,24,76079.84,Active,Medium
L001338,C09645,Home,115600.0,7.15,2023-07-13,48,87303.3,Active,Low
L001339,C08224,Business,273000.0,11.23,2024-12-31,48,114887.89,Active,Low
L001340,C09254,Home,520500.0,15.35,2022-03-24,48,274657.9,Active,Medium
L001341,C10323,Home,161800.0,9.1,2022-01-22,48,44313.59,Active,Medium
L001342,C00753,Business,50000.0,14.63,2022-11-15,24,6657.83,Closed,Low
L001343,C08870,Business,126700.0,15.13,2025-02-15,120,117642.07,Overdue,Low
L001344,C13215,Auto,178700.0,15.67,2022-02-02,48,27662.95,Active,Medium
L001345,C04958,Home,50000.0,14.06,2022-08-04,180,17976.06,Closed,Low
L001346,C11748,Home,236900.0,9.88,2022-09-04,12,76016.55,Closed,Medium
L001347,C05876,Personal,67400.0,15.68,2025-10-12,84,7236.25,Active,High
L001348,C00134,Personal,50600.0,8.12,2025-05-01,180,43224.33,Closed,Low
L001349,C00696,Education,542600.0,15.27,2024-04-28,12,82606.87,Active,Low
L001350,C03775,Personal,467600.0,11.8,2025-12-08,60,323234.11,Active,Medium
L001351,C14226,Home,198900.0,14.68,2023-06-14,48,58835.31,Active,Medium
L001352,C12252,Auto,50000.0,15.22,2024-08-26,24,27034.92,Overdue,Medium
L001353,C11514,Auto,148600.0,7.94,2025-09-10,60,103195.36,Active,Low
L001354,C01792,Auto,128900.0,10.71,2024-07-28,12,41367.8,Active,High
L001355,C08718,Home,214500.0,14.64,2023-02-04,84,192554.53,Closed,High
L001356,C02313,Home,159200.0,6.58,2023-10-27,60,60142.05,Active,High
L001357,C14714,Auto,617400.0,9.53,2024-03-12,120,270310.82,Closed,Low
L001358,C05538,Personal,82800.0,14.51,2024-12-08,180,8403.67,Active,Medium
L001359,C05526,Business,241600.0,13.98,2023-01-17,120,43569.59,Closed,Medium
L001360,C09123,Home,338900.0,14.65,2024-06-16,120,200612.55,Active,Medium
L001361,C13892,Personal,68900.0,8.79,2024-04-09,48,46504.42,Active,Low
L001362,C14479,Auto,50000.0,15.21,2023-07-13,60,39169.93,Active,Medium
L001363,C06359,Auto,142800.0,8.27,2023-07-19,12,112831.65,Active,Medium
L001364,C01002,Auto,241400.0,7.82,2022-12-27,120,33679.01,Closed,Medium
L001365,C07558,Business,292000.0,12.45,2023-08-17,180,231342.91,Active,Medium
L001366,C06909,Education,311900.0,10.58,2025-05-05,84,158762.53,Active,Medium
L001367,C14948,Personal,169400.0,11.32,2024-08-25,60,133358.29,Active,Low
L001368,C01489,Auto,194100.0,9.43,2022-11-15,48,21855.88,Closed,Low
L001369,C05804,Auto,50000.0,8.44,2022-03-03,48,32472.94,Active,Low
L001370,C01857,Home,84400.0,8.76,2022-01-19,120,47644.63,Active,Low
L001371,C03661,Home,76700.0,8.02,2023-03-31,24,27096.27,Overdue,Low
L001372,C10575,Auto,104400.0,14.21,2022-02-15,24,66066.0,Closed,Low
L001373,C14056,Personal,683100.0,13.22,2022-03-05,48,632444.78,Closed,High
L001374,C01822,Home,149800.0,16.05,2024-12-12,60,103634.33,Active,Low
L001375,C02383,Home,60900.0,11.02,2022-02-15,240,7029.66,Active,Low
L001376,C01323,Home,281200.0,9.94,2023-07-12,240,22410.3,Active,Low
L001377,C07824,Personal,326600.0,10.84,2025-09-22,84,241310.61,Active,Medium
L001378,C03225,Personal,97200.0,10.87,2022-06-11,60,70432.31,Active,Medium
L001379,C08245,Business,344000.0,11.29,2022-12-22,48,200519.88,Active,Low
L001380,C04053,Home,191800.0,13.87,2025-09-02,60,18638.31,Closed,Low
L001381,C06247,Home,177000.0,12.39,2025-04-21,120,65189.99,Active,Low
L001382,C07930,Auto,171100.0,10.87,2024-09-19,180,108167.99,Active,High
L001383,C02666,Personal,97100.0,15.7,2024-03-25,84,46500.51,Active,Medium
L001384,C10296,Personal,156700.0,13.83,2022-02-21,240,54655.51,Closed,Medium
L001385,C10087,Personal,115100.0,12.96,2025-11-25,84,72371.08,Overdue,Low
L001386,C06999,Home,206100.0,11.58,2023-10-02,36,153623.9,Active,Medium
L001387,C08807,Home,125100.0,12.44,2024-09-04,180,43185.31,Active,Low
L001388,C01267,Personal,132400.0,14.22,2022-11-23,12,37253.06,Active,Low
L001389,C08396,Auto,68100.0,13.36,2022-03-26,120,61067.61,Closed,Low
L001390,C03415,Auto,242000.0,8.47,2022-08-22,36,211010.99,Active,Medium
L001391,C14835,Auto,369000.0,12.33,2022-10-29,24,28886.3,Active,Medium
L001392,C08096,Home,329600.0,15.12,2024-12-12,84,122611.32,Active,Low
L001393,C14322,Business,70500.0,7.98,2024-12-04,84,48156.49,Active,Low
L001394,C14446,Personal,145900.0,6.89,2024-07-14,60,37237.36,Active,Medium
L001395,C12846,Personal,100400.0,7.97,2025-10-21,240,94826.94,Closed,Medium
L001396,C00722,Home,101700.0,9.29,2022-12-31,180,65845.56,Active,Low
L001397,C04824,Home,318100.0,14.54,2023-04-01,120,195205.56,Active,Medium
L001398,C13020,Home,202700.0,8.02,2024-01-02,48,105117.05,Active,Low
L001399,C12642,Home,124100.0,8.92,2025-08-29,240,107868.57,Closed,Low
L001400,C10578,Home,348700.0,11.63,2023-10-01,60,125179.04,Active,Low
L001401,C07329,Home,406800.0,13.05,2023-12-17,48,143629.68,Active,Low
L001402,C07693,Personal,321600.0,13.65,2023-11-01,120,261519.6,Active,Medium
L001403,C13378,Home,1479300.0,14.68,2022-04-28,180,222758.09,Closed,Low
L001404,C04550,Auto,306000.0,14.05,2024-12-15,240,216931.73,Overdue,Low
L001405,C00372,Home,50000.0,7.2,2023-09-01,12,28052.19,Closed,Low
L001406,C10208,Auto,70700.0,6.61,2022-03-31,120,19375.64,Active,Medium
L001407,C07288,Auto,315800.0,15.09,2024-07-20,36,170321.93,Active,Low
L001408,C14779,Auto,50000.0,13.69,2024-07-10,48,33346.38,Active,Medium
L001409,C08332,Auto,193200.0,11.38,2024-09-07,60,47512.41,Active,Low
L001410,C01154,Personal,907700.0,12.33,2025-07-21,240,570490.68,Active,Low
L001411,C09257,Home,391000.0,7.99,2024-10-26,240,130628.16,Closed,Medium
L001412,C08674,Personal,519300.0,12.64,2024-09-01,60,131501.9,Closed,Low
L001413,C13988,Home,158900.0,8.43,2025-07-28,240,89273.4,Active,Low
L001414,C02731,Personal,222400.0,16.05,2023-07-17,12,210541.19,Active,Low
L001415,C00157,Auto,114600.0,16.38,2025-06-26,240,101598.56,Active,Medium
L001416,C04487,Auto,404900.0,8.65,2024-07-16,180,118279.27,Active,Low
L001417,C13881,Business,110000.0,12.5,2022-12-02,48,16252.59,Active,High
L001418,C11664,Home,197600.0,7.61,2025-03-27,36,74397.17,Active,High
L001419,C09483,Personal,205600.0,10.54,2025-05-09,24,157737.64,Active,Medium
L001420,C06828,Auto,95100.0,8.35,2024-09-12,48,13960.85,Active,Low
L001421,C13750,Home,609800.0,8.36,2024-01-19,12,309437.49,Closed,Low
L001422,C13958,Personal,959400.0,11.21,2022-05-02,84,542647.19,Active,Low
L001423,C09612,Home,151800.0,8.83,2023-05-15,24,23218.84,Active,High
L001424,C00103,Home,100200.0,9.44,2023-03-07,60,47584.99,Active,Low
L001425,C13551,Home,268000.0,7.02,2025-08-04,48,135635.08,Active,Medium
L001426,C12118,Personal,113700.0,8.71,2023-05-05,84,69643.39,Closed,High
L001427,C04944,Personal,187500.0,15.52,2025-09-20,240,174326.4,Active,Low
L001428,C03475,Education,98800.0,15.94,2024-09-28,240,28960.4,Active,Medium
L001429,C07947,Education,122000.0,13.66,2023-11-12,120,98903.3,Active,Low
L001430,C02380,Education,174200.0,10.96,2025-05-10,120,77208.11,Active,Low
L001431,C13850,Auto,118900.0,9.93,2025-05-10,180,63732.87,Active,Low
L001432,C00961,Personal,52600.0,15.29,2024-11-29,180,15205.8,Active,Medium
L001433,C13491,Personal,281400.0,7.59,2025-08-20,180,72532.54,Overdue,Medium
L001434,C03705,Auto,504800.0,14.36,2023-05-18,84,117705.99,Closed,Medium
L001435,C03534,Personal,231500.0,6.57,2024-10-04,36,107909.11,Active,High
L001436,C00638,Personal,100200.0,12.9,2022-09-01,120,61607.17,Active,Medium
L001437,C10743,Education,646700.0,12.43,2023-12-25,180,398297.97,Active,Low
L001438,C03702,Auto,302100.0,15.04,2024-11-22,120,173813.34,Active,High
L001439,C10679,Personal,51800.0,10.04,2025-05-19,36,32983.57,Active,Low
L001440,C08790,Auto,142200.0,14.07,2022-11-10,12,107190.66,Closed,Medium
L001441,C02884,Home,121300.0,10.55,2022-10-19,84,90061.19,Defaulted,Low
L001442,C05549,Personal,140600.0,15.24,2024-05-25,120,26021.78,Active,Low
L001443,C07523,Home,90000.0,7.03,2024-11-09,48,11472.76,Active,Low
L001444,C06132,Personal,54500.0,14.22,2025-11-19,120,26602.75,Overdue,Low
L001445,C09040,Auto,205900.0,6.59,2025-10-07,24,66325.85,Active,Low
L001446,C14343,Education,222700.0,10.4,2024-11-05,240,98514.9,Active,Low
L001447,C00644,Business,114900.0,15.61,2024-09-28,84,92872.15,Active,Medium
L001448,C13432,Home,171300.0,11.38,2023-10-20,24,73644.39,Active,Medium
L001449,C02585,Business,58000.0,9.43,2022-04-17,36,6677.78,Active,High
L001450,C01642,Home,240800.0,7.94,2022-09-02,36,157100.8,Active,Low
L001451,C06755,Personal,50500.0,12.52,2023-02-15,48,4322.79,Overdue,Medium
L001452,C10661,Home,52500.0,12.52,2022-07-21,120,25673.14,Active,Low
L001453,C08720,Home,50000.0,14.2,2025-09-19,180,4628.44,Active,Low
L001454,C00597,Business,152400.0,11.79,2024-11-16,180,123409.7,Active,Low
L001455,C01722,Auto,333300.0,15.31,2025-11-19,240,237681.19,Active,Low
L001456,C14483,Business,254300.0,13.08,2023-11-13,180,161752.27,Active,Low
L001457,C10645,Home,241800.0,12.18,2025-05-22,180,130191.44,Active,Low
L001458,C00098,Business,83900.0,12.33,2022-01-16,24,30128.73,Closed,Medium
L001459,C14129,Personal,103500.0,13.16,2023-03-09,84,49184.91,Overdue,Low
L001460,C04738,Education,65300.0,14.38,2022-11-08,180,26693.69,Closed,Medium
L001461,C11814,Auto,162200.0,12.79,2023-04-25,36,91500.08,Active,Low
L001462,C05244,Business,83700.0,6.62,2024-11-17,60,69097.25,Active,Low
L001463,C01586,Auto,157100.0,12.54,2025-10-01,60,90323.31,Active,Medium
L001464,C01374,Business,166700.0,10.51,2023-05-10,12,84053.79,Active,Low
L001465,C05191,Business,106700.0,15.05,2022-06-21,180,83782.54,Active,Medium
L001466,C09841,Business,367000.0,14.13,2025-12-21,60,108773.19,Active,Medium
L001467,C09357,Personal,177500.0,8.26,2022-05-04,84,67774.53,Overdue,Low
L001468,C03630,Personal,121700.0,16.47,2022-10-06,12,98412.83,Active,Medium
L001469,C13168,Personal,193200.0,6.61,2023-03-11,60,118792.54,Active,Medium
L001470,C02965,Personal,60400.0,9.51,2025-02-24,12,14338.12,Active,High
L001471,C06371,Home,161900.0,14.66,2022-04-14,120,75174.77,Active,Medium
L001472,C08757,Home,270100.0,14.46,2022-08-26,120,61937.53,Active,Medium
L001473,C08630,Business,128100.0,16.42,2025-09-07,120,33160.03,Closed,Medium
L001474,C10712,Home,97300.0,6.67,2023-07-09,180,63835.01,Closed,High
L001475,C03418,Auto,135800.0,13.27,2024-08-12,60,121740.71,Active,Low
L001476,C11613,Education,52400.0,14.88,2024-01-06,48,10322.3,Active,Low
L001477,C04700,Personal,60600.0,13.79,2025-02-09,12,7234.65,Active,Medium
L001478,C04231,Education,85600.0,6.98,2022-07-12,24,27044.72,Closed,Medium
L001479,C08337,Personal,277500.0,14.53,2025-12-10,48,161474.93,Overdue,Medium
L001480,C02178,Personal,95500.0,11.84,2023-01-26,240,51284.56,Closed,Low
L001481,C00270,Personal,131800.0,9.31,2024-09-23,120,24595.25,Closed,Low
L001482,C09396,Business,60400.0,9.69,2025-01-09,60,5689.68,Active,Low
L001483,C06846,Auto,233700.0,10.96,2025-12-03,120,88433.77,Active,Low
L001484,C03769,Personal,203400.0,14.8,2025-09-15,12,159026.85,Active,Medium
L001485,C06728,Business,84400.0,10.83,2023-11-07,12,8102.35,Closed,Low
L001486,C03758,Auto,174300.0,10.06,2023-07-01,240,19278.53,Active,Low
L001487,C06425,Home,460700.0,7.23,2022-10-19,24,262162.09,Closed,Medium
L001488,C13835,Business,129600.0,8.65,2025-05-01,180,80919.95,Active,Medium
L001489,C13105,Business,93100.0,15.45,2025-05-22,120,37362.75,Active,Low
L001490,C03220,Home,59900.0,8.0,2025-04-22,24,40365.54,Active,Low
L001491,C07359,Auto,120000.0,12.06,2025-11-02,60,54674.27,Active,Low
L001492,C12108,Business,358200.0,14.57,2024-01-21,48,161436.8,Active,Low
L001493,C08881,Personal,96600.0,9.11,2024-02-23,120,27601.11,Closed,Medium
L001494,C01316,Home,119000.0,9.4,2025-01-16,84,55780.36,Closed,Medium
L001495,C07471,Personal,65500.0,11.36,2024-09-11,24,46595.78,Overdue,High
L001496,C10312,Auto,149500.0,13.34,2023-03-11,180,9986.92,Active,Low
L001497,C07597,Education,343600.0,7.97,2024-05-02,180,313157.01,Active,High
L001498,C08883,Personal,162500.0,14.9,2022-04-14,36,108594.57,Active,High
L001499,C07277,Home,336500.0,9.06,2022-01-21,180,124038.66,Active,Low
L001500,C00897,Auto,353300.0,10.35,2022-08-20,12,71030.77,Overdue,Low
L001501,C03174,Auto,70700.0,8.09,2025-06-27,180,62512.08,Active,Low
L001502,C07934,Personal,758000.0,14.66,2024-11-06,60,56793.47,Active,Low
L001503,C05478,Personal,123900.0,7.45,2024-04-26,120,103244.06,Active,Medium
L001504,C14199,Home,253900.0,10.34,2025-05-04,24,180025.63,Active,Low
L001505,C03669,Personal,67200.0,15.48,2024-10-30,36,5090.14,Active,Medium
L001506,C03211,Business,449300.0,8.78,2022-07-04,84,130676.55,Active,Low
L001507,C01659,Education,217700.0,9.16,2023-12-10,84,13864.69,Active,Low
L001508,C07439,Home,259500.0,15.2,2024-08-07,12,193429.41,Active,Low
L001509,C05125,Home,177600.0,16.12,2024-06-12,12,119969.62,Active,Medium
L001510,C08424,Home,423100.0,8.57,2025-01-18,180,96279.89,Active,Low
L001511,C08548,Home,244000.0,14.67,2024-08-31,12,25182.55,Closed,Low
L001512,C10830,Home,797000.0,15.65,2023-01-14,48,449442.09,Active,Low
L001513,C08647,Home,248700.0,7.71,2022-11-06,48,221189.21,Active,Low
L001514,C14330,Personal,372200.0,15.74,2024-08-21,48,35208.07,Closed,Medium
L001515,C08475,Personal,177700.0,14.68,2022-02-19,120,13972.66,Active,Low
L001516,C14694,Personal,124500.0,8.66,2022-11-18,60,44364.04,Closed,Low
L001517,C06491,Business,275300.0,10.49,2025-10-16,240,84812.07,Active,High
L001518,C14901,Business,451500.0,16.48,2022-03-18,180,342723.99,Active,Low
L001519,C01932,Auto,529900.0,9.82,2023-09-02,24,33834.14,Active,Low
L001520,C02737,Home,138900.0,16.16,2024-08-31,24,100483.08,Closed,Low
L001521,C12859,Personal,176800.0,11.42,2024-11-02,60,11390.17,Closed,Medium
L001522,C04913,Auto,304100.0,12.0,2024-07-07,60,142281.97,Defaulted,Medium
L001523,C09189,Personal,92900.0,10.54,2024-04-18,84,85140.21,Active,Medium
L001524,C00083,Education,239800.0,7.72,2024-11-22,48,132973.82,Closed,Low
L001525,C08069,Auto,95800.0,7.98,2024-04-03,180,14449.41,Overdue,High
L001526,C01538,Personal,59900.0,7.46,2022-01-03,240,25209.63,Active,Low
L001527,C09513,Home,178300.0,10.42,2023-01-28,120,155696.19,Active,Low
L001528,C09365,Home,116400.0,16.0,2024-12-28,12,88475.28,Closed,Low
L001529,C00636,Personal,337800.0,13.74,2023-12-22,120,298929.07,Active,High
L001530,C04890,Home,54600.0,9.81,2023-06-06,48,48847.07,Closed,Low
L001531,C02236,Personal,193100.0,14.75,2023-09-04,12,12074.01,Active,Low
L001532,C00693,Education,50000.0,15.24,2025-07-24,240,14597.32,Active,Low
L001533,C03054,Education,122200.0,9.25,2025-03-20,24,75890.32,Closed,Low
L001534,C12531,Auto,52800.0,13.8,2022-11-25,84,38065.98,Active,Medium
L001535,C14054,Personal,132500.0,9.48,2024-01-18,84,71235.73,Active,Medium
L001536,C05761,Home,157000.0,15.07,2024-08-01,36,139833.5,Active,Low
L001537,C02551,Home,151000.0,13.63,2022-12-03,12,43348.42,Active,Medium
L001538,C11482,Home,270700.0,15.53,2022-03-04,12,31724.1,Active,Low
L001539,C06737,Home,64600.0,7.42,2024-11-30,120,36292.2,Active,Low
L001540,C11807,Education,778500.0,11.56,2025-09-25,60,489424.86,Closed,Low
L001541,C05763,Business,69000.0,6.84,2025-10-22,24,3817.21,Active,Low
L001542,C04612,Business,178100.0,8.63,2024-10-24,60,150088.98,Active,Medium
L001543,C05280,Personal,222500.0,13.86,2024-08-16,180,143239.31,Active,Medium
L001544,C06769,Auto,254000.0,8.47,2023-05-26,120,123055.43,Active,Low
L001545,C04677,Personal,302200.0,13.03,2024-11-01,24,237800.15,Active,High
L001546,C01907,Personal,50000.0,8.67,2025-08-27,180,36589.02,Active,Low
L001547,C13579,Personal,71300.0,8.15,2022-06-29,24,3653.8,Overdue,Low
L001548,C09141,Education,221100.0,13.16,2025-08-29,120,156672.22,Active,Medium
L001549,C01968,Education,208600.0,14.74,2025-10-06,60,43787.77,Active,Medium
L001550,C05307,Home,112900.0,7.95,2022-12-22,36,20475.03,Closed,Medium
L001551,C05972,Personal,94200.0,12.12,2025-12-06,84,85947.09,Active,High
L001552,C14853,Home,178100.0,13.21,2022-10-14,240,135668.71,Active,Low
L001553,C01944,Personal,50000.0,16.41,2025-04-25,48,39659.47,Active,Low
L001554,C04809,Auto,422400.0,16.45,2023-07-07,48,393098.93,Active,Low
L001555,C05666,Education,529800.0,8.28,2024-08-13,84,64625.49,Closed,Low
L001556,C03952,Personal,899500.0,7.3,2022-09-28,12,433601.88,Overdue,Low
L001557,C07549,Home,190500.0,9.96,2024-04-22,240,180048.56,Active,Low
L001558,C13890,Education,513900.0,7.48,2025-08-10,84,305569.04,Overdue,Low
L001559,C12085,Home,69000.0,6.53,2022-01-28,240,32017.07,Active,Medium
L001560,C02197,Education,434300.0,9.42,2024-06-21,120,111880.95,Active,Medium
L001561,C04894,Personal,82300.0,16.37,2023-11-01,240,59692.78,Closed,Low
L001562,C10546,Home,672600.0,14.95,2024-04-21,36,329602.33,Active,Medium
L001563,C09997,Personal,172100.0,15.53,2022-02-23,12,83594.01,Overdue,Low
L001564,C08303,Personal,182600.0,9.47,2025-06-18,120,157431.57,Active,Medium
L001565,C04383,Education,249500.0,11.33,2024-02-12,240,196041.01,Active,Low
L001566,C00045,Auto,193300.0,10.5,2025-07-13,180,77771.43,Overdue,Medium
L001567,C14502,Business,271300.0,9.96,2025-08-22,60,52552.69,Closed,Low
L001568,C04523,Auto,56400.0,8.56,2024-07-19,240,12206.1,Active,High
L001569,C04957,Home,50000.0,16.38,2025-11-06,60,46968.7,Active,Low
L001570,C03186,Auto,50000.0,9.39,2023-12-06,120,40112.53,Active,Medium
L001571,C07674,Auto,408700.0,13.26,2024-04-01,240,31756.05,Closed,High
L001572,C08468,Personal,264200.0,10.71,2025-08-18,84,231226.73,Active,High
L001573,C10947,Education,542700.0,9.74,2024-01-12,36,185251.04,Active,Low
L001574,C12116,Home,50000.0,9.6,2024-11-03,84,3846.26,Active,Low
L001575,C08946,Home,128000.0,7.65,2024-08-26,120,6456.03,Closed,Low
L001576,C04989,Auto,109200.0,11.6,2023-05-14,48,103391.73,Active,Low
L001577,C13616,Personal,196300.0,11.31,2023-05-04,36,84123.08,Closed,Medium
L001578,C02039,Home,290600.0,9.99,2024-12-27,84,203075.35,Active,Low
L001579,C04874,Auto,1040800.0,11.08,2023-07-04,240,719049.7,Active,Medium
L001580,C02598,Home,513500.0,11.38,2023-11-27,240,302415.42,Active,Low
L001581,C06450,Auto,621700.0,9.62,2023-06-26,24,405416.94,Active,Low
L001582,C11241,Business,310300.0,10.0,2022-09-21,240,214780.33,Overdue,Medium
L001583,C10761,Auto,152000.0,9.3,2025-10-15,180,100058.13,Overdue,Low
L001584,C07746,Home,173900.0,8.48,2025-07-10,12,120929.29,Active,Low
L001585,C08865,Education,211300.0,14.01,2023-01-30,24,64580.05,Active,Medium
L001586,C05617,Personal,232400.0,9.99,2022-09-24,24,82975.7,Active,Low
L001587,C02441,Personal,122300.0,12.08,2022-03-18,120,70626.42,Active,Low
L001588,C01723,Education,64600.0,7.68,2025-03-23,60,43580.86,Defaulted,Medium
L001589,C14071,Business,50000.0,8.34,2024-07-04,12,14239.06,Active,Medium
L001590,C08871,Personal,111200.0,15.02,2024-08-15,84,15517.77,Active,Medium
L001591,C08363,Home,50000.0,13.25,2023-04-16,12,6277.57,Active,Low
L001592,C07561,Personal,158000.0,16.17,2023-03-29,60,66528.04,Overdue,Low
L001593,C00056,Business,50000.0,6.52,2023-12-16,48,11707.37,Active,Low
L001594,C11692,Education,239300.0,8.89,2022-02-13,12,104725.12,Active,Low
L001595,C06715,Auto,187700.0,9.35,2022-11-13,84,135150.96,Overdue,Low
L001596,C00394,Personal,81300.0,13.52,2023-01-07,120,9183.48,Active,Low
L001597,C11559,Home,142900.0,7.51,2023-10-03,48,74632.52,Overdue,Medium
L001598,C08061,Personal,130100.0,16.11,2022-07-27,12,120389.24,Active,High
L001599,C07640,Home,101300.0,10.36,2023-04-17,120,92189.31,Active,Low
L001600,C09539,Education,617600.0,7.96,2023-07-20,240,572872.95,Closed,Medium
L001601,C00385,Home,91600.0,7.8,2023-04-29,84,65209.06,Closed,Low
L001602,C03469,Home,345200.0,16.42,2022-11-28,24,119014.51,Active,Medium
L001603,C14711,Personal,197300.0,11.35,2022-02-16,12,179884.29,Closed,Low
L001604,C04160,Auto,239300.0,11.02,2025-07-30,120,174388.82,Active,Medium
L001605,C13499,Home,294500.0,9.63,2023-07-24,120,240371.58,Active,High
L001606,C12416,Home,172300.0,8.38,2023-01-27,120,71655.95,Active,Medium
L001607,C00774,Business,508500.0,7.55,2022-09-02,240,236223.67,Active,Low
L001608,C00062,Personal,363200.0,15.47,2023-09-27,24,285583.25,Active,Medium
L001609,C11280,Personal,259000.0,10.12,2023-04-29,24,90487.64,Closed,Medium
L001610,C10713,Auto,100100.0,10.49,2022-08-28,84,66295.2,Active,Low
L001611,C02673,Home,115300.0,9.33,2025-05-22,84,94684.93,Overdue,Medium
L001612,C00679,Personal,468300.0,13.78,2024-06-18,24,79219.82,Active,Low
L001613,C10279,Home,135000.0,11.07,2023-11-10,12,74317.17,Active,Low
L001614,C08464,Business,181400.0,13.72,2025-11-26,180,21200.32,Active,Low
L001615,C13858,Personal,152500.0,10.35,2022-05-18,36,103672.21,Active,Medium
L001616,C06264,Personal,228100.0,11.1,2023-07-03,120,197618.7,Active,Low
L001617,C09151,Auto,131900.0,9.76,2024-08-11,180,51447.76,Closed,Low
L001618,C13850,Personal,264300.0,16.21,2024-12-25,36,145436.18,Closed,Medium
L001619,C09447,Personal,51600.0,6.62,2022-06-02,12,36894.09,Closed,Low
L001620,C06099,Personal,125700.0,8.56,2024-02-27,240,59921.26,Active,High
L001621,C13686,Personal,59300.0,10.83,2024-11-26,180,23336.06,Active,Medium
L001622,C01371,Auto,219800.0,7.47,2024-07-21,12,171042.4,Closed,Low
L001623,C09251,Home,72700.0,13.19,2022-05-11,120,48713.23,Active,Low
L001624,C02753,Home,320300.0,12.66,2022-08-17,24,17404.19,Closed,Medium
L001625,C03655,Personal,50000.0,12.84,2022-06-19,240,45048.87,Active,Medium
L001626,C07039,Auto,59400.0,14.71,2025-08-26,36,44139.7,Active,Medium
L001627,C02619,Auto,108000.0,9.14,2023-08-10,120,40004.23,Active,Low
L001628,C07444,Home,307800.0,13.42,2024-01-03,36,226193.51,Active,Low
L001629,C13239,Home,98500.0,9.45,2022-11-09,180,81974.88,Overdue,Low
L001630,C08070,Personal,118400.0,16.09,2025-11-14,84,55968.55,Closed,Low
L001631,C09680,Home,375300.0,14.14,2023-10-04,36,265585.83,Active,Low
L001632,C04466,Home,134600.0,10.56,2024-09-29,12,102416.0,Active,Low
L001633,C06267,Business,93600.0,6.83,2025-11-08,120,68897.03,Active,Medium
L001634,C08979,Education,370100.0,14.35,2022-06-04,120,87084.01,Active,Low
L001635,C04414,Auto,80500.0,13.62,2024-08-08,180,11102.64,Closed,Medium
L001636,C10923,Home,107700.0,11.11,2023-02-25,12,99784.15,Active,Low
L001637,C07955,Home,187900.0,12.65,2024-06-15,60,51810.39,Active,Low
L001638,C13080,Personal,634500.0,11.34,2024-06-18,84,571128.88,Closed,Low
L001639,C14953,Auto,124400.0,11.91,2024-08-26,84,82789.05,Active,Low
L001640,C06126,Home,50000.0,9.13,2023-12-11,60,5463.7,Overdue,Low
L001641,C01500,Business,181900.0,9.12,2025-05-16,120,61273.3,Active,Medium
L001642,C06009,Personal,487800.0,7.95,2025-08-06,48,328242.78,Active,Medium
L001643,C11284,Business,133000.0,8.1,2025-06-09,24,122327.62,Active,Medium
L001644,C00828,Business,64900.0,7.16,2024-07-14,60,13420.64,Defaulted,Low
L001645,C01292,Auto,99900.0,14.47,2023-05-15,120,45798.59,Active,High
L001646,C09914,Home,300400.0,12.89,2022-05-03,84,262225.8,Active,Low
L001647,C14292,Business,276500.0,7.66,2023-11-19,180,75586.82,Active,High
L001648,C00794,Education,221000.0,10.06,2024-03-27,120,160368.28,Closed,Low
L001649,C04335,Home,110400.0,9.06,2023-10-09,12,83108.25,Active,Medium
L001650,C12963,Home,708400.0,7.94,2025-01-27,24,321430.3,Active,Medium
L001651,C08898,Auto,97300.0,12.51,2025-12-05,24,32446.38,Overdue,Low
L001652,C08377,Personal,1648400.0,12.65,2022-12-18,120,1086580.02,Closed,Low
L001653,C09516,Auto,124100.0,8.87,2024-05-19,240,42342.76,Closed,Medium
L001654,C06347,Home,329200.0,7.59,2023-12-01,120,199695.36,Active,Low
L001655,C13713,Personal,108600.0,13.82,2023-11-15,24,54080.89,Active,Low
L001656,C10477,Personal,130300.0,10.2,2024-05-26,12,37216.34,Active,Medium
L001657,C07184,Personal,215400.0,13.66,2024-12-31,60,32702.86,Active,High
L001658,C11503,Education,61900.0,11.9,2024-02-01,60,43145.79,Closed,High
L001659,C03810,Personal,98700.0,8.31,2025-05-19,120,15382.96,Active,Low
L001660,C03597,Personal,266700.0,8.75,2024-03-17,180,26975.52,Closed,Low
L001661,C07875,Personal,866600.0,11.13,2023-09-18,12,726091.28,Active,Medium
L001662,C04732,Home,110500.0,6.54,2025-03-20,60,76510.85,Active,Medium
L001663,C03083,Education,117400.0,9.89,2023-11-25,240,84023.56,Active,Low
L001664,C11508,Personal,74300.0,11.9,2025-10-31,12,46849.86,Active,Medium
L001665,C13422,Personal,155600.0,10.32,2024-04-20,60,60977.38,Closed,High
L001666,C00271,Personal,286600.0,12.07,2024-10-30,84,224862.82,Active,Low
L001667,C11642,Personal,637600.0,13.47,2023-01-15,120,209623.46,Active,Medium
L001668,C07694,Personal,194600.0,9.24,2022-12-15,84,164700.1,Closed,Low
L001669,C14881,Auto,365600.0,14.21,2024-01-07,180,81761.37,Active,Medium
L001670,C03030,Auto,229800.0,13.38,2024-09-12,180,137557.31,Overdue,Low
L001671,C10257,Business,413000.0,14.61,2022-11-23,84,334671.45,Active,Low
L001672,C00858,Business,235300.0,8.62,2024-03-23,36,92825.74,Active,Low
L001673,C06958,Education,87800.0,7.38,2025-10-02,120,58949.83,Active,Medium
L001674,C14706,Education,160900.0,7.85,2024-10-19,180,25367.43,Overdue,High
L001675,C11149,Education,169100.0,9.8,2024-11-21,48,61723.37,Overdue,Low
L001676,C14755,Personal,383400.0,13.4,2022-12-10,180,145727.35,Active,Medium
L001677,C01173,Auto,219200.0,12.77,2022-11-23,36,142867.97,Active,Low
L001678,C08763,Auto,50400.0,13.78,2025-05-31,24,34652.55,Active,Low
L001679,C09195,Home,172100.0,15.98,2025-11-30,36,44248.61,Active,Low
L001680,C11859,Education,67500.0,9.27,2024-09-21,180,16432.3,Active,Low
L001681,C04848,Home,143200.0,16.3,2022-11-01,48,37505.7,Active,Low
L001682,C07372,Home,66300.0,15.16,2025-06-23,12,60814.0,Active,Low
L001683,C02986,Business,95800.0,9.38,2022-01-31,240,46990.9,Closed,Medium
L001684,C13936,Home,98500.0,13.16,2024-03-05,48,56162.38,Active,Low
L001685,C06118,Home,328900.0,12.2,2022-12-24,12,101753.06,Active,Medium
L001686,C14378,Home,228800.0,7.48,2022-06-02,60,114340.9,Active,Medium
L001687,C09252,Business,367500.0,8.04,2022-02-13,240,260043.95,Overdue,Medium
L001688,C01346,Auto,52800.0,14.86,2025-10-24,36,31065.19,Active,Low
L001689,C10418,Home,81800.0,13.21,2022-03-03,84,8364.41,Closed,Low
L001690,C12968,Auto,80400.0,14.01,2024-06-20,120,24449.27,Active,Medium
L001691,C14580,Home,83300.0,9.8,2023-06-25,48,46875.46,Active,Medium
L001692,C12393,Business,686500.0,11.71,2023-03-20,12,590845.75,Closed,Medium
L001693,C06497,Personal,481000.0,16.47,2025-01-02,120,279333.5,Active,Low
L001694,C13483,Home,243000.0,13.23,2025-11-20,12,163579.46,Active,Low
L001695,C02737,Auto,98200.0,15.71,2022-01-03,36,11618.06,Active,High
L001696,C08033,Auto,381000.0,6.51,2025-09-11,84,140187.89,Closed,Low
L001697,C01807,Education,86900.0,16.37,2022-06-18,180,38089.92,Overdue,Low
L001698,C10554,Home,393900.0,8.67,2024-07-15,24,259838.63,Closed,Low
L001699,C12723,Auto,134800.0,9.9,2024-12-12,84,42904.64,Active,Low
L001700,C03471,Education,51300.0,9.93,2022-10-02,240,34168.04,Closed,Medium
L001701,C04028,Auto,399800.0,7.86,2022-08-30,180,66273.67,Active,Low
L001702,C13541,Personal,435300.0,11.71,2025-01-16,24,334479.15,Active,Low
L001703,C02955,Personal,172500.0,6.53,2022-03-02,48,82374.4,Active,Medium
L001704,C14838,Personal,338100.0,6.51,2024-01-08,36,219501.05,Active,High
L001705,C00414,Home,250900.0,15.58,2023-03-30,180,28917.03,Active,Medium
L001706,C11663,Home,214000.0,15.63,2023-04-30,60,60670.96,Active,Low
L001707,C04597,Personal,391600.0,16.32,2023-07-14,36,94308.68,Active,Low
L001708,C02973,Auto,109700.0,8.96,2023-12-01,84,30625.17,Active,Low
L001709,C06472,Personal,232900.0,10.51,2025-01-13,24,220430.09,Active,Medium
L001710,C12772,Home,259400.0,11.38,2025-05-27,60,44909.51,Active,High
L001711,C00204,Auto,143300.0,10.21,2023-03-23,12,63669.63,Active,Low
L001712,C05159,Business,117300.0,7.9,2024-05-04,36,30483.79,Active,Medium
L001713,C01559,Business,80400.0,12.53,2024-02-13,48,20871.21,Active,Medium
L001714,C04216,Home,422200.0,7.26,2024-11-03,60,155530.06,Active,High
L001715,C03089,Personal,110800.0,13.62,2024-03-14,36,16313.73,Active,Low
L001716,C02357,Business,372100.0,10.24,2023-05-02,180,158015.16,Active,Low
L001717,C00294,Home,165600.0,13.29,2024-05-17,24,88465.11,Closed,Low
L001718,C07918,Personal,85200.0,11.86,2024-01-11,48,31460.61,Active,High
L001719,C08019,Home,56500.0,12.58,2024-10-05,120,42511.03,Active,Medium
L001720,C02558,Education,783700.0,15.6,2023-03-15,120,177088.16,Active,Low
L001721,C09527,Auto,62300.0,13.58,2024-03-27,60,18219.96,Closed,Medium
L001722,C01789,Personal,267000.0,15.21,2025-08-31,84,145354.4,Closed,Low
L001723,C14724,Personal,317200.0,7.59,2023-02-11,84,18722.91,Active,Medium
L001724,C12303,Personal,91400.0,8.36,2025-09-03,24,72410.01,Active,Low
L001725,C12324,Home,173100.0,15.68,2024-03-02,48,72192.04,Active,Low
L001726,C09145,Education,215300.0,16.28,2025-11-05,24,117232.57,Active,Low
L001727,C10166,Auto,124300.0,11.01,2023-12-13,120,54486.74,Active,Low
L001728,C06909,Business,358100.0,15.93,2023-10-16,84,224449.72,Active,Low
L001729,C13477,Education,232200.0,12.16,2024-04-09,60,136581.35,Defaulted,Low
L001730,C11471,Auto,193400.0,10.52,2024-09-01,120,55876.33,Closed,Low
L001731,C02410,Home,84400.0,15.52,2024-08-30,24,40263.48,Active,High
L001732,C08244,Personal,50000.0,10.8,2025-03-08,240,12553.75,Active,Low
L001733,C05539,Home,157100.0,9.12,2025-12-25,12,42180.23,Active,Low
L001734,C10205,Personal,474300.0,13.54,2022-06-12,24,420730.3,Closed,Low
L001735,C09148,Personal,251000.0,10.16,2024-09-10,36,212646.4,Closed,High
L001736,C07877,Personal,285500.0,14.81,2022-09-22,36,21466.96,Active,Low
L001737,C00133,Auto,79200.0,14.65,2025-01-20,36,38195.0,Active,Medium
L001738,C14239,Auto,226700.0,11.57,2025-08-25,240,51711.63,Closed,Low
L001739,C06313,Home,234300.0,11.68,2024-10-25,36,105397.69,Active,Low
L001740,C14447,Home,81700.0,11.4,2023-02-25,84,34739.7,Active,Low
L001741,C07500,Auto,71500.0,14.76,2025-03-20,24,64291.26,Overdue,Medium
L001742,C14451,Auto,273100.0,7.63,2025-09-25,36,212835.28,Active,Low
L001743,C12049,Personal,417000.0,12.43,2025-10-21,120,41779.75,Active,Medium
L001744,C09009,Home,235200.0,15.53,2025-08-29,240,106606.58,Overdue,Low
L001745,C02262,Home,85300.0,16.02,2023-04-26,24,64019.95,Closed,Low
L001746,C10523,Home,479400.0,9.44,2023-08-21,180,31433.51,Active,Low
L001747,C07322,Personal,50000.0,7.36,2022-08-17,240,21560.66,Closed,Medium
L001748,C10020,Home,242000.0,12.83,2022-10-02,240,84935.02,Closed,Low
L001749,C08012,Personal,202800.0,7.75,2023-10-03,24,11014.5,Active,Low
L001750,C10186,Auto,965600.0,11.1,2024-01-30,60,207313.82,Active,Low
L001751,C05546,Business,905400.0,12.67,2023-09-21,48,486076.93,Active,Medium
L001752,C08640,Home,257200.0,8.36,2024-04-06,12,42548.89,Active,Low
L001753,C05908,Home,65200.0,15.14,2022-08-14,12,44094.16,Closed,Medium
L001754,C13237,Home,249100.0,14.72,2023-12-16,120,67282.29,Active,Low
L001755,C03112,Personal,339100.0,10.47,2022-11-09,48,117668.42,Closed,Medium
L001756,C14823,Home,225600.0,13.44,2025-11-27,240,184763.93,Active,Low
L001757,C12108,Personal,132100.0,10.92,2022-04-28,36,92974.5,Active,Medium
L001758,C13213,Home,137800.0,14.22,2025-10-02,36,80766.97,Active,Low
L001759,C07571,Business,198900.0,9.25,2023-11-23,48,65251.54,Closed,Low
L001760,C02401,Business,231500.0,9.25,2023-10-08,120,18451.77,Active,Medium
L001761,C14151,Personal,165100.0,9.87,2023-06-01,24,93720.28,Closed,Medium
L001762,C03723,Education,292600.0,9.94,2025-08-06,24,277419.45,Active,Low
L001763,C01340,Home,58800.0,8.72,2024-08-07,48,16164.1,Overdue,Medium
L001764,C08508,Personal,59200.0,8.59,2024-02-04,48,20940.33,Active,Medium
L001765,C14822,Auto,106300.0,8.6,2025-04-29,84,71893.69,Active,Low
L001766,C08560,Education,220300.0,13.71,2023-01-22,36,79620.43,Active,Low
L001767,C08155,Home,81600.0,9.61,2023-05-22,12,37640.48,Active,Low
L001768,C00127,Home,137400.0,9.33,2023-11-29,84,34879.52,Active,Low
L001769,C09588,Business,50000.0,9.65,2024-02-21,60,28967.24,Active,Low
L001770,C13989,Business,141100.0,14.69,2024-08-18,120,128970.87,Overdue,Low
L001771,C14001,Personal,315500.0,9.7,2022-03-10,36,283838.05,Active,Medium
L001772,C12165,Home,226500.0,8.46,2022-07-11,84,97256.93,Active,Medium
L001773,C08734,Personal,215300.0,11.97,2022-01-09,36,132293.86,Active,Low
L001774,C09736,Personal,151600.0,9.32,2024-10-03,36,132165.3,Active,Low
L001775,C11230,Business,582600.0,8.16,2022-06-11,48,346039.02,Active,Low
L001776,C04788,Personal,271700.0,16.12,2024-10-31,60,78867.87,Active,High
L001777,C05387,Personal,186700.0,9.32,2022-02-06,84,99336.33,Active,Low
L001778,C01527,Business,121500.0,8.48,2023-06-09,12,78265.99,Active,Low
L001779,C01229,Home,329500.0,10.51,2024-08-20,48,182990.7,Closed,Low
L001780,C10842,Home,190300.0,14.5,2024-01-27,180,131054.84,Defaulted,Medium
L001781,C04732,Personal,465300.0,13.72,2025-11-18,24,223852.71,Active,Medium
L001782,C13402,Home,67100.0,11.38,2023-06-25,120,45662.46,Active,Low
L001783,C10792,Personal,601700.0,16.12,2023-01-18,180,262408.51,Active,Low
L001784,C05288,Home,179500.0,8.04,2022-07-03,120,9817.4,Closed,Low
L001785,C07568,Home,111800.0,10.42,2024-07-23,36,78299.89,Active,Medium
L001786,C08292,Education,255800.0,6.89,2022-08-24,60,208812.69,Defaulted,High
L001787,C14626,Personal,148000.0,14.93,2025-07-14,240,103246.65,Active,Low
L001788,C05715,Home,50000.0,9.5,2023-06-25,36,8391.06,Active,Medium
L001789,C06203,Auto,50000.0,12.45,2023-03-28,240,27684.0,Overdue,Medium
L001790,C10499,Home,50000.0,16.16,2022-11-01,84,22116.73,Closed,Medium
L001791,C11614,Auto,121200.0,6.91,2024-01-14,180,66653.72,Closed,Low
L001792,C02537,Auto,301900.0,8.05,2023-08-14,84,196608.54,Active,Low
L001793,C05545,Education,152000.0,7.82,2025-11-16,36,119953.74,Active,Low
L001794,C08501,Education,180100.0,9.18,2025-10-09,36,108224.57,Active,Medium
L001795,C06215,Personal,117500.0,15.91,2024-09-26,84,44211.22,Active,Low
L001796,C09710,Personal,91000.0,8.23,2025-04-07,48,16720.67,Active,Medium
L001797,C00630,Personal,50000.0,15.1,2023-10-24,24,36273.84,Active,Low
L001798,C13821,Home,439100.0,9.15,2023-10-23,48,311296.68,Active,Medium
L001799,C13064,Personal,50000.0,16.02,2025-04-13,84,40683.38,Closed,High
L001800,C13532,Auto,234300.0,15.85,2025-07-24,24,160537.82,Active,Low
L001801,C09800,Education,120600.0,7.01,2023-02-23,48,29666.5,Active,Low
L001802,C10602,Business,66600.0,10.13,2023-03-15,180,20965.08,Active,Medium
L001803,C10441,Auto,66900.0,14.62,2024-01-20,120,46248.31,Overdue,Low
L001804,C01814,Education,259800.0,7.86,2024-12-15,240,172331.76,Closed,Medium
L001805,C12495,Home,68000.0,9.59,2023-07-27,36,33754.97,Overdue,Low
L001806,C04391,Auto,275300.0,15.78,2023-04-19,240,69370.89,Active,Low
L001807,C04884,Home,267200.0,12.92,2025-02-07,36,89592.93,Closed,Low
L001808,C11719,Home,75700.0,13.46,2023-12-21,48,28492.53,Active,Low
L001809,C04994,Home,261100.0,15.67,2023-07-02,240,43518.68,Active,Medium
L001810,C00947,Personal,1408900.0,15.41,2024-11-28,180,396781.61,Active,Medium
L001811,C12394,Personal,211300.0,15.79,2024-05-29,24,95530.76,Active,Low
L001812,C04141,Home,67400.0,11.06,2024-11-05,48,26860.1,Active,Medium
L001813,C09121,Business,196700.0,9.52,2024-11-09,180,150618.32,Active,High
L001814,C01733,Auto,213500.0,13.74,2022-03-06,12,35397.09,Defaulted,Medium
L001815,C01463,Home,83500.0,16.25,2023-07-01,240,78779.85,Active,Low
L001816,C08787,Home,655500.0,14.28,2022-11-17,240,106120.68,Active,Low
L001817,C06948,Personal,818000.0,12.23,2023-07-08,24,327852.19,Closed,Low
L001818,C12849,Education,202500.0,15.49,2025-07-05,36,51959.7,Active,Medium
L001819,C08499,Auto,380700.0,8.03,2022-12-03,60,309266.04,Active,Medium
L001820,C00880,Home,226300.0,6.88,2025-05-12,48,190575.55,Active,Low
L001821,C07480,Home,115500.0,8.32,2022-11-10,24,76729.96,Active,Low
L001822,C00408,Home,229600.0,10.11,2024-02-23,120,65209.96,Active,Low
L001823,C03463,Auto,50000.0,9.47,2025-04-03,60,6891.67,Closed,Medium
L001824,C13776,Personal,160100.0,14.15,2024-11-30,12,54909.33,Closed,Low
L001825,C08803,Auto,171700.0,14.11,2025-10-09,12,144169.55,Active,Medium
L001826,C01459,Business,143800.0,9.46,2023-03-10,60,114573.15,Active,High
L001827,C02226,Home,108500.0,12.47,2023-01-01,84,16833.28,Active,Medium
L001828,C11998,Business,350200.0,9.39,2025-03-24,120,217003.57,Active,Low
L001829,C02483,Personal,280000.0,10.24,2022-10-07,84,159767.2,Active,Medium
L001830,C02046,Home,535000.0,13.59,2025-03-04,36,90687.37,Defaulted,Low
L001831,C07898,Home,50000.0,6.65,2025-02-03,120,43577.3,Active,Medium
L001832,C01280,Auto,83400.0,6.81,2023-03-19,12,40710.98,Closed,Low
L001833,C11184,Home,241600.0,11.5,2022-06-15,36,35658.48,Closed,High
L001834,C11798,Home,577000.0,13.98,2024-07-25,48,546599.85,Active,Low
L001835,C12418,Business,50000.0,7.91,2024-01-22,84,43524.71,Active,Low
L001836,C12916,Education,573300.0,13.72,2023-05-15,36,387608.58,Overdue,Medium
L001837,C12535,Business,117100.0,15.6,2025-03-29,60,16445.49,Active,Medium
L001838,C09904,Home,50500.0,14.72,2025-03-24,180,12044.6,Active,Low
L001839,C13171,Home,104700.0,15.26,2022-01-08,84,94643.06,Active,Medium
L001840,C03420,Business,51400.0,12.11,2024-06-07,180,20193.25,Active,Medium
L001841,C03693,Personal,85900.0,8.23,2025-02-17,240,48128.46,Active,Low
L001842,C06096,Personal,260900.0,8.03,2023-12-09,48,124856.58,Active,Low
L001843,C11735,Home,180500.0,16.12,2025-07-01,180,46238.07,Defaulted,High
L001844,C05659,Home,453800.0,10.88,2023-05-13,36,209477.71,Active,Medium
L001845,C13690,Home,124400.0,13.09,2022-11-02,24,45582.84,Active,Low
L001846,C00875,Auto,77700.0,14.77,2025-07-09,36,25534.19,Active,Medium
L001847,C03544,Personal,182300.0,12.15,2024-12-06,36,106649.53,Closed,Medium
L001848,C03201,Auto,58400.0,12.86,2022-02-10,24,11300.59,Active,Low
L001849,C11456,Home,172300.0,7.32,2025-10-08,120,133762.19,Active,Medium
L001850,C12884,Home,106100.0,12.67,2022-06-15,240,67567.2,Active,Medium
L001851,C02154,Auto,93300.0,13.35,2022-10-19,24,41585.4,Overdue,Low
L001852,C13181,Personal,61800.0,10.6,2023-10-15,60,51256.32,Defaulted,Low
L001853,C10725,Home,291200.0,12.51,2022-06-03,180,166108.47,Active,Low
L001854,C04993,Home,739300.0,10.28,2022-01-03,84,603064.73,Active,Low
L001855,C08436,Auto,370800.0,13.26,2022-07-23,240,79605.16,Active,Medium
L001856,C13652,Personal,323200.0,15.4,2024-03-30,60,46942.32,Overdue,Low
L001857,C10635,Auto,171100.0,8.18,2024-04-03,180,87950.78,Active,Low
L001858,C13352,Business,290500.0,10.01,2024-04-10,36,133687.17,Closed,Low
L001859,C12583,Home,106200.0,6.62,2023-10-23,36,82684.94,Closed,Medium
L001860,C08992,Auto,89200.0,15.97,2025-12-21,84,25497.38,Active,Medium
L001861,C07694,Auto,72100.0,8.96,2025-03-07,180,55088.87,Active,Low
L001862,C14288,Home,162800.0,13.1,2023-06-03,240,42322.62,Active,Medium
L001863,C03695,Home,143200.0,15.31,2025-06-17,120,93869.56,Active,Low
L001864,C14538,Personal,533600.0,14.45,2024-01-04,36,34640.11,Active,Low
L001865,C10028,Home,516100.0,6.64,2023-10-11,24,117617.41,Active,Medium
L001866,C14424,Auto,411500.0,14.25,2023-10-13,60,218021.1,Active,Medium
L001867,C09638,Home,195600.0,7.1,2023-08-08,12,117114.62,Closed,Low
L001868,C02878,Personal,572400.0,8.16,2023-04-27,36,165510.59,Active,Medium
L001869,C02536,Personal,60400.0,13.56,2022-06-17,60,11963.2,Active,Low
L001870,C10648,Personal,191100.0,10.31,2024-01-31,240,78661.88,Active,Medium
L001871,C07009,Auto,271400.0,14.75,2025-09-08,84,162032.92,Active,Low
L001872,C12817,Business,105900.0,13.7,2022-06-17,240,30074.84,Active,Low
L001873,C11865,Education,196400.0,6.76,2023-03-13,180,111485.34,Active,Medium
L001874,C10549,Business,507800.0,12.11,2022-04-18,240,443816.98,Overdue,Medium
L001875,C07996,Home,85700.0,7.0,2023-02-17,48,21635.43,Active,Medium
L001876,C00474,Personal,78100.0,6.84,2025-08-14,180,68110.8,Active,High
L001877,C12017,Personal,50000.0,8.43,2023-10-10,84,12680.71,Active,Low
L001878,C14821,Auto,170500.0,8.07,2025-08-07,84,120279.27,Active,Medium
L001879,C00414,Auto,127200.0,6.94,2023-11-27,48,17543.76,Active,Low
L001880,C11558,Home,311600.0,8.18,2025-05-04,24,23725.61,Active,Medium
L001881,C14924,Education,286500.0,6.5,2025-10-10,120,99924.02,Active,Low
L001882,C10088,Auto,1083200.0,10.08,2022-08-16,240,145544.98,Active,Medium
L001883,C11939,Auto,226200.0,9.56,2024-02-05,48,91402.13,Active,Low
L001884,C05212,Personal,50000.0,11.01,2024-05-18,24,13485.83,Active,Medium
L001885,C08122,Personal,122600.0,13.62,2024-01-16,60,91807.06,Active,Low
L001886,C10182,Home,210100.0,13.65,2023-02-03,48,84769.51,Closed,Medium
L001887,C06699,Education,492300.0,13.13,2024-02-16,240,353704.36,Active,Low
L001888,C14046,Home,68700.0,8.94,2022-04-01,36,40815.04,Active,Medium
L001889,C09514,Personal,254500.0,7.19,2025-04-24,180,20815.27,Overdue,Medium
L001890,C12365,Business,105400.0,16.25,2023-09-02,240,49156.32,Active,Low
L001891,C07099,Business,200500.0,11.4,2023-02-21,24,28667.01,Overdue,High
L001892,C14400,Business,183300.0,12.9,2025-02-10,180,148758.82,Active,Medium
L001893,C14039,Home,361800.0,16.26,2024-12-10,48,210810.32,Active,Medium
L001894,C13839,Home,275600.0,8.3,2024-05-05,12,19895.95,Active,High
L001895,C06911,Auto,458800.0,14.77,2023-07-12,180,400054.84,Active,Medium
L001896,C09668,Business,189300.0,10.92,2023-02-12,48,43822.27,Closed,Low
L001897,C13016,Auto,169700.0,9.36,2023-04-30,84,144078.68,Closed,Medium
L001898,C09848,Business,145800.0,16.34,2025-09-14,240,121437.3,Active,Medium
L001899,C04553,Home,118400.0,13.63,2023-03-12,240,52925.82,Overdue,Low
L001900,C08783,Auto,358800.0,14.18,2025-09-24,240,282604.12,Active,Medium
L001901,C06591,Personal,275600.0,9.76,2025-01-06,24,198061.91,Active,Medium
L001902,C06017,Auto,353200.0,10.55,2024-06-09,120,55228.95,Closed,Low
L001903,C08841,Auto,146300.0,14.93,2024-05-30,60,72715.1,Defaulted,Low
L001904,C08218,Business,220900.0,14.31,2025-02-20,12,147604.52,Active,Low
L001905,C09926,Personal,146500.0,8.76,2025-08-20,36,55888.37,Active,Medium
L001906,C02864,Business,133000.0,13.66,2023-09-11,36,83893.32,Active,Medium
L001907,C14726,Home,50000.0,12.44,2023-03-22,120,12815.2,Active,High
L001908,C09613,Home,50000.0,11.14,2025-09-01,60,8069.27,Active,Low
L001909,C09759,Home,50000.0,7.43,2023-11-02,60,31517.63,Active,Medium
L001910,C09842,Personal,118200.0,13.35,2025-09-27,24,29684.73,Active,Medium
L001911,C05669,Home,165900.0,8.46,2024-10-13,180,39289.21,Active,Medium
L001912,C00166,Personal,144000.0,14.06,2025-05-25,240,44639.57,Active,Medium
L001913,C11502,Home,150000.0,12.03,2023-11-13,12,20719.43,Overdue,Low
L001914,C10267,Home,176300.0,11.2,2024-12-08,120,165038.17,Active,High
L001915,C08834,Home,89200.0,6.84,2024-11-30,60,50582.74,Closed,Medium
L001916,C09028,Auto,401400.0,12.29,2023-04-14,36,218510.82,Active,Medium
L001917,C10461,Education,217500.0,7.92,2025-11-11,24,153541.44,Closed,Low
L001918,C13763,Personal,176600.0,6.8,2024-11-11,24,91003.68,Active,Low
L001919,C04935,Business,131500.0,10.99,2022-04-05,24,70180.53,Active,Low
L001920,C12383,Home,114000.0,13.71,2023-08-08,240,87071.13,Closed,Medium
L001921,C01750,Education,223500.0,8.81,2025-03-10,180,171591.66,Active,Low
L001922,C13827,Personal,220900.0,12.48,2023-08-21,180,180975.57,Active,Low
L001923,C06090,Education,250600.0,12.75,2024-12-26,36,25893.35,Closed,Low
L001924,C12136,Business,231400.0,13.04,2023-07-08,24,30611.58,Closed,Medium
L001925,C13144,Home,50000.0,8.31,2023-02-20,84,36288.03,Active,Low
L001926,C13730,Auto,55500.0,8.73,2023-02-27,24,13937.3,Closed,Medium
L001927,C05856,Auto,498700.0,14.33,2023-09-09,36,448863.97,Active,Low
L001928,C07887,Business,253300.0,15.62,2024-08-06,12,20177.96,Active,Medium
L001929,C09245,Auto,72900.0,12.8,2023-12-08,180,34270.76,Active,Medium
L001930,C09311,Home,73800.0,12.19,2025-10-24,12,42123.16,Active,Low
L001931,C02158,Business,220900.0,11.88,2025-10-14,48,17006.24,Active,Medium
L001932,C02153,Home,449100.0,7.05,2024-10-26,12,285607.88,Active,Low
L001933,C04225,Auto,367100.0,10.3,2025-01-08,60,305068.75,Active,Low
L001934,C00095,Education,99400.0,13.93,2023-07-13,24,22395.56,Overdue,Medium
L001935,C06997,Personal,178300.0,15.55,2025-03-10,12,71950.16,Overdue,Medium
L001936,C02266,Auto,199900.0,9.61,2022-09-28,240,20639.8,Active,Low
L001937,C08848,Personal,237500.0,13.52,2023-07-20,36,83393.39,Closed,High
L001938,C14773,Personal,168400.0,10.11,2022-09-22,48,155484.88,Active,Low
L001939,C06954,Personal,50000.0,11.33,2022-12-03,12,30802.53,Active,Medium
L001940,C08998,Home,1067200.0,13.29,2024-02-19,120,788987.55,Overdue,Medium
L001941,C02066,Home,111900.0,12.14,2024-04-26,60,64795.31,Active,Low
L001942,C00474,Personal,193700.0,10.18,2025-09-30,120,34429.83,Active,Low
L001943,C00631,Business,128600.0,9.04,2024-03-19,180,63178.71,Closed,Low
L001944,C14302,Personal,440800.0,10.98,2023-05-01,24,280430.83,Closed,Low
L001945,C12136,Home,153800.0,9.41,2022-05-05,24,31413.58,Active,High
L001946,C09648,Auto,186700.0,10.26,2022-04-17,48,21717.57,Active,Medium
L001947,C12753,Personal,453200.0,14.26,2024-04-28,84,296243.88,Active,Low
L001948,C09725,Education,124500.0,13.79,2023-10-30,84,86416.74,Active,Low
L001949,C06676,Personal,126300.0,9.27,2024-06-05,36,62819.4,Active,Medium
L001950,C06001,Personal,398200.0,10.2,2024-04-30,36,356079.61,Closed,Medium
L001951,C13022,Home,169100.0,9.59,2025-12-10,84,16670.76,Active,Medium
L001952,C04208,Personal,936900.0,11.58,2023-01-11,180,490932.26,Closed,Medium
L001953,C10832,Auto,312900.0,6.82,2023-05-18,180,218236.92,Active,Low
L001954,C03546,Personal,228700.0,8.05,2025-10-21,120,177208.12,Active,Low
L001955,C01237,Home,369900.0,10.06,2023-02-06,60,93092.05,Active,Medium
L001956,C14519,Auto,1095700.0,12.39,2022-06-04,48,638850.5,Closed,Medium
L001957,C07113,Personal,158500.0,12.0,2025-10-04,60,74263.44,Active,High
L001958,C09873,Personal,384000.0,11.53,2022-09-06,12,263003.65,Active,Low
L001959,C12659,Auto,279100.0,7.98,2023-10-10,180,215969.98,Closed,Low
L001960,C06892,Personal,95700.0,7.51,2024-03-26,60,39295.49,Closed,Medium
L001961,C06901,Personal,141600.0,11.58,2023-07-02,48,11364.86,Closed,Low
L001962,C03858,Education,101200.0,12.94,2025-12-14,48,59232.23,Overdue,High
L001963,C05506,Home,69100.0,9.21,2022-05-28,84,25558.48,Active,Low
L001964,C08662,Personal,173800.0,7.35,2025-03-05,12,98579.74,Active,Low
L001965,C03881,Personal,250300.0,16.42,2024-11-28,240,68802.48,Active,Low
L001966,C04556,Business,118200.0,9.02,2025-07-30,84,80147.19,Active,Low
L001967,C11638,Home,59500.0,15.38,2025-05-16,240,35704.76,Active,Medium
L001968,C00917,Business,534700.0,13.52,2024-12-16,180,90465.69,Overdue,Low
L001969,C06225,Home,221700.0,13.87,2023-12-18,12,96018.55,Active,Medium
L001970,C11799,Education,50000.0,9.95,2024-07-04,24,6493.37,Active,Low
L001971,C05564,Personal,130300.0,14.68,2025-05-09,84,19841.74,Active,Medium
L001972,C07422,Education,105000.0,8.01,2024-03-27,84,53561.31,Overdue,Medium
L001973,C11141,Auto,178000.0,11.7,2025-06-16,60,129591.46,Active,Low
L001974,C11011,Home,307500.0,11.06,2025-12-16,24,246253.12,Active,Low
L001975,C11368,Personal,76500.0,10.77,2025-10-28,84,70874.63,Active,Medium
L001976,C07673,Personal,315600.0,10.22,2022-03-17,48,184670.14,Overdue,Low
L001977,C13307,Home,596700.0,9.04,2023-04-29,84,318431.85,Active,Low
L001978,C08997,Personal,352200.0,16.44,2022-08-15,240,61534.49,Active,Low
L001979,C08891,Auto,300300.0,15.63,2022-02-27,36,104291.53,Active,Medium
L001980,C04206,Home,85900.0,7.86,2023-08-29,36,60024.95,Active,Low
L001981,C01979,Personal,761600.0,10.52,2023-11-12,36,720086.84,Closed,Low
L001982,C01176,Home,538800.0,14.85,2024-10-10,120,417984.03,Active,Low
L001983,C00446,Personal,122100.0,9.68,2023-04-22,12,31519.26,Closed,High
L001984,C09152,Home,172000.0,12.18,2023-10-13,48,30572.47,Active,Low
L001985,C12373,Personal,93400.0,13.12,2025-06-02,120,69862.48,Active,Low
L001986,C09850,Business,185600.0,13.63,2025-10-25,120,60399.55,Active,Low
L001987,C13628,Business,210800.0,14.78,2022-04-15,48,93140.36,Active,Low
L001988,C08358,Personal,50000.0,14.42,2024-05-21,120,6514.55,Closed,Low
L001989,C11466,Education,266400.0,13.22,2023-05-15,84,100270.17,Active,High
L001990,C05255,Education,378000.0,15.2,2025-10-16,24,163019.79,Overdue,Low
L001991,C01873,Home,58100.0,15.82,2025-10-12,84,37568.13,Active,Low
L001992,C13574,Home,100500.0,12.45,2024-06-20,48,41765.76,Active,Low
L001993,C11590,Personal,242400.0,11.53,2022-03-16,240,121650.72,Active,Low
L001994,C04108,Personal,197300.0,12.8,2023-04-17,12,156391.62,Defaulted,Low
L001995,C04024,Personal,327300.0,14.42,2025-05-12,120,43646.92,Active,High
L001996,C00550,Auto,61400.0,15.11,2022-05-20,12,28229.44,Active,High
L001997,C10559,Education,50400.0,12.05,2022-05-18,48,38511.98,Active,High
L001998,C13036,Home,204100.0,11.7,2022-01-24,60,12203.11,Active,Low
L001999,C05850,Personal,50000.0,15.43,2025-08-04,36,34064.4,Active,Low
L002000,C03732,Personal,152000.0,10.37,2022-12-07,36,125222.32,Active,Low
L002001,C11587,Personal,50000.0,6.73,2025-01-12,24,45071.09,Active,Low
L002002,C04050,Education,290700.0,15.34,2023-01-12,84,56292.11,Active,Low
L002003,C12233,Business,54700.0,9.55,2022-06-02,48,47154.9,Active,Low
L002004,C05360,Education,423300.0,8.01,2025-03-18,36,238851.19,Active,Low
L002005,C13083,Home,131200.0,9.13,2024-09-19,36,75765.69,Active,Medium
L002006,C08097,Personal,258900.0,8.27,2024-05-12,24,45090.48,Active,Low
L002007,C00410,Personal,148500.0,12.84,2022-09-01,120,78314.86,Active,Low
L002008,C13767,Home,86800.0,7.59,2024-06-30,36,46338.03,Closed,Medium
L002009,C03741,Home,175800.0,7.81,2023-07-24,48,100786.22,Active,Low
L002010,C01762,Education,263100.0,8.91,2024-08-03,36,109250.13,Active,Low
L002011,C13028,Education,80300.0,10.64,2025-10-29,84,24355.94,Active,Medium
L002012,C07245,Home,84800.0,10.24,2023-11-13,120,25392.84,Overdue,Low
L002013,C11935,Home,149600.0,12.1,2022-02-09,180,47458.5,Overdue,Medium
L002014,C03461,Personal,246000.0,13.95,2025-01-01,36,132926.74,Closed,Low
L002015,C04984,Personal,85200.0,16.3,2025-11-22,12,58293.86,Active,Medium
L002016,C10737,Business,397100.0,10.39,2023-06-15,48,253424.07,Active,Low
L002017,C11493,Auto,50000.0,12.8,2025-03-03,240,9865.92,Active,Low
L002018,C06985,Personal,728600.0,7.25,2023-03-30,48,295302.83,Defaulted,Low
L002019,C03111,Personal,179100.0,8.39,2024-11-13,48,57428.78,Active,Low
L002020,C12890,Personal,794800.0,14.77,2023-09-26,120,422335.7,Active,Medium
L002021,C06579,Education,222900.0,14.7,2025-02-16,120,95082.87,Active,Low
L002022,C09107,Personal,248000.0,15.04,2024-10-20,36,101261.58,Closed,Low
L002023,C00610,Home,583700.0,14.79,2023-10-20,84,235211.7,Active,High
L002024,C02096,Auto,143300.0,6.89,2023-06-09,180,133532.3,Active,High
L002025,C10399,Home,173900.0,13.08,2024-11-07,240,47073.48,Active,Low
L002026,C04199,Education,178000.0,13.12,2025-06-28,84,137252.4,Active,Low
L002027,C00134,Home,50000.0,10.75,2022-03-25,84,17260.41,Active,Low
L002028,C05223,Home,70800.0,11.09,2025-05-21,36,38582.21,Active,Low
L002029,C08831,Auto,65400.0,15.7,2023-05-07,60,6753.99,Active,Medium
L002030,C01348,Auto,298100.0,15.64,2023-10-12,84,252171.25,Active,Low
L002031,C01404,Personal,90400.0,15.7,2023-05-13,48,77017.51,Active,Medium
L002032,C08550,Home,185700.0,10.73,2024-01-03,60,13848.96,Active,Medium
L002033,C03681,Auto,374100.0,12.39,2023-11-08,24,266189.22,Active,High
L002034,C03040,Personal,657000.0,15.53,2024-10-20,24,434648.66,Active,Medium
L002035,C00446,Auto,137000.0,13.61,2025-07-18,12,70606.91,Active,Low
L002036,C13097,Business,266700.0,15.25,2025-12-24,24,27375.82,Closed,Medium
L002037,C05819,Business,379000.0,16.11,2023-03-22,36,317311.04,Active,Medium
L002038,C13878,Business,233900.0,12.42,2022-11-28,84,181031.92,Active,Low
L002039,C00565,Personal,404800.0,11.86,2025-06-03,48,72963.03,Closed,Medium
L002040,C06078,Home,190400.0,7.75,2023-10-09,180,130969.61,Closed,Medium
L002041,C13195,Auto,70000.0,11.41,2025-08-19,120,9576.76,Active,Low
L002042,C06339,Business,113400.0,7.99,2023-12-23,36,57723.33,Active,Medium
L002043,C11111,Home,293700.0,14.31,2023-05-20,120,196730.75,Active,Low
L002044,C07204,Auto,133900.0,16.03,2025-09-22,36,63079.09,Closed,Medium
L002045,C13268,Education,329200.0,13.55,2024-06-13,180,188850.52,Overdue,High
L002046,C08623,Home,638900.0,14.7,2023-09-10,12,562181.43,Active,Medium
L002047,C06643,Auto,92100.0,9.44,2025-03-30,36,87323.17,Active,Medium
L002048,C03919,Personal,58300.0,16.09,2024-04-16,60,22273.19,Active,Low
L002049,C08399,Home,469000.0,11.01,2023-02-12,60,122979.98,Active,Low
L002050,C04475,Home,260200.0,12.86,2022-11-10,36,112529.03,Closed,Medium
L002051,C04752,Personal,272000.0,13.24,2024-08-26,60,110648.72,Active,Low
L002052,C04400,Auto,54900.0,12.64,2025-12-10,12,10760.44,Active,Low
L002053,C04392,Education,125100.0,15.25,2025-01-02,48,63976.25,Overdue,Medium
L002054,C06650,Home,536200.0,11.05,2025-05-07,180,229261.23,Overdue,High
L002055,C11982,Auto,413700.0,12.21,2023-05-21,12,55272.02,Active,Medium
L002056,C13152,Home,456100.0,7.54,2023-07-13,120,239491.38,Active,Low
L002057,C01562,Home,97300.0,8.06,2025-12-03,36,49680.89,Active,High
L002058,C11923,Home,198600.0,6.92,2022-05-07,120,102484.49,Overdue,High
L002059,C06534,Home,236100.0,16.1,2022-07-16,84,132523.62,Overdue,High
L002060,C14753,Home,88300.0,7.24,2024-02-27,12,46292.08,Closed,Low
L002061,C14166,Personal,83500.0,16.41,2025-05-26,24,34096.41,Active,Low
L002062,C02832,Personal,166000.0,6.76,2024-11-25,180,44085.28,Active,Medium
L002063,C13379,Home,83900.0,7.92,2024-04-06,48,48353.61,Active,High
L002064,C02467,Home,106400.0,9.1,2022-08-08,24,77900.61,Active,Low
L002065,C00169,Home,187700.0,12.88,2025-01-29,24,109735.5,Active,Low
L002066,C00112,Personal,357100.0,13.37,2025-04-06,48,89201.86,Closed,Low
L002067,C04750,Home,455600.0,14.92,2023-01-12,12,161078.2,Active,Low
L002068,C03104,Home,80100.0,11.32,2023-05-24,12,8047.1,Active,Low
L002069,C05892,Home,93000.0,6.88,2025-06-26,120,75877.75,Active,High
L002070,C03839,Personal,177900.0,11.62,2023-08-22,60,36033.34,Active,High
L002071,C07472,Home,540600.0,11.15,2022-10-23,240,248719.27,Active,Low
L002072,C08473,Auto,199500.0,9.89,2024-12-25,180,109608.39,Active,Low
L002073,C06860,Business,235600.0,16.49,2024-11-21,180,126768.88,Closed,Low
L002074,C00686,Home,133200.0,9.0,2024-07-19,48,63695.44,Closed,Medium
L002075,C07696,Auto,152200.0,11.98,2024-11-16,60,77960.35,Active,High
L002076,C13798,Personal,299100.0,11.57,2024-10-18,120,241085.34,Active,Low
L002077,C05423,Home,102000.0,11.07,2023-02-25,36,79230.54,Overdue,Medium
L002078,C07869,Auto,57300.0,7.21,2024-12-14,24,17061.42,Active,Medium
L002079,C13861,Auto,189600.0,13.03,2023-05-23,60,72247.08,Closed,Low
L002080,C06872,Personal,477500.0,9.31,2023-03-21,240,219462.19,Active,Low
L002081,C06842,Personal,123100.0,9.36,2025-07-02,24,95056.98,Active,High
L002082,C03172,Personal,205700.0,15.0,2022-10-09,120,158483.52,Active,Low
L002083,C07887,Personal,75600.0,10.42,2023-07-13,120,47918.64,Active,Medium
L002084,C03783,Personal,125100.0,14.93,2024-05-21,24,43729.88,Closed,Low
L002085,C10992,Personal,183400.0,11.09,2022-03-09,48,165858.23,Closed,Low
L002086,C13010,Home,239200.0,12.82,2025-10-06,48,89618.9,Overdue,High
L002087,C07532,Auto,132600.0,8.56,2025-07-11,60,48258.83,Active,Low
L002088,C08250,Business,174300.0,11.68,2024-10-18,12,38241.59,Active,Low
L002089,C12054,Personal,180700.0,8.72,2023-06-12,60,79198.26,Active,High
L002090,C05753,Business,115600.0,14.86,2025-10-14,24,17700.8,Active,Medium
L002091,C07583,Auto,325100.0,11.01,2023-10-12,120,26125.52,Active,Low
L002092,C12401,Education,337600.0,7.94,2024-11-14,24,204343.14,Active,Medium
L002093,C14555,Auto,108000.0,7.21,2022-06-13,48,10958.14,Active,Medium
L002094,C01731,Business,167700.0,13.19,2024-08-01,36,97897.04,Active,Low
L002095,C02223,Auto,713800.0,6.67,2025-02-08,48,165780.81,Active,Low
L002096,C09999,Education,456900.0,10.76,2023-10-03,24,242191.9,Defaulted,Low
L002097,C01742,Auto,94100.0,8.97,2023-08-20,36,72968.0,Closed,Medium
L002098,C03577,Personal,166000.0,8.4,2023-01-19,180,64597.09,Active,Medium
L002099,C01556,Home,50000.0,14.63,2023-04-09,240,33403.18,Active,Low
L002100,C08221,Auto,325400.0,10.98,2024-04-06,36,163385.49,Overdue,Low
L002101,C06242,Personal,131700.0,7.04,2025-07-11,240,110510.46,Active,Medium
L002102,C05233,Personal,351700.0,11.04,2023-08-21,180,127599.66,Closed,High
L002103,C07405,Auto,125800.0,13.23,2022-06-25,36,22172.18,Active,Medium
L002104,C09093,Home,165000.0,13.96,2025-01-14,240,103528.38,Active,Low
L002105,C06048,Personal,111300.0,7.83,2022-03-23,84,101382.73,Closed,Low
L002106,C10395,Home,77400.0,10.9,2025-11-28,60,17158.68,Overdue,Low
L002107,C10753,Home,190800.0,13.43,2023-06-20,60,48089.79,Active,Medium
L002108,C01865,Auto,308700.0,7.06,2025-11-09,12,113576.09,Active,High
L002109,C02362,Home,169800.0,12.56,2022-10-06,24,100647.99,Closed,Medium
L002110,C14781,Auto,50000.0,11.55,2024-05-28,24,41940.34,Closed,Low
L002111,C09719,Auto,300800.0,11.75,2022-05-04,120,69362.92,Active,Low
L002112,C04354,Personal,124000.0,7.72,2023-04-05,12,104536.88,Active,High
L002113,C14229,Home,50000.0,15.55,2023-07-28,36,8110.72,Active,Low
L002114,C01141,Auto,168400.0,12.57,2024-07-05,36,115905.77,Closed,Low
L002115,C01202,Business,75700.0,6.9,2025-03-21,120,52969.76,Active,Low
L002116,C09229,Auto,274300.0,9.71,2024-10-25,60,123720.03,Active,Low
L002117,C08798,Business,152900.0,8.01,2023-04-09,180,91666.99,Active,Low
L002118,C07739,Auto,118300.0,8.69,2022-09-26,180,86323.74,Active,Low
L002119,C10059,Auto,59600.0,9.66,2025-04-24,36,21722.15,Active,High
L002120,C00855,Personal,242600.0,15.79,2022-06-12,180,13823.33,Active,Medium
L002121,C06357,Education,706700.0,12.34,2023-01-20,36,353884.93,Active,Low
L002122,C00857,Home,50700.0,12.2,2023-11-24,48,38950.41,Active,High
L002123,C04032,Auto,101500.0,10.8,2023-06-07,36,47746.85,Active,Medium
L002124,C11486,Auto,194300.0,13.97,2022-01-26,36,109693.46,Active,Medium
L002125,C11740,Home,587400.0,13.13,2022-10-31,60,366516.6,Active,Low
L002126,C09109,Auto,143200.0,8.67,2024-04-10,240,76164.74,Active,Low
L002127,C10120,Home,76700.0,15.58,2022-03-10,48,4822.86,Active,Low
L002128,C11820,Education,50000.0,13.33,2024-06-02,24,24665.73,Active,Low
L002129,C01867,Home,149000.0,9.75,2025-06-30,240,73276.49,Active,Low
L002130,C11869,Auto,50000.0,15.23,2023-08-25,180,22530.28,Active,Low
L002131,C10870,Home,290100.0,10.25,2022-12-10,84,217358.5,Active,Medium
L002132,C09162,Home,72200.0,9.46,2022-07-18,48,35270.88,Active,Medium
L002133,C00226,Auto,113400.0,9.79,2025-08-15,240,67790.6,Active,Medium
L002134,C11690,Personal,794500.0,9.88,2022-04-28,36,314383.67,Active,Medium
L002135,C13848,Home,50000.0,12.17,2022-08-03,60,20427.29,Active,Medium
L002136,C10168,Auto,324700.0,12.45,2022-06-20,120,22719.27,Active,Medium
L002137,C00505,Home,226300.0,9.94,2025-01-21,120,39303.03,Active,Medium
L002138,C10228,Personal,121200.0,9.42,2023-09-12,36,41698.94,Closed,Medium
L002139,C13523,Personal,71200.0,15.87,2023-07-01,12,38818.8,Closed,Low
L002140,C02883,Home,134400.0,6.78,2024-04-18,12,78590.03,Active,Medium
L002141,C03764,Home,327600.0,8.99,2025-04-18,84,82615.75,Active,Medium
L002142,C02793,Education,230400.0,8.68,2023-02-18,48,55459.32,Closed,Medium
L002143,C05845,Personal,262700.0,8.02,2022-04-08,48,129756.42,Closed,Low
L002144,C05956,Auto,109000.0,9.14,2023-01-03,24,11565.72,Active,Low
L002145,C08584,Home,223600.0,13.14,2025-05-01,120,98310.31,Active,High
L002146,C05726,Home,122100.0,12.37,2025-07-04,240,15483.65,Active,Low
L002147,C09028,Auto,246400.0,10.14,2022-07-27,36,183825.05,Active,Low
L002148,C09486,Personal,465300.0,10.36,2025-07-23,84,113996.34,Active,High
L002149,C02234,Home,95800.0,12.49,2025-05-29,12,27387.34,Closed,Medium
L002150,C03577,Education,160200.0,12.24,2025-10-03,84,76010.99,Active,Medium
L002151,C08841,Education,243800.0,8.16,2024-10-19,180,56270.52,Active,Low
L002152,C07167,Home,285500.0,11.26,2025-04-11,84,188380.68,Closed,Medium
L002153,C08796,Auto,208800.0,14.09,2022-03-21,12,56363.61,Active,Medium
L002154,C07304,Personal,84100.0,12.33,2024-10-10,120,38835.71,Active,High
L002155,C14178,Auto,166000.0,10.32,2022-07-31,240,74658.38,Overdue,Medium
L002156,C10854,Home,608500.0,15.46,2022-05-28,240,382452.18,Active,High
L002157,C07597,Personal,135200.0,9.07,2024-01-09,84,44892.11,Closed,Low
L002158,C14238,Auto,248700.0,12.28,2023-02-23,60,95447.94,Active,Medium
L002159,C04808,Business,104800.0,15.21,2022-02-27,84,9478.13,Active,Medium
L002160,C08063,Personal,50000.0,10.64,2023-10-05,24,16666.19,Closed,Low
L002161,C09040,Personal,604200.0,7.75,2022-09-19,24,222737.8,Active,Low
L002162,C11012,Home,95900.0,10.54,2022-09-15,12,57964.28,Closed,Medium
L002163,C14177,Home,325700.0,9.76,2025-02-08,12,192591.38,Active,Low
L002164,C09073,Personal,121600.0,7.75,2024-01-11,240,95919.41,Closed,Low
L002165,C03262,Business,154900.0,8.1,2022-05-23,12,46414.1,Active,High
L002166,C03902,Personal,186500.0,14.24,2023-09-03,36,139940.03,Active,Low
L002167,C10115,Personal,405600.0,8.43,2023-06-23,48,354940.49,Active,High
L002168,C05663,Home,468000.0,13.93,2023-07-30,48,360110.4,Active,Medium
L002169,C06956,Personal,180000.0,8.99,2024-01-08,24,151756.37,Closed,Medium
L002170,C04944,Home,129400.0,16.29,2023-01-20,24,38011.54,Closed,Low
L002171,C14101,Auto,323700.0,14.48,2024-02-10,36,250279.43,Active,Low
L002172,C11091,Auto,74100.0,10.77,2024-08-20,120,24278.86,Active,Medium
L002173,C08639,Home,463700.0,12.74,2023-01-24,24,389833.33,Active,Low
L002174,C12016,Education,102600.0,8.75,2023-03-22,180,29505.63,Active,High
L002175,C00163,Auto,50000.0,8.52,2023-06-30,24,25328.83,Active,Medium
L002176,C08475,Education,174500.0,8.62,2022-07-02,48,72540.07,Active,Medium
L002177,C07945,Personal,61200.0,13.75,2022-01-19,84,7862.47,Active,Low
L002178,C05002,Personal,77900.0,9.02,2023-11-13,120,35092.63,Active,Medium
L002179,C12595,Business,619100.0,7.99,2022-03-05,48,36174.16,Active,Low
L002180,C07224,Business,318700.0,13.63,2023-05-05,48,164120.86,Active,Medium
L002181,C07089,Personal,293500.0,15.04,2024-05-21,36,29769.95,Overdue,Low
L002182,C06144,Home,83100.0,15.7,2022-12-13,12,57428.84,Active,Medium
L002183,C02590,Home,86700.0,8.66,2024-12-21,84,60018.83,Active,Medium
L002184,C11465,Personal,225000.0,13.24,2023-12-03,48,183488.68,Closed,Low
L002185,C07029,Personal,315200.0,11.95,2023-08-28,60,148344.13,Overdue,Low
L002186,C03789,Home,164100.0,12.83,2022-05-14,48,53995.62,Closed,Low
L002187,C00285,Personal,659000.0,14.35,2023-02-20,12,136569.64,Active,Medium
L002188,C03855,Auto,57300.0,14.61,2022-07-03,24,29205.53,Active,Low
L002189,C10257,Home,335700.0,9.42,2022-07-31,48,186399.06,Overdue,High
L002190,C08238,Personal,50000.0,9.42,2022-06-19,240,45557.16,Closed,Low
L002191,C09643,Home,94600.0,12.37,2025-10-18,240,6573.01,Closed,High
L002192,C07657,Home,220400.0,15.54,2023-05-11,180,200356.53,Active,Medium
L002193,C14175,Auto,240400.0,14.25,2025-01-19,48,218802.43,Overdue,Medium
L002194,C12867,Home,738400.0,16.04,2022-01-23,240,305021.16,Active,High
L002195,C12140,Auto,172400.0,15.68,2024-01-04,48,81459.93,Active,Low
L002196,C12565,Home,59400.0,7.07,2024-07-15,36,38728.03,Active,Medium
L002197,C04646,Business,88900.0,7.41,2023-02-05,240,81473.4,Active,Low
L002198,C10576,Personal,99900.0,10.88,2022-10-01,240,46884.06,Active,Medium
L002199,C01419,Business,297600.0,6.82,2025-06-20,60,64489.14,Active,Low
L002200,C05388,Personal,52900.0,7.9,2025-09-24,60,48311.1,Active,Low
L002201,C00891,Home,108300.0,10.7,2023-02-06,36,42602.39,Active,Medium
L002202,C10856,Business,166300.0,12.7,2025-08-30,60,38748.05,Overdue,Medium
L002203,C14947,Home,154300.0,14.46,2024-05-10,48,90281.1,Active,Low
L002204,C07388,Home,216500.0,16.37,2023-11-24,24,13185.97,Active,Medium
L002205,C14028,Home,311800.0,7.16,2025-04-21,36,59657.21,Active,Medium
L002206,C13115,Auto,334200.0,10.77,2022-01-11,36,102724.06,Active,Medium
L002207,C12618,Home,656400.0,12.31,2024-06-12,48,501835.61,Active,Low
L002208,C00263,Personal,159200.0,14.92,2025-06-29,120,12395.98,Active,Low
L002209,C02540,Business,80300.0,13.62,2025-11-27,120,34144.8,Active,Medium
L002210,C08616,Auto,549300.0,9.25,2022-04-23,240,519405.31,Closed,Low
L002211,C01647,Home,71600.0,8.63,2022-06-24,84,62098.61,Closed,Medium
L002212,C14319,Business,958300.0,12.7,2025-07-31,48,363181.71,Active,Low
L002213,C09806,Auto,621100.0,15.09,2022-11-21,180,89152.76,Active,Medium
L002214,C02564,Business,120900.0,9.96,2024-01-08,60,82206.59,Closed,Low
L002215,C06611,Education,184000.0,10.35,2022-07-10,60,87211.25,Active,Low
L002216,C12813,Home,61800.0,15.17,2024-05-10,120,23278.71,Closed,High
L002217,C10823,Business,185100.0,9.29,2023-09-07,36,98837.21,Active,Medium
L002218,C07300,Personal,437300.0,10.89,2025-09-09,60,196275.16,Active,Medium
L002219,C04362,Personal,184800.0,6.51,2024-10-15,60,61438.14,Active,Low
L002220,C05251,Personal,224800.0,10.96,2025-12-25,120,176640.68,Defaulted,Medium
L002221,C12722,Personal,400900.0,10.79,2025-04-27,36,128878.51,Active,Medium
L002222,C05067,Home,204500.0,10.17,2023-11-01,12,23722.31,Active,Medium
L002223,C06383,Home,247100.0,6.78,2022-05-16,180,227658.55,Closed,Medium
L002224,C05270,Education,212600.0,15.73,2024-04-21,36,176458.0,Active,Medium
L002225,C13759,Home,220500.0,6.6,2023-05-25,240,89710.26,Active,Low
L002226,C05507,Personal,182800.0,9.43,2025-03-21,120,106696.91,Closed,Medium
L002227,C09630,Personal,776800.0,9.09,2022-01-16,120,602712.58,Active,Low
L002228,C01807,Business,50000.0,9.73,2025-08-13,120,3496.86,Active,Low
L002229,C02369,Education,140900.0,10.56,2024-12-30,36,44651.14,Overdue,Medium
L002230,C09037,Home,102300.0,11.93,2025-03-23,24,83202.72,Active,Low
L002231,C00574,Home,93400.0,10.69,2023-06-05,24,13402.42,Closed,Low
L002232,C00889,Business,131600.0,9.9,2023-05-26,240,12823.18,Active,Low
L002233,C05605,Home,67800.0,6.91,2025-07-24,36,32308.81,Closed,Low
L002234,C11719,Personal,75900.0,7.34,2025-05-29,120,19931.6,Active,Medium
L002235,C03979,Home,50000.0,10.18,2023-11-19,24,27973.07,Closed,Low
L002236,C07196,Business,53700.0,9.72,2025-07-10,12,43845.33,Active,Low
L002237,C05634,Auto,485800.0,9.1,2022-06-09,12,283136.65,Active,Low
L002238,C13943,Business,105100.0,10.26,2025-06-23,12,54445.47,Active,Medium
L002239,C09001,Personal,247300.0,10.8,2023-03-03,24,156715.93,Active,Low
L002240,C13033,Home,111000.0,11.28,2025-03-12,240,17981.71,Defaulted,Medium
L002241,C10970,Home,170700.0,8.94,2025-01-26,36,66476.41,Active,Low
L002242,C06658,Auto,154500.0,8.85,2025-05-31,12,20189.27,Active,Low
L002243,C06109,Education,311500.0,11.8,2024-03-06,120,58550.3,Active,Low
L002244,C06721,Personal,83900.0,8.63,2025-07-17,12,47417.71,Active,Medium
L002245,C10838,Personal,163600.0,14.6,2024-07-12,12,61317.17,Closed,Low
L002246,C11398,Personal,282200.0,12.42,2023-01-20,36,106269.93,Closed,Medium
L002247,C00898,Personal,566400.0,7.91,2023-09-11,120,344495.0,Closed,Medium
L002248,C03706,Auto,143200.0,10.29,2024-06-27,60,71043.24,Closed,Low
L002249,C02778,Personal,171300.0,16.2,2022-08-20,120,123587.27,Active,Low
L002250,C12503,Education,291000.0,14.77,2023-01-10,84,120210.18,Active,Low
L002251,C07698,Home,232000.0,11.55,2025-11-03,60,181770.4,Active,Low
L002252,C02029,Business,730800.0,16.15,2024-03-04,24,597063.66,Active,Low
L002253,C01820,Personal,655200.0,12.42,2025-07-12,12,554768.88,Active,High
L002254,C13638,Auto,222900.0,15.18,2022-07-24,120,33673.14,Active,Medium
L002255,C01417,Business,1048400.0,11.96,2022-06-07,36,597819.87,Overdue,Low
L002256,C12379,Personal,93900.0,13.42,2024-08-09,48,12704.95,Active,High
L002257,C05837,Business,202800.0,14.28,2024-08-25,12,182836.39,Closed,Medium
L002258,C07328,Home,480700.0,8.3,2022-11-01,24,366509.03,Active,High
L002259,C07875,Auto,102300.0,14.33,2024-02-01,60,78016.77,Active,Low
L002260,C11149,Business,104900.0,12.85,2025-12-11,24,59674.56,Active,High
L002261,C11121,Auto,723400.0,8.57,2022-10-23,120,477115.65,Active,Low
L002262,C14024,Personal,212100.0,9.87,2025-08-06,120,81616.01,Active,Medium
L002263,C08733,Home,215700.0,15.05,2024-09-04,60,34257.47,Closed,Low
L002264,C01678,Personal,62200.0,9.44,2025-06-15,120,9650.58,Closed,Low
L002265,C14723,Home,200800.0,14.99,2023-06-18,48,111724.93,Active,Low
L002266,C08381,Personal,112700.0,10.63,2023-09-08,12,24260.53,Active,Low
L002267,C01903,Auto,110400.0,13.3,2023-07-25,48,92632.27,Overdue,Medium
L002268,C01934,Personal,393000.0,9.84,2024-02-15,60,356239.05,Active,Low
L002269,C05621,Home,150800.0,13.77,2025-06-28,12,134219.44,Active,Medium
L002270,C09205,Education,90500.0,11.2,2025-11-19,120,37130.53,Active,Low
L002271,C14590,Home,169700.0,9.52,2024-03-10,180,19680.46,Closed,Low
L002272,C04936,Personal,192600.0,9.55,2025-06-15,12,90273.69,Active,Medium
L002273,C07298,Auto,373900.0,14.29,2022-05-26,240,76535.2,Closed,Low
L002274,C05062,Personal,95100.0,14.02,2022-11-18,84,75021.65,Closed,Low
L002275,C06726,Personal,198000.0,14.62,2022-04-17,84,45641.47,Active,Medium
L002276,C07228,Education,246100.0,16.21,2025-01-20,120,221180.69,Active,Low
L002277,C10837,Home,418500.0,10.61,2024-05-20,240,353910.22,Closed,Low
L002278,C14386,Personal,70700.0,9.33,2022-09-23,48,9263.62,Overdue,Low
L002279,C00956,Personal,144000.0,14.14,2025-11-16,120,86449.57,Active,Low
L002280,C07541,Home,50000.0,7.92,2024-09-02,240,14623.71,Closed,Low
L002281,C06173,Home,458400.0,7.56,2023-05-05,48,359576.07,Closed,Medium
L002282,C08598,Personal,161000.0,12.41,2023-09-27,120,139835.44,Active,Low
L002283,C07259,Home,70300.0,15.5,2022-02-05,60,24183.12,Active,Low
L002284,C11508,Home,155900.0,15.27,2022-02-05,24,78417.29,Active,High
L002285,C03618,Personal,104900.0,14.53,2023-12-09,84,60421.44,Active,Low
L002286,C01396,Personal,54600.0,9.86,2023-01-02,180,48615.94,Active,Medium
L002287,C02218,Home,60800.0,14.97,2025-11-25,24,30187.39,Active,Medium
L002288,C04673,Personal,86000.0,7.85,2022-12-09,12,30067.73,Active,Medium
L002289,C00150,Personal,155700.0,8.41,2024-07-18,48,84602.85,Closed,High
L002290,C03535,Auto,250500.0,7.25,2024-08-16,24,41560.71,Active,Medium
L002291,C12800,Home,176700.0,12.32,2024-12-03,180,55593.88,Active,Medium
L002292,C05607,Personal,243200.0,8.29,2024-09-16,120,223832.14,Active,Low
L002293,C11875,Personal,286100.0,9.62,2024-09-14,120,78714.87,Closed,Low
L002294,C01105,Home,74400.0,8.07,2022-12-12,12,21108.25,Overdue,Medium
L002295,C02650,Personal,73400.0,11.81,2025-05-05,120,42343.84,Active,Low
L002296,C04600,Auto,191000.0,11.11,2023-10-10,180,115420.36,Closed,High
L002297,C12946,Home,154900.0,7.65,2025-10-29,120,146352.34,Active,Low
L002298,C14765,Personal,165800.0,13.15,2025-11-23,36,112486.23,Overdue,Low
L002299,C05924,Business,635600.0,11.89,2022-04-17,120,368535.04,Active,Medium
L002300,C09808,Home,182200.0,10.2,2024-03-02,180,63540.43,Active,Low
L002301,C10045,Home,375400.0,8.89,2024-03-17,36,166365.59,Active,Medium
L002302,C06256,Auto,50000.0,15.32,2022-06-26,24,23832.34,Active,Low
L002303,C06805,Personal,50000.0,12.42,2023-04-20,84,30544.81,Active,Low
L002304,C05296,Home,285300.0,15.47,2023-12-29,48,140790.36,Active,Medium
L002305,C03740,Business,50000.0,12.99,2024-08-05,24,17404.12,Active,High
L002306,C13311,Home,229600.0,14.26,2022-06-25,120,65184.41,Closed,Low
L002307,C02026,Home,737400.0,14.83,2025-12-09,120,445354.85,Active,Medium
L002308,C13278,Home,147800.0,14.29,2024-09-22,84,28519.84,Overdue,Low
L002309,C07328,Home,50000.0,9.7,2025-12-06,84,6842.12,Active,Medium
L002310,C14744,Home,107000.0,14.34,2024-11-29,36,48488.36,Overdue,Medium
L002311,C14219,Home,164000.0,13.44,2022-04-07,60,13106.06,Defaulted,Low
L002312,C04037,Auto,98700.0,9.32,2023-06-21,12,46542.77,Closed,Low
L002313,C04556,Business,427600.0,13.95,2025-08-02,48,324965.44,Active,Low
L002314,C07534,Home,139200.0,14.78,2024-11-06,84,73840.77,Active,Low
L002315,C00738,Auto,118000.0,9.95,2022-11-29,120,90242.87,Closed,Low
L002316,C08105,Personal,204700.0,11.66,2022-01-30,12,74911.25,Active,Low
L002317,C08508,Home,207300.0,9.36,2022-05-14,60,185121.45,Overdue,Low
L002318,C12346,Auto,915300.0,11.23,2025-04-12,12,484394.43,Closed,Low
L002319,C13772,Business,429900.0,7.83,2022-06-22,60,391282.09,Active,Low
L002320,C06583,Auto,51500.0,11.54,2023-09-09,36,46821.51,Defaulted,Low
L002321,C12293,Home,51800.0,8.89,2025-04-12,240,35006.77,Active,Medium
L002322,C07148,Home,805700.0,14.64,2025-03-11,84,550059.13,Closed,Medium
L002323,C03959,Education,50000.0,13.92,2024-07-21,84,12192.74,Active,Low
L002324,C06045,Home,50000.0,15.63,2022-01-13,180,11874.71,Active,Low
L002325,C07529,Business,100500.0,14.36,2025-09-16,240,72645.71,Active,Low
L002326,C08367,Education,184200.0,13.75,2023-08-19,180,88258.29,Active,Medium
L002327,C07323,Business,188200.0,7.09,2022-12-28,240,111515.34,Closed,Medium
L002328,C06388,Personal,116100.0,13.85,2023-06-27,240,27722.72,Active,High
L002329,C00666,Business,1067200.0,10.98,2025-04-21,60,999206.84,Active,Low
L002330,C06661,Personal,313300.0,10.51,2024-10-28,36,184909.92,Active,Medium
L002331,C07677,Personal,180000.0,10.29,2023-04-17,84,69639.93,Active,Low
L002332,C06579,Education,95000.0,14.48,2023-08-21,24,30611.52,Active,Low
L002333,C03083,Home,794500.0,11.07,2024-11-01,24,234966.52,Active,Low
L002334,C03329,Education,219900.0,14.94,2023-04-26,12,139613.55,Active,Low
L002335,C09947,Home,50000.0,13.46,2024-02-28,48,34101.34,Active,Medium
L002336,C01802,Personal,520100.0,9.74,2022-01-22,84,447945.19,Overdue,Medium
L002337,C02355,Auto,117900.0,7.77,2022-01-31,48,68208.27,Overdue,Medium
L002338,C05075,Personal,120900.0,12.06,2024-05-11,120,42274.37,Active,High
L002339,C04705,Business,127000.0,13.49,2024-07-31,12,20719.52,Closed,Medium
L002340,C07425,Home,64200.0,15.88,2022-07-30,12,3459.22,Overdue,Low
L002341,C09742,Home,184400.0,7.57,2024-08-20,180,89604.89,Active,Medium
L002342,C04734,Personal,50000.0,7.63,2024-02-10,12,26988.64,Closed,Medium
L002343,C13789,Home,50000.0,11.58,2025-10-09,84,8115.41,Closed,Low
L002344,C05669,Home,169000.0,11.97,2022-01-21,84,156842.58,Closed,Low
L002345,C04692,Home,623600.0,12.9,2024-01-21,240,484229.46,Active,Medium
L002346,C13534,Auto,125700.0,10.52,2023-06-23,84,55758.57,Active,Low
L002347,C06216,Education,74700.0,16.37,2022-01-21,180,20835.89,Overdue,Low
L002348,C13662,Business,99000.0,15.34,2024-12-06,24,33454.67,Closed,Low
L002349,C03667,Home,68000.0,9.76,2025-10-16,36,22811.5,Closed,High
L002350,C11281,Education,71900.0,14.45,2024-11-07,180,60350.41,Active,Low
L002351,C03765,Personal,189500.0,9.64,2025-05-08,36,33958.69,Active,Low
L002352,C07701,Home,187300.0,13.73,2023-01-03,36,127420.69,Overdue,Medium
L002353,C00889,Home,369800.0,12.04,2022-10-08,24,239986.6,Active,Low
L002354,C11418,Home,60100.0,13.69,2024-01-02,60,55269.88,Closed,Medium
L002355,C05042,Business,363100.0,13.21,2024-04-02,60,272327.4,Active,Medium
L002356,C02509,Business,114900.0,7.27,2022-11-17,240,26570.76,Closed,Medium
L002357,C09338,Personal,369800.0,14.98,2022-07-12,36,76627.03,Active,Low
L002358,C02743,Personal,197400.0,10.86,2024-09-14,120,172201.49,Closed,Low
L002359,C13086,Education,72900.0,16.45,2022-03-23,60,27726.74,Overdue,Medium
L002360,C13735,Business,518400.0,15.63,2023-05-08,180,398494.3,Active,Medium
L002361,C06169,Home,121600.0,15.27,2024-10-27,60,99521.55,Active,Medium
L002362,C10207,Business,158000.0,13.0,2022-12-15,12,24687.16,Active,Medium
L002363,C07271,Auto,118800.0,8.72,2023-07-21,24,108525.5,Active,Medium
L002364,C03888,Home,931900.0,13.07,2025-03-31,60,477006.79,Active,Low
L002365,C13660,Personal,143200.0,15.8,2025-01-19,180,49582.09,Active,Low
L002366,C00333,Personal,50000.0,15.07,2024-10-19,240,6847.81,Active,Low
L002367,C14061,Personal,74800.0,7.07,2023-02-08,120,55867.71,Overdue,Low
L002368,C10760,Home,210800.0,15.91,2024-08-15,48,31570.15,Active,High
L002369,C03962,Education,233700.0,15.91,2022-12-24,24,79850.02,Active,Low
L002370,C06367,Auto,135400.0,8.03,2024-01-26,60,38448.04,Active,Low
L002371,C01044,Business,217300.0,14.41,2024-05-01,84,21154.43,Closed,Low
L002372,C04443,Personal,700300.0,8.96,2023-08-16,36,65457.75,Closed,Low
L002373,C09361,Auto,198000.0,6.55,2022-11-20,24,65041.57,Active,High
L002374,C02820,Personal,106500.0,9.11,2023-02-08,240,41193.66,Overdue,Low
L002375,C13016,Business,159900.0,9.96,2023-05-31,120,131443.76,Active,Low
L002376,C11161,Home,154000.0,7.94,2024-06-12,48,129879.92,Active,Medium
L002377,C14021,Personal,140300.0,7.54,2024-07-10,84,68504.74,Active,Medium
L002378,C12198,Personal,382000.0,9.63,2023-03-08,60,77802.17,Closed,Low
L002379,C03077,Personal,356500.0,10.7,2024-08-19,60,205090.01,Overdue,Medium
L002380,C00653,Personal,270900.0,15.4,2023-07-14,48,91659.67,Active,Medium
L002381,C02609,Business,163400.0,7.7,2023-06-12,240,135473.63,Active,Medium
L002382,C07793,Personal,116100.0,11.98,2025-05-30,48,15378.36,Active,Medium
L002383,C12224,Education,132900.0,9.4,2023-07-13,84,25559.72,Active,High
L002384,C04471,Personal,89800.0,7.19,2025-03-29,120,10644.48,Closed,Medium
L002385,C00286,Personal,93400.0,9.8,2024-07-02,180,53672.7,Active,Medium
L002386,C06013,Home,179900.0,14.96,2023-07-30,48,106934.51,Active,Low
L002387,C13337,Personal,76000.0,14.53,2024-08-06,48,60996.8,Overdue,Low
L002388,C07334,Business,171800.0,13.6,2024-04-05,180,54717.89,Active,Low
L002389,C14959,Home,362800.0,10.3,2024-03-10,84,278618.82,Active,High
L002390,C12368,Personal,136200.0,14.73,2024-04-21,240,79092.9,Active,Medium
L002391,C05435,Personal,484100.0,11.53,2024-11-24,240,70244.36,Active,Medium
L002392,C11934,Auto,390000.0,6.76,2022-08-18,48,246632.53,Active,Medium
L002393,C02093,Auto,204100.0,14.9,2025-03-31,240,89922.47,Active,Low
L002394,C11286,Home,76700.0,13.32,2024-10-01,60,38256.32,Active,Medium
L002395,C09519,Home,109600.0,9.86,2024-06-28,84,55107.76,Active,Low
L002396,C00501,Personal,50000.0,12.68,2023-12-12,48,13612.54,Active,Low
L002397,C00278,Personal,101000.0,13.97,2023-12-07,12,31188.22,Active,Low
L002398,C00031,Personal,470100.0,9.2,2025-12-16,240,319182.24,Active,Low
L002399,C08486,Business,109000.0,13.47,2025-06-15,36,98049.17,Closed,Low
L002400,C07289,Education,344200.0,12.61,2025-12-21,48,48305.14,Active,Medium
L002401,C09134,Education,54200.0,13.83,2024-09-20,180,26332.86,Overdue,Low
L002402,C14640,Business,198000.0,6.73,2024-08-05,240,93454.58,Defaulted,Low
L002403,C04570,Home,478200.0,7.67,2024-03-24,12,217302.94,Active,Low
L002404,C14657,Auto,144300.0,12.75,2024-03-12,180,133846.98,Active,Low
L002405,C04620,Personal,107200.0,8.77,2023-05-06,24,32686.0,Active,High
L002406,C08789,Home,781400.0,11.44,2023-04-22,12,434074.62,Active,Low
L002407,C12690,Home,112300.0,10.16,2022-06-03,12,61820.29,Defaulted,Low
L002408,C05549,Personal,467400.0,14.51,2024-02-11,60,89916.34,Active,Low
L002409,C02339,Auto,76700.0,8.52,2025-02-17,240,58147.36,Active,High
L002410,C06753,Education,133700.0,10.86,2025-08-24,180,87898.87,Active,High
L002411,C11049,Business,127000.0,11.15,2022-06-28,12,39167.95,Closed,Low
L002412,C02033,Education,143400.0,8.75,2023-01-24,180,86751.27,Active,Low
L002413,C03933,Home,163700.0,13.89,2024-07-07,48,36356.32,Active,Low
L002414,C10805,Home,149200.0,15.1,2023-03-19,180,11952.76,Active,High
L002415,C03342,Personal,98400.0,14.19,2024-02-04,180,42412.63,Closed,Low
L002416,C08436,Personal,378100.0,14.64,2024-06-24,24,45030.98,Active,Medium
L002417,C04714,Home,67100.0,9.87,2023-12-02,180,48693.85,Overdue,Low
L002418,C12789,Home,110000.0,6.64,2025-01-31,12,30505.3,Active,High
L002419,C11569,Personal,267200.0,7.01,2023-11-14,36,168132.41,Active,Low
L002420,C05557,Personal,123900.0,12.12,2023-12-28,120,60726.07,Active,High
L002421,C13074,Home,82200.0,14.07,2025-02-07,84,31880.48,Active,Medium
L002422,C10894,Auto,507100.0,7.93,2023-07-14,60,247632.78,Active,Low
L002423,C01345,Home,63400.0,12.45,2022-02-14,24,20840.99,Closed,Medium
L002424,C02795,Personal,283000.0,10.15,2025-11-30,36,226454.65,Active,Medium
L002425,C14942,Business,172500.0,13.3,2025-07-07,12,158667.11,Closed,Low
L002426,C09099,Home,1342600.0,7.22,2025-04-04,48,718399.33,Active,High
L002427,C05534,Personal,564000.0,12.51,2022-01-07,240,328565.63,Active,Medium
L002428,C04673,Business,50000.0,16.34,2025-09-10,12,24583.11,Overdue,Medium
L002429,C01983,Education,94400.0,7.59,2025-03-21,24,24932.76,Active,Low
L002430,C00964,Home,155800.0,16.09,2023-05-03,12,29357.88,Active,Medium
L002431,C06391,Home,161600.0,13.07,2023-03-14,60,127172.12,Active,Low
L002432,C00965,Home,394600.0,14.95,2025-09-01,36,304892.52,Closed,High
L002433,C09961,Auto,268200.0,16.11,2022-11-24,12,30664.88,Active,Medium
L002434,C04896,Personal,164700.0,13.45,2025-01-20,60,141690.63,Active,Medium
L002435,C05200,Auto,239900.0,7.06,2024-09-28,36,75280.43,Active,Low
L002436,C03746,Education,90000.0,16.3,2022-05-24,120,52903.68,Closed,Medium
L002437,C12447,Home,182500.0,9.0,2024-05-12,180,167598.87,Active,Low
L002438,C10052,Home,80100.0,9.15,2024-11-24,180,58452.35,Active,Low
L002439,C07823,Auto,149200.0,13.08,2024-12-10,180,63775.59,Active,Low
L002440,C13843,Education,554800.0,7.81,2022-02-24,120,373861.16,Active,Low
L002441,C03092,Personal,138800.0,12.74,2025-07-03,48,84041.56,Closed,Medium
L002442,C01244,Home,148800.0,12.94,2023-11-24,84,21423.41,Active,Low
L002443,C03421,Auto,217200.0,13.79,2024-08-05,24,71735.3,Active,Medium
L002444,C00743,Personal,210500.0,15.75,2023-12-29,180,64710.88,Closed,Medium
L002445,C13890,Home,159400.0,14.49,2024-05-02,180,52837.19,Overdue,Low
L002446,C04293,Auto,104900.0,6.9,2022-11-08,36,44207.11,Closed,Medium
L002447,C09161,Personal,112200.0,13.2,2025-06-05,84,104546.25,Active,Low
L002448,C02812,Home,228400.0,12.52,2023-11-28,36,169191.56,Active,Low
L002449,C10042,Home,188800.0,15.97,2023-11-15,120,45479.97,Active,Low
L002450,C10113,Auto,58700.0,10.67,2022-07-29,12,3602.76,Active,Low
L002451,C14986,Personal,235100.0,13.3,2024-04-21,84,84178.79,Closed,Medium
L002452,C02392,Education,313000.0,6.78,2024-09-03,24,265992.72,Overdue,Low
L002453,C00580,Home,204500.0,13.22,2022-04-03,24,69138.61,Closed,Low
L002454,C08808,Personal,477100.0,10.92,2023-01-19,12,237805.79,Active,Low
L002455,C09014,Home,203400.0,13.2,2024-11-06,24,101931.81,Overdue,Medium
L002456,C05323,Personal,82900.0,11.51,2022-09-08,60,77125.89,Active,Low
L002457,C01476,Personal,227500.0,7.59,2025-07-06,48,126714.32,Active,Low
L002458,C01709,Auto,175700.0,15.45,2025-09-26,24,163372.44,Overdue,Medium
L002459,C02764,Home,356000.0,14.69,2023-04-25,48,48071.36,Active,Low
L002460,C04789,Education,50000.0,7.53,2024-06-01,180,7684.81,Active,Low
L002461,C05579,Auto,140100.0,9.8,2022-09-04,120,115735.54,Overdue,Low
L002462,C01599,Home,172100.0,16.34,2025-10-09,12,135660.35,Active,Low
L002463,C03879,Personal,277700.0,7.72,2023-08-11,180,14157.02,Active,High
L002464,C01419,Education,50000.0,6.7,2024-08-17,84,46237.62,Closed,Medium
L002465,C04533,Home,50000.0,7.11,2022-10-13,48,6877.72,Active,Low
L002466,C07119,Home,91900.0,10.51,2023-05-05,84,8168.62,Active,High
L002467,C07475,Education,333900.0,15.73,2022-11-07,12,90651.63,Active,Low
L002468,C10043,Education,524600.0,9.52,2023-02-27,120,47818.26,Active,Low
L002469,C03743,Auto,78200.0,11.68,2024-05-14,24,7085.99,Closed,Medium
L002470,C05386,Personal,475500.0,8.02,2025-08-01,240,267589.78,Active,Low
L002471,C14266,Education,50000.0,11.51,2023-08-20,180,23642.79,Active,Medium
L002472,C01149,Auto,280200.0,11.49,2024-03-30,48,100680.74,Active,High
L002473,C08302,Personal,237800.0,12.48,2025-09-26,120,173178.74,Active,Low
L002474,C07199,Home,133900.0,11.75,2022-04-02,12,117055.38,Closed,Low
L002475,C04107,Personal,182800.0,7.99,2022-06-26,36,95091.13,Active,Medium
L002476,C11970,Personal,255200.0,12.95,2025-05-14,12,175947.92,Active,Low
L002477,C10588,Home,304300.0,7.81,2025-10-25,84,145047.82,Active,Medium
L002478,C11715,Auto,357800.0,11.6,2023-03-28,24,331005.92,Closed,Low
L002479,C05489,Education,169600.0,12.35,2023-10-12,180,132868.34,Active,Medium
L002480,C10041,Personal,257200.0,11.74,2024-02-04,24,236277.34,Active,Medium
L002481,C07877,Personal,232600.0,7.2,2024-09-25,36,165611.14,Closed,Low
L002482,C01797,Business,109500.0,13.82,2025-06-25,120,90121.09,Closed,Low
L002483,C06943,Home,127300.0,8.94,2025-08-17,48,25293.14,Active,Medium
L002484,C13371,Home,181500.0,12.69,2022-09-26,180,117662.31,Closed,Medium
L002485,C13005,Auto,184400.0,8.37,2024-01-21,12,26700.25,Active,Medium
L002486,C07463,Business,297600.0,8.88,2023-01-12,36,18901.59,Active,Low
L002487,C07730,Personal,500400.0,8.24,2025-05-13,48,452428.43,Closed,High
L002488,C06087,Business,85500.0,10.01,2023-06-11,48,60581.51,Defaulted,Medium
L002489,C05885,Home,116600.0,14.23,2023-12-12,48,85310.61,Closed,Medium
L002490,C02195,Business,247700.0,15.58,2025-03-05,60,202729.82,Active,Medium
L002491,C14462,Home,57700.0,8.55,2022-03-25,36,24576.63,Active,Medium
L002492,C01755,Personal,95200.0,12.45,2024-02-28,48,65789.38,Closed,Medium
L002493,C07914,Auto,123100.0,9.7,2024-06-02,180,92187.86,Closed,Medium
L002494,C10115,Personal,554100.0,10.9,2025-05-06,24,465734.0,Active,Low
L002495,C07748,Auto,95800.0,8.02,2024-12-04,24,61971.64,Closed,Medium
L002496,C02007,Auto,344600.0,14.43,2023-02-03,12,57574.76,Overdue,Low
L002497,C05661,Personal,140600.0,15.16,2023-09-29,84,42449.13,Active,Low
L002498,C06606,Home,125000.0,13.73,2022-03-07,240,115730.96,Active,Low
L002499,C08002,Home,153500.0,7.84,2022-01-06,36,91647.66,Active,Low
L002500,C01921,Education,475700.0,11.71,2025-05-23,84,402386.22,Overdue,Medium
L002501,C00837,Personal,773800.0,10.12,2022-08-31,120,275551.25,Active,Low
L002502,C06761,Home,50200.0,8.04,2022-10-01,48,24794.46,Closed,Low
L002503,C12495,Personal,366000.0,9.26,2023-03-21,180,242938.88,Active,Low
L002504,C13973,Home,327800.0,14.79,2024-08-24,180,240354.43,Closed,Medium
L002505,C12791,Education,1372500.0,7.14,2023-09-20,120,357489.99,Closed,Medium
L002506,C14157,Home,98400.0,14.35,2025-11-17,48,33165.86,Active,Low
L002507,C06417,Business,109700.0,9.72,2024-02-03,180,68557.69,Active,Low
L002508,C06671,Business,62300.0,14.5,2025-05-19,24,36307.06,Active,Low
L002509,C09689,Personal,210800.0,11.62,2022-09-24,24,138692.62,Active,Low
L002510,C10382,Home,86900.0,12.95,2022-12-23,24,27771.79,Active,Medium
L002511,C04590,Home,50000.0,15.49,2023-09-12,12,34158.59,Active,Low
L002512,C13647,Auto,78800.0,16.05,2023-04-23,180,9222.74,Active,Medium
L002513,C12678,Home,132000.0,8.06,2022-05-12,84,28694.51,Active,Medium
L002514,C00612,Home,50000.0,10.15,2023-01-17,24,13562.42,Active,Medium
L002515,C04224,Personal,50000.0,12.58,2025-07-11,60,38347.87,Active,Medium
L002516,C03119,Education,102400.0,16.4,2023-10-12,12,83356.13,Active,Low
L002517,C13323,Personal,126900.0,16.07,2023-07-06,60,22067.86,Closed,Medium
L002518,C01090,Personal,281900.0,15.98,2023-04-04,60,149830.45,Active,Medium
L002519,C00785,Personal,119800.0,11.98,2023-05-20,12,16665.96,Active,Medium
L002520,C04242,Auto,87600.0,10.8,2025-02-04,48,25895.37,Active,Medium
L002521,C06318,Personal,105800.0,14.38,2022-11-23,180,35548.45,Closed,Low
L002522,C07740,Auto,282000.0,12.28,2022-02-27,60,17492.21,Active,High
L002523,C02650,Personal,435300.0,6.81,2024-11-30,240,358267.89,Active,Low
L002524,C06984,Home,549500.0,7.95,2023-07-10,240,95899.32,Active,Low
L002525,C06909,Home,348000.0,12.96,2025-06-16,36,108204.69,Active,Medium
L002526,C07721,Business,531000.0,10.9,2023-10-16,60,258624.57,Closed,Low
L002527,C13892,Auto,310800.0,7.92,2022-05-13,36,43640.26,Defaulted,Low
L002528,C10474,Auto,280800.0,9.18,2025-11-05,48,145343.9,Closed,Medium
L002529,C10024,Auto,101600.0,12.33,2023-02-12,24,59701.08,Overdue,Low
L002530,C10254,Auto,85600.0,8.71,2022-06-25,24,24945.35,Active,High
L002531,C13221,Business,111800.0,15.24,2022-10-10,48,17738.98,Active,Medium
L002532,C10513,Home,239000.0,15.46,2022-02-18,120,153261.02,Closed,Medium
L002533,C00291,Personal,404300.0,8.42,2022-11-29,84,311504.63,Overdue,High
L002534,C09827,Personal,249300.0,10.91,2024-12-31,180,44447.45,Active,Medium
L002535,C11444,Home,538700.0,10.22,2025-07-05,12,200941.39,Active,Low
L002536,C02839,Home,173300.0,15.12,2025-10-30,84,80724.35,Active,Low
L002537,C02718,Auto,131400.0,8.61,2025-12-19,84,102870.28,Active,Medium
L002538,C00740,Home,495700.0,11.96,2023-11-28,24,279610.11,Active,Low
L002539,C00598,Home,87800.0,6.97,2025-03-28,120,49149.64,Closed,Medium
L002540,C14377,Auto,127600.0,15.79,2022-07-03,180,87391.9,Active,Medium
L002541,C10247,Auto,193400.0,8.79,2025-06-10,12,156648.79,Closed,Low
L002542,C09305,Auto,181200.0,6.63,2022-12-04,48,140463.75,Active,Low
L002543,C08030,Business,148000.0,12.58,2024-01-26,12,18524.59,Active,Low
L002544,C01402,Education,484500.0,14.14,2022-11-27,48,277975.88,Closed,Low
L002545,C09663,Personal,50000.0,12.96,2023-12-19,84,7473.24,Active,Low
L002546,C12144,Auto,88300.0,10.11,2022-04-21,12,41167.66,Active,Low
L002547,C14611,Personal,233400.0,7.92,2025-05-18,12,188849.78,Active,Medium
L002548,C14734,Business,963100.0,8.38,2022-02-08,48,575364.71,Active,Low
L002549,C08101,Personal,74400.0,11.8,2023-12-25,120,54366.32,Active,Medium
L002550,C03694,Business,93500.0,7.89,2022-03-15,48,42302.23,Active,Medium
L002551,C04013,Auto,50000.0,6.86,2024-08-17,180,11244.82,Active,Low
L002552,C08717,Personal,50000.0,12.57,2025-03-16,12,20132.59,Active,High
L002553,C04008,Home,279200.0,6.91,2024-09-27,180,146876.7,Closed,High
L002554,C05077,Home,180100.0,8.87,2022-01-02,120,89865.63,Active,Medium
L002555,C03806,Personal,561100.0,13.75,2022-03-31,12,93494.8,Active,Medium
L002556,C03464,Home,111800.0,8.76,2025-03-21,48,78878.34,Active,Medium
L002557,C14309,Home,68200.0,11.11,2024-10-25,120,61595.91,Active,Medium
L002558,C10010,Home,50000.0,14.26,2022-09-22,84,4703.45,Active,Low
L002559,C08768,Personal,279300.0,13.37,2023-06-14,180,228794.86,Overdue,Medium
L002560,C05257,Education,73500.0,9.25,2024-03-20,48,66092.62,Closed,Medium
L002561,C12934,Home,78800.0,12.9,2023-03-20,24,52558.04,Active,Low
L002562,C00329,Home,189900.0,15.39,2023-08-11,240,23663.66,Active,Low
L002563,C10918,Home,429100.0,6.72,2022-12-09,180,285786.77,Closed,Low
L002564,C01627,Personal,229000.0,6.75,2022-08-31,120,192689.83,Active,Low
L002565,C03747,Home,71300.0,11.94,2025-07-20,24,10479.32,Closed,Low
L002566,C02738,Personal,107200.0,15.55,2022-09-17,240,57008.77,Active,Low
L002567,C11419,Home,180700.0,13.18,2025-11-18,120,10153.0,Active,Medium
L002568,C09945,Personal,50000.0,12.17,2022-06-28,240,30793.14,Closed,Low
L002569,C03765,Home,147000.0,7.28,2023-12-11,48,33707.54,Overdue,Low
L002570,C05579,Education,143300.0,7.16,2024-06-30,84,26542.85,Active,Low
L002571,C12921,Auto,120400.0,12.04,2022-03-24,240,43633.42,Active,Medium
L002572,C07690,Auto,114800.0,12.58,2025-11-25,120,38092.47,Active,Medium
L002573,C05301,Personal,551700.0,13.62,2023-01-16,48,127673.12,Overdue,Low
L002574,C09240,Business,175700.0,7.71,2024-10-13,48,151542.43,Active,Medium
L002575,C10741,Home,540800.0,6.85,2025-07-12,180,181081.67,Active,Low
L002576,C02840,Personal,456200.0,11.91,2022-06-16,60,362440.14,Active,Low
L002577,C12270,Auto,50000.0,8.85,2025-02-18,12,27127.31,Active,High
L002578,C06444,Personal,50000.0,12.58,2022-02-11,60,40414.17,Closed,Medium
L002579,C08497,Education,315900.0,16.42,2024-12-05,12,235039.31,Overdue,Low
L002580,C11980,Home,85600.0,6.8,2022-01-12,12,77166.22,Overdue,Medium
L002581,C13471,Business,148600.0,14.66,2022-12-15,12,78600.58,Active,Low
L002582,C09361,Personal,394600.0,9.42,2022-06-18,48,366087.1,Active,Medium
L002583,C10285,Home,50000.0,7.13,2024-06-03,48,5632.46,Active,Medium
L002584,C06739,Home,833800.0,9.19,2024-08-19,180,258108.1,Active,Low
L002585,C09293,Home,179800.0,13.48,2024-07-09,24,113918.49,Overdue,Low
L002586,C14151,Education,376900.0,13.27,2024-07-10,24,153220.89,Active,Medium
L002587,C11592,Business,146200.0,13.53,2023-07-19,36,104076.25,Active,Medium
L002588,C04194,Home,79400.0,15.01,2022-03-21,36,15903.84,Active,Medium
L002589,C05005,Personal,170200.0,6.52,2023-02-07,240,47101.82,Active,Medium
L002590,C01552,Personal,152500.0,11.86,2025-03-12,48,12201.44,Closed,Low
L002591,C01340,Personal,236900.0,11.32,2023-01-09,60,208370.03,Closed,Medium
L002592,C07041,Business,332400.0,10.8,2023-06-01,12,56169.23,Closed,Low
L002593,C05054,Business,342200.0,14.43,2022-04-11,48,264907.83,Active,Medium
L002594,C06262,Auto,158800.0,10.28,2023-08-01,60,62005.15,Closed,Low
L002595,C05265,Auto,169400.0,13.64,2023-03-18,24,52554.12,Active,Medium
L002596,C04606,Home,168700.0,13.69,2023-01-16,24,134655.77,Closed,Low
L002597,C11357,Home,193900.0,10.46,2024-10-06,180,24623.64,Overdue,Low
L002598,C10967,Auto,511900.0,12.49,2025-03-01,180,106592.24,Active,Medium
L002599,C03671,Education,175400.0,15.45,2025-07-13,180,29360.65,Active,Medium
L002600,C04944,Auto,72000.0,16.09,2023-11-17,84,6119.01,Active,Medium
L002601,C01569,Home,190800.0,10.93,2025-04-09,180,179159.27,Active,Medium
L002602,C11750,Business,466200.0,13.85,2023-02-13,36,286599.43,Closed,Medium
L002603,C09418,Auto,156400.0,7.95,2024-05-03,48,47970.24,Active,Medium
L002604,C11054,Education,70200.0,11.72,2022-07-23,84,51852.34,Closed,Medium
L002605,C05336,Auto,165200.0,14.88,2025-07-15,120,28240.31,Active,Medium
L002606,C10230,Personal,553700.0,14.74,2024-01-14,84,44231.89,Active,Medium
L002607,C04587,Business,96000.0,15.64,2025-08-13,180,32259.96,Active,Low
L002608,C04810,Auto,293400.0,15.38,2023-04-28,36,15605.99,Active,High
L002609,C07444,Business,77900.0,10.12,2023-03-13,84,54426.98,Overdue,Low
L002610,C11150,Auto,165200.0,14.17,2025-11-13,36,64859.41,Active,High
L002611,C04553,Home,161100.0,12.69,2024-02-27,36,25542.49,Closed,Medium
L002612,C01234,Business,189400.0,11.61,2024-01-15,48,70937.03,Overdue,Low
L002613,C01690,Auto,310000.0,11.51,2024-04-26,60,285441.84,Active,Low
L002614,C09273,Education,147600.0,6.8,2023-03-12,120,139625.83,Closed,Medium
L002615,C13798,Business,234700.0,11.29,2025-09-17,12,19822.85,Active,Low
L002616,C02295,Home,179100.0,12.79,2025-08-05,36,148566.01,Active,High
L002617,C03172,Education,65600.0,15.67,2025-01-21,48,52515.58,Overdue,Low
L002618,C11394,Personal,936700.0,7.05,2025-12-01,240,560671.89,Overdue,High
L002619,C06230,Home,316400.0,14.27,2022-05-14,36,286078.03,Active,Low
L002620,C00210,Home,116600.0,7.52,2022-06-12,84,46530.7,Active,Low
L002621,C13365,Business,210700.0,12.61,2025-09-04,36,95880.74,Active,High
L002622,C07512,Home,81600.0,16.35,2023-03-28,48,72995.85,Active,Low
L002623,C01799,Personal,294500.0,8.44,2022-12-10,24,242725.28,Active,Low
L002624,C09038,Personal,260200.0,15.12,2024-03-26,36,117603.93,Active,Medium
L002625,C04963,Business,134100.0,8.52,2025-11-10,84,80496.52,Overdue,Medium
L002626,C09176,Education,334700.0,10.46,2022-11-19,12,226595.59,Active,High
L002627,C07115,Home,151900.0,16.43,2025-07-30,60,26107.92,Overdue,Low
L002628,C04617,Personal,187000.0,7.25,2024-03-02,12,98271.87,Active,Medium
L002629,C04753,Home,163700.0,7.3,2023-12-31,24,138262.08,Closed,Medium
L002630,C06222,Personal,57100.0,13.19,2025-12-28,60,6030.41,Closed,Medium
L002631,C04877,Business,63400.0,15.13,2023-08-17,120,52033.49,Defaulted,High
L002632,C10185,Education,176000.0,14.03,2024-06-11,48,125140.66,Closed,Low
L002633,C11347,Personal,383000.0,16.04,2022-10-05,60,96348.86,Active,Low
L002634,C03322,Personal,720200.0,7.47,2022-07-21,48,461559.24,Active,Low
L002635,C05318,Home,492800.0,8.2,2022-03-30,180,80310.65,Closed,Low
L002636,C14002,Personal,93100.0,16.02,2022-05-21,180,42700.39,Overdue,Low
L002637,C14569,Education,64000.0,6.66,2022-04-13,240,47825.54,Active,Medium
L002638,C11142,Auto,386900.0,15.47,2022-10-25,60,245867.38,Active,High
L002639,C12816,Auto,132500.0,14.44,2025-03-09,180,25852.99,Active,Low
L002640,C08433,Education,50000.0,8.06,2025-10-19,12,35017.75,Overdue,Low
L002641,C09902,Auto,147000.0,11.74,2024-09-11,60,58295.15,Closed,Low
L002642,C05370,Education,192800.0,9.49,2025-05-27,120,174854.89,Active,Medium
L002643,C12633,Home,244600.0,12.26,2025-10-30,24,105945.2,Active,Low
L002644,C11736,Auto,103900.0,16.23,2022-08-20,36,89502.7,Closed,High
L002645,C04563,Auto,322000.0,9.3,2023-07-20,12,135406.44,Active,Low
L002646,C02142,Business,223400.0,11.61,2023-01-05,84,77616.76,Active,High
L002647,C14691,Personal,963400.0,11.69,2025-02-19,24,472506.93,Overdue,Low
L002648,C14675,Education,50000.0,12.83,2022-07-10,120,38993.81,Active,Low
L002649,C04679,Personal,200300.0,16.48,2022-02-22,120,176642.95,Active,Low
L002650,C12739,Personal,73000.0,7.87,2025-03-16,84,28533.59,Active,Medium
L002651,C09079,Auto,906100.0,13.43,2024-03-10,48,682696.23,Active,Low
L002652,C11821,Home,184900.0,16.38,2022-02-20,60,120060.23,Active,Low
L002653,C07629,Business,548100.0,14.95,2023-11-18,48,282205.71,Active,Low
L002654,C06724,Personal,419500.0,7.79,2022-05-06,24,89282.3,Defaulted,High
L002655,C10319,Personal,131400.0,6.83,2022-04-11,120,98969.79,Defaulted,Medium
L002656,C09058,Home,212100.0,11.14,2025-03-01,120,92812.4,Overdue,Low
L002657,C10439,Personal,292300.0,9.51,2022-05-04,36,245256.82,Active,Medium
L002658,C13087,Auto,270000.0,9.78,2025-05-19,36,129117.79,Active,Medium
L002659,C12188,Education,50000.0,10.7,2022-06-28,240,43144.66,Active,Low
L002660,C02931,Personal,251600.0,10.52,2022-10-14,180,133503.4,Active,Medium
L002661,C13746,Personal,128700.0,10.88,2022-04-03,240,109572.68,Active,Low
L002662,C08994,Personal,176200.0,12.81,2022-04-21,36,116324.37,Active,Low
L002663,C03216,Personal,294600.0,9.18,2024-12-26,12,25866.33,Active,Low
L002664,C03845,Business,152300.0,13.22,2022-04-16,120,39833.71,Active,High
L002665,C00383,Home,178200.0,12.7,2023-07-23,120,99653.62,Closed,High
L002666,C08378,Personal,118300.0,15.68,2022-01-12,84,30270.29,Defaulted,Low
L002667,C09176,Personal,118500.0,11.15,2025-12-21,48,11892.17,Overdue,High
L002668,C14135,Education,70400.0,13.87,2025-12-24,240,4904.94,Active,Low
L002669,C14665,Personal,63000.0,12.18,2022-03-03,36,33233.65,Overdue,Low
L002670,C14315,Auto,62600.0,8.74,2025-05-02,120,19180.48,Closed,Low
L002671,C13430,Personal,54100.0,15.69,2023-10-20,120,9582.0,Active,Low
L002672,C09212,Home,162500.0,8.69,2023-10-25,36,139669.38,Defaulted,Low
L002673,C04200,Home,233100.0,12.32,2025-02-05,240,161022.76,Active,Low
L002674,C13579,Home,151900.0,15.26,2025-06-02,48,76325.03,Active,Medium
L002675,C12675,Personal,117400.0,8.85,2023-06-13,180,102125.77,Active,Medium
L002676,C10779,Home,1181200.0,13.02,2025-08-18,120,848543.48,Active,Low
L002677,C13287,Business,325600.0,14.46,2023-05-05,12,43199.97,Active,Medium
L002678,C10152,Auto,73200.0,15.9,2024-03-14,120,51701.29,Active,Low
L002679,C04797,Home,1048700.0,13.83,2023-03-06,84,379949.87,Active,Low
L002680,C14716,Auto,163400.0,12.79,2022-09-24,24,143816.31,Active,Medium
L002681,C09067,Home,79100.0,13.53,2023-05-05,180,24963.61,Active,Low
L002682,C12445,Auto,96000.0,9.21,2024-06-07,120,65043.14,Active,Medium
L002683,C08628,Personal,50000.0,13.76,2024-02-22,60,25627.29,Active,Low
L002684,C00162,Home,279700.0,12.97,2024-03-08,120,221475.7,Active,Medium
L002685,C06470,Personal,284400.0,7.14,2025-10-12,60,147982.82,Defaulted,High
L002686,C13832,Personal,129800.0,7.52,2024-08-15,84,66755.21,Active,Low
L002687,C02450,Home,142400.0,9.79,2023-12-24,24,44039.21,Active,Low
L002688,C05541,Home,98400.0,12.41,2025-01-17,36,90087.44,Active,Medium
L002689,C09493,Auto,310900.0,13.14,2024-06-28,48,281425.09,Active,Medium
L002690,C04499,Auto,215300.0,15.27,2022-12-14,60,145063.54,Defaulted,Medium
L002691,C05573,Home,198500.0,14.4,2024-03-23,36,106024.47,Overdue,Low
L002692,C00123,Auto,50000.0,7.35,2024-08-07,24,24605.38,Active,Medium
L002693,C00158,Home,251500.0,7.73,2024-07-13,48,137540.44,Closed,High
L002694,C01780,Auto,117200.0,8.19,2022-10-12,60,18825.23,Active,Low
L002695,C01629,Personal,182700.0,8.05,2025-03-08,180,74186.63,Active,Low
L002696,C03928,Home,101900.0,10.33,2025-04-17,12,38728.07,Active,Medium
L002697,C06452,Personal,135100.0,13.42,2024-09-01,60,40717.72,Active,High
L002698,C07695,Home,506800.0,9.39,2023-05-04,180,28422.97,Active,Low
L002699,C05378,Home,138700.0,7.53,2025-06-13,12,55670.31,Active,Low
L002700,C07593,Auto,151800.0,12.7,2024-07-13,240,74475.97,Closed,Medium
L002701,C10915,Personal,206800.0,10.38,2024-08-19,180,65108.24,Active,Low
L002702,C07186,Home,75000.0,6.74,2024-04-30,180,25620.33,Closed,Low
L002703,C12268,Home,149800.0,14.13,2023-11-01,120,89191.84,Active,Low
L002704,C05460,Personal,137400.0,11.53,2024-02-20,36,46626.78,Active,Medium
L002705,C10448,Auto,163800.0,13.49,2024-11-08,24,40597.84,Active,Medium
L002706,C04610,Education,234800.0,11.86,2022-06-17,180,172099.84,Closed,Medium
L002707,C05663,Personal,157400.0,14.62,2022-02-08,24,73622.39,Active,High
L002708,C00289,Auto,178200.0,15.26,2023-10-09,120,148192.89,Active,Low
L002709,C03273,Personal,314500.0,9.52,2022-02-24,120,87829.3,Active,Medium
L002710,C00773,Home,193400.0,12.01,2025-10-21,60,71713.7,Active,Medium
L002711,C08790,Personal,149700.0,13.78,2024-06-27,12,51775.25,Active,Low
L002712,C11755,Personal,127700.0,16.36,2025-03-13,36,60991.07,Active,Medium
L002713,C13542,Home,102000.0,15.77,2023-09-03,36,51353.58,Active,Low
L002714,C12600,Auto,132900.0,13.44,2023-10-16,84,37013.37,Active,Medium
L002715,C07554,Home,111600.0,15.39,2025-05-03,120,83818.88,Active,Low
L002716,C04886,Home,235700.0,8.89,2024-01-12,36,195114.57,Overdue,Medium
L002717,C00912,Home,138900.0,11.8,2025-09-22,36,54803.35,Active,Low
L002718,C06026,Personal,73900.0,14.41,2022-02-22,48,7857.94,Active,High
L002719,C01844,Education,63600.0,9.09,2022-11-16,48,46497.13,Active,Low
L002720,C10682,Auto,148700.0,8.73,2022-07-19,12,124820.72,Active,High
L002721,C08709,Auto,557700.0,7.02,2024-01-24,120,486404.52,Active,Low
L002722,C11868,Personal,231000.0,15.04,2024-01-24,36,76480.83,Active,Low
L002723,C12329,Personal,408300.0,14.36,2022-10-02,48,88159.68,Closed,Medium
L002724,C08483,Personal,58000.0,15.11,2025-10-02,12,12622.43,Closed,Low
L002725,C12645,Home,209400.0,8.88,2025-06-21,180,21432.77,Active,Low
L002726,C12823,Personal,127100.0,11.15,2025-11-22,120,51316.65,Overdue,Medium
L002727,C08774,Business,87300.0,15.02,2022-09-28,36,16810.61,Closed,Medium
L002728,C07658,Business,206600.0,8.71,2023-07-22,120,68251.03,Overdue,Low
L002729,C05323,Home,193800.0,15.54,2025-04-13,60,168942.68,Defaulted,Medium
L002730,C05386,Auto,86700.0,10.99,2025-08-02,12,50535.44,Active,Medium
L002731,C06953,Education,116900.0,11.01,2022-09-20,48,60543.68,Overdue,Low
L002732,C06086,Auto,50000.0,9.75,2024-11-09,84,3426.24,Closed,Medium
L002733,C03847,Auto,243000.0,7.62,2023-07-06,12,26226.41,Closed,Low
L002734,C01686,Business,60900.0,16.07,2022-10-23,12,16699.41,Active,Medium
L002735,C07655,Auto,159700.0,9.73,2022-02-10,60,58869.4,Overdue,Low
L002736,C08858,Business,50000.0,11.84,2025-03-28,84,45977.5,Active,Low
L002737,C04206,Auto,925900.0,14.65,2025-04-03,48,560456.29,Active,Low
L002738,C00686,Auto,94000.0,15.44,2024-01-29,60,51816.31,Active,Medium
L002739,C07685,Auto,122500.0,12.43,2024-02-10,12,75639.26,Closed,Low
L002740,C01588,Personal,192300.0,8.38,2025-05-28,36,41438.93,Active,Low
L002741,C09236,Home,56800.0,15.17,2022-09-25,24,4789.53,Active,Low
L002742,C05021,Auto,165600.0,10.23,2023-08-22,84,148070.01,Closed,Low
L002743,C10853,Home,50000.0,16.42,2022-02-03,12,23574.84,Closed,Medium
L002744,C04753,Personal,447500.0,8.1,2022-05-15,60,93392.19,Active,Medium
L002745,C04266,Auto,221500.0,10.37,2025-12-01,60,115273.35,Active,Medium
L002746,C14394,Auto,271800.0,10.06,2025-07-29,240,185334.82,Closed,Medium
L002747,C02578,Auto,50000.0,10.85,2025-11-04,84,19543.27,Active,High
L002748,C03316,Business,78700.0,10.67,2024-02-25,240,14008.26,Active,Low
L002749,C08234,Home,496100.0,12.54,2025-07-19,24,266748.49,Active,Low
L002750,C02471,Auto,1033500.0,11.55,2025-08-12,48,617692.96,Active,Low
L002751,C13368,Home,211600.0,8.36,2023-02-25,48,96593.46,Active,High
L002752,C04561,Personal,197800.0,8.23,2022-02-04,84,160122.78,Closed,Medium
L002753,C00482,Personal,59000.0,12.33,2024-02-15,60,31275.86,Overdue,Low
L002754,C06934,Personal,92300.0,11.22,2025-01-27,180,30901.39,Closed,Medium
L002755,C07022,Personal,109600.0,14.09,2025-07-22,60,77582.71,Active,Low
L002756,C02023,Education,358500.0,7.17,2025-11-08,24,161054.87,Active,Medium
L002757,C01140,Home,91700.0,7.72,2023-05-07,24,75515.31,Active,Medium
L002758,C00562,Home,136600.0,10.25,2022-11-23,240,77911.66,Active,Low
L002759,C02777,Home,122700.0,14.99,2022-12-06,120,112944.11,Closed,Low
L002760,C04248,Personal,142700.0,12.72,2025-06-14,84,118807.85,Active,Low
L002761,C01075,Home,232700.0,15.54,2023-04-26,240,46130.18,Closed,Low
L002762,C09500,Business,259400.0,14.39,2025-06-29,120,224294.63,Active,Medium
L002763,C06616,Personal,75800.0,10.47,2023-10-06,60,40825.39,Active,Low
L002764,C14232,Home,150800.0,12.99,2024-01-02,36,55623.83,Closed,Low
L002765,C05057,Home,648900.0,15.24,2025-11-01,36,211689.79,Active,Low
L002766,C10047,Home,163300.0,14.02,2023-09-16,60,21411.91,Active,Low
L002767,C02243,Auto,85600.0,15.42,2022-10-20,24,60942.47,Active,High
L002768,C05255,Home,312000.0,10.72,2022-05-10,240,125882.48,Active,Low
L002769,C00389,Education,100300.0,6.52,2024-03-15,84,27380.13,Active,Medium
L002770,C00026,Home,103800.0,16.31,2023-04-04,180,44598.59,Active,Medium
L002771,C00232,Home,386900.0,15.35,2022-11-11,60,58949.02,Active,Low
L002772,C09913,Personal,155100.0,12.68,2025-01-30,48,84643.78,Closed,Medium
L002773,C14056,Home,210300.0,15.65,2023-05-11,48,57666.55,Defaulted,Low
L002774,C08546,Business,205200.0,13.49,2022-02-28,180,62386.87,Closed,Low
L002775,C10895,Personal,303200.0,11.84,2023-02-26,12,241086.04,Closed,Low
L002776,C03206,Personal,562000.0,7.64,2024-07-26,60,151151.0,Closed,Low
L002777,C12949,Auto,50000.0,10.07,2023-02-28,120,45699.17,Active,Medium
L002778,C03732,Personal,50000.0,15.52,2024-03-01,48,41299.96,Active,Low
L002779,C11796,Personal,64700.0,8.22,2023-11-02,180,43292.69,Closed,Medium
L002780,C00400,Home,58000.0,15.82,2022-04-27,84,39530.63,Active,Low
L002781,C12117,Home,93000.0,7.28,2024-02-01,240,20175.87,Overdue,Medium
L002782,C08356,Auto,129500.0,8.75,2024-09-11,180,16550.48,Active,Low
L002783,C08257,Auto,156900.0,14.97,2024-08-12,120,42237.65,Closed,Low
L002784,C01045,Home,82900.0,13.56,2022-03-21,180,48946.37,Closed,Low
L002785,C11314,Education,138100.0,11.01,2024-01-18,60,68271.74,Active,Low
L002786,C11706,Auto,313100.0,8.17,2022-06-14,48,120012.86,Active,Medium
L002787,C03494,Auto,237700.0,10.88,2024-12-03,240,122333.7,Active,Low
L002788,C10873,Home,322900.0,13.73,2025-12-15,120,244275.41,Active,Low
L002789,C04257,Business,277600.0,11.79,2025-06-10,48,126303.41,Closed,Low
L002790,C08667,Home,98900.0,13.56,2024-03-19,36,72952.89,Active,Medium
L002791,C00119,Personal,97200.0,8.3,2023-01-08,60,9657.41,Closed,High
L002792,C01401,Auto,154600.0,9.08,2023-10-22,36,44321.84,Active,Medium
L002793,C03076,Home,78700.0,13.79,2022-05-24,12,5132.3,Defaulted,Low
L002794,C08827,Personal,376600.0,7.51,2024-04-11,60,167979.62,Closed,Medium
L002795,C12333,Business,272400.0,9.24,2025-08-19,36,33328.11,Active,High
L002796,C02427,Personal,285100.0,16.23,2022-03-20,240,94757.99,Active,Medium
L002797,C01084,Personal,425600.0,12.65,2023-07-04,240,222435.41,Closed,Low
L002798,C03977,Business,56500.0,12.56,2025-10-15,84,28528.45,Overdue,Medium
L002799,C10970,Education,76700.0,11.75,2022-12-12,24,9623.34,Active,Medium
L002800,C01404,Personal,240000.0,10.46,2025-09-19,120,185520.34,Overdue,Low
L002801,C05741,Home,85600.0,12.51,2023-07-21,240,58036.38,Active,Low
L002802,C12674,Home,188600.0,15.56,2023-12-04,36,129529.94,Active,Medium
L002803,C01231,Home,329300.0,6.55,2024-01-15,12,107291.87,Closed,Low
L002804,C06553,Personal,121200.0,16.48,2022-11-27,120,18087.03,Active,High
L002805,C12792,Home,50000.0,12.76,2022-08-02,240,32965.31,Active,Low
L002806,C03966,Auto,57000.0,12.18,2025-09-19,120,28052.71,Active,Medium
L002807,C14934,Personal,131800.0,7.49,2022-08-08,240,118762.17,Active,Medium
L002808,C01274,Home,50000.0,12.4,2024-05-03,84,13164.72,Active,Low
L002809,C00885,Home,230300.0,9.86,2024-04-25,12,157751.37,Defaulted,Medium
L002810,C14570,Home,107000.0,9.31,2024-08-09,48,28484.24,Active,Medium
L002811,C04248,Auto,118600.0,15.68,2022-04-11,240,85294.1,Overdue,Medium
L002812,C04980,Auto,106100.0,9.35,2025-01-29,84,81643.58,Active,Low
L002813,C11894,Auto,65900.0,8.74,2024-08-18,240,21316.55,Active,Low
L002814,C08703,Home,359400.0,13.15,2023-02-04,12,111349.84,Active,Low
L002815,C09570,Auto,246000.0,8.59,2023-05-18,180,12460.38,Active,Low
L002816,C00109,Business,56600.0,13.79,2024-10-22,120,36553.93,Active,High
L002817,C14690,Personal,58900.0,11.47,2023-09-05,120,43177.91,Active,Low
L002818,C09696,Personal,227300.0,16.2,2023-08-30,120,110575.16,Active,Low
L002819,C01320,Home,72800.0,10.97,2024-03-19,60,41245.62,Active,Medium
L002820,C10333,Home,56500.0,15.97,2024-02-06,120,23708.52,Closed,Low
L002821,C08654,Education,82000.0,13.97,2022-09-09,12,70348.93,Closed,Low
L002822,C01279,Personal,333500.0,9.61,2023-09-20,48,130154.95,Active,Low
L002823,C02016,Auto,386700.0,7.47,2025-03-31,12,67475.67,Active,High
L002824,C01308,Education,498300.0,9.63,2022-09-03,180,418157.73,Active,Medium
L002825,C14879,Home,377000.0,8.85,2023-08-24,120,189706.43,Closed,Low
L002826,C06951,Home,671900.0,11.17,2022-08-20,24,185187.66,Active,Low
L002827,C09867,Personal,148400.0,14.24,2023-12-13,240,18247.35,Active,Medium
L002828,C00381,Business,181400.0,6.54,2025-12-07,240,115465.77,Active,Medium
L002829,C10713,Personal,159900.0,12.59,2024-03-04,120,99288.84,Closed,Low
L002830,C03451,Personal,104600.0,10.02,2023-02-18,240,89757.57,Active,Low
L002831,C03171,Education,211700.0,12.65,2022-12-21,48,138578.55,Overdue,Medium
L002832,C10700,Personal,113100.0,16.4,2023-10-18,240,82479.71,Active,Low
L002833,C04738,Business,657600.0,6.97,2024-04-03,12,258309.73,Closed,Medium
L002834,C02309,Education,183000.0,14.71,2023-06-04,84,170533.71,Active,Low
L002835,C00975,Business,50000.0,13.37,2025-12-31,60,7103.78,Active,Low
L002836,C00729,Business,230600.0,14.88,2022-02-12,60,164692.27,Closed,Medium
L002837,C02437,Business,146800.0,9.11,2023-08-07,120,135504.39,Active,Medium
L002838,C07523,Auto,101600.0,13.06,2025-12-29,240,70680.68,Active,Medium
L002839,C07771,Personal,50000.0,15.07,2022-09-23,240,23065.92,Active,Medium
L002840,C10003,Business,156600.0,16.44,2023-01-25,48,18680.08,Active,Low
L002841,C02905,Personal,234300.0,6.8,2022-10-06,24,12312.52,Active,Low
L002842,C12057,Auto,158100.0,8.44,2023-01-24,12,42116.56,Closed,Low
L002843,C11946,Home,50000.0,9.56,2023-05-28,36,30956.34,Overdue,High
L002844,C02963,Personal,719300.0,15.65,2025-11-20,36,42447.01,Closed,Low
L002845,C12849,Personal,88700.0,10.61,2023-05-10,120,82216.43,Active,Medium
L002846,C12388,Education,116200.0,7.29,2025-03-06,240,83157.9,Active,Medium
L002847,C13772,Auto,147500.0,8.1,2024-11-11,84,130522.88,Active,Low
L002848,C01723,Home,298800.0,13.79,2022-02-24,60,218223.01,Active,High
L002849,C09587,Business,377100.0,10.64,2022-10-26,12,269488.92,Closed,Medium
L002850,C05276,Home,176300.0,10.4,2022-11-27,180,55113.42,Closed,Low
L002851,C03263,Personal,473000.0,16.25,2023-03-06,24,110517.21,Closed,Medium
L002852,C08193,Home,206200.0,14.13,2023-11-30,48,44691.94,Active,Medium
L002853,C11779,Education,339900.0,8.06,2023-02-15,24,19026.51,Active,Medium
L002854,C07046,Business,282100.0,8.3,2025-01-03,36,54259.38,Overdue,Low
L002855,C13566,Personal,230500.0,7.5,2022-08-24,60,178747.06,Active,Medium
L002856,C01809,Business,214400.0,7.6,2025-09-23,180,60917.52,Active,Medium
L002857,C06867,Personal,105600.0,10.39,2022-03-11,48,89028.76,Closed,High
L002858,C07108,Personal,56700.0,7.51,2023-01-23,240,19088.85,Active,Low
L002859,C07268,Personal,327700.0,11.45,2025-07-16,48,221238.99,Active,Medium
L002860,C07357,Home,300300.0,9.58,2023-05-20,120,28956.13,Active,Medium
L002861,C08060,Home,115400.0,14.56,2025-01-22,240,72630.28,Active,Low
L002862,C11227,Home,78400.0,12.77,2024-12-31,36,74424.51,Overdue,Low
L002863,C03071,Auto,310000.0,10.77,2024-05-20,12,194493.62,Active,Low
L002864,C05130,Home,151900.0,14.58,2022-06-16,120,116323.55,Active,Low
L002865,C04097,Personal,80500.0,8.5,2022-01-01,12,58169.37,Active,Low
L002866,C07898,Auto,136300.0,15.67,2023-12-23,84,52949.71,Defaulted,Low
L002867,C11335,Personal,133000.0,16.18,2025-08-03,240,69205.74,Active,Low
L002868,C00508,Personal,714300.0,15.3,2022-04-25,240,315503.9,Active,Low
L002869,C00981,Business,572900.0,8.12,2022-05-17,12,81025.68,Active,Low
L002870,C02729,Home,195600.0,14.65,2023-10-16,24,83958.83,Active,Low
L002871,C00097,Business,121600.0,13.81,2022-01-28,24,30363.67,Overdue,Low
L002872,C06659,Education,666600.0,10.19,2022-07-22,12,387239.56,Active,Medium
L002873,C06082,Business,167600.0,15.51,2025-08-03,180,17213.3,Active,Medium
L002874,C13716,Personal,93000.0,15.79,2024-04-28,48,60683.86,Active,Low
L002875,C06785,Personal,129100.0,14.01,2024-10-29,48,29959.69,Active,Low
L002876,C12048,Personal,377700.0,8.99,2022-02-13,48,343788.85,Active,Low
L002877,C05619,Home,653600.0,8.18,2024-12-04,180,238339.31,Active,Low
L002878,C01675,Auto,446100.0,7.03,2025-11-20,24,390058.16,Active,Low
L002879,C06953,Personal,128000.0,11.58,2024-07-22,120,107315.86,Active,Low
L002880,C13735,Home,166500.0,11.34,2023-09-25,48,54635.34,Active,High
L002881,C00924,Personal,270200.0,10.22,2023-12-24,240,127155.07,Overdue,Medium
L002882,C08421,Business,1116400.0,15.05,2024-06-12,240,682520.62,Active,Low
L002883,C07411,Home,307800.0,7.68,2022-09-19,60,207359.64,Active,Low
L002884,C09321,Home,50000.0,11.19,2024-10-14,36,27724.52,Active,High
L002885,C09120,Personal,103400.0,12.45,2023-01-17,12,72255.29,Overdue,Low
L002886,C14340,Home,84100.0,11.82,2025-05-05,12,50294.63,Overdue,Low
L002887,C00977,Education,123700.0,13.57,2022-09-26,48,26778.54,Closed,Low
L002888,C02696,Education,119600.0,13.44,2023-06-28,84,99399.94,Closed,Low
L002889,C10135,Home,362300.0,14.71,2023-04-16,60,224753.24,Active,Low
L002890,C11230,Business,149900.0,15.6,2024-01-04,84,110926.63,Closed,Medium
L002891,C07180,Home,73300.0,16.44,2025-07-27,36,65971.63,Active,Low
L002892,C11662,Home,74400.0,8.33,2023-10-18,24,66702.35,Closed,Medium
L002893,C02572,Personal,140900.0,13.91,2024-03-24,24,54935.25,Active,High
L002894,C12071,Home,396900.0,15.39,2022-04-09,84,149072.75,Closed,Low
L002895,C09823,Personal,255500.0,8.16,2025-12-18,36,53305.56,Active,Low
L002896,C01359,Auto,137000.0,7.23,2022-08-24,84,106219.08,Closed,Low
L002897,C03492,Education,240300.0,13.0,2025-03-11,84,128116.4,Overdue,Medium
L002898,C03035,Education,50000.0,9.59,2022-07-23,120,20139.18,Closed,Low
L002899,C02136,Auto,297300.0,15.9,2024-10-17,36,139353.65,Active,Low
L002900,C14630,Business,50000.0,7.38,2025-08-15,24,8256.25,Active,Low
L002901,C02332,Personal,102200.0,6.99,2022-07-13,48,58321.03,Active,Low
L002902,C04079,Home,141500.0,13.02,2025-10-07,60,85269.77,Active,Medium
L002903,C07341,Business,148000.0,11.39,2022-09-10,180,46873.97,Active,Low
L002904,C13765,Personal,64400.0,8.85,2022-08-31,24,46627.6,Active,Medium
L002905,C09684,Education,611300.0,11.77,2022-07-08,12,176518.1,Active,Low
L002906,C03273,Auto,70000.0,15.28,2023-07-19,24,25265.8,Overdue,Medium
L002907,C09866,Home,372800.0,10.29,2023-04-13,24,266539.07,Active,Low
L002908,C03872,Personal,94400.0,6.87,2023-10-13,240,71982.26,Active,Low
L002909,C03893,Personal,503200.0,8.42,2025-12-24,36,142629.69,Closed,Medium
L002910,C05914,Home,75800.0,6.87,2025-09-07,12,39300.99,Closed,Low
L002911,C04188,Home,412100.0,13.61,2022-11-18,84,290793.98,Active,Low
L002912,C09970,Personal,180000.0,8.72,2023-05-18,120,110895.58,Active,Medium
L002913,C14818,Home,300900.0,6.59,2025-07-28,36,59606.81,Active,Low
L002914,C09850,Personal,262200.0,6.76,2024-12-16,12,99517.84,Active,Medium
L002915,C02805,Education,151000.0,6.63,2023-02-09,36,55365.04,Active,Medium
L002916,C08697,Auto,194500.0,15.89,2023-09-27,120,100945.49,Active,Low
L002917,C12279,Personal,116600.0,12.35,2025-11-24,84,71343.49,Active,Medium
L002918,C03106,Home,471800.0,15.21,2025-07-31,180,378344.61,Overdue,High
L002919,C12901,Education,118700.0,9.87,2023-04-28,48,112579.35,Active,Low
L002920,C04665,Personal,199100.0,13.35,2023-05-30,12,113949.92,Closed,Low
L002921,C02457,Auto,276400.0,9.49,2025-05-23,60,185685.12,Active,Low
L002922,C03426,Education,51600.0,12.07,2022-04-27,48,44129.43,Closed,Medium
L002923,C13796,Home,190800.0,15.32,2024-08-21,48,113636.85,Active,Low
L002924,C05160,Personal,920300.0,14.93,2024-03-29,180,790898.17,Closed,Low
L002925,C03178,Business,241700.0,12.29,2025-12-02,12,85404.49,Active,Low
L002926,C11914,Personal,263600.0,12.6,2025-01-29,120,129617.63,Active,Low
L002927,C04450,Business,130400.0,13.08,2023-10-24,180,79765.8,Active,Medium
L002928,C10274,Personal,393700.0,13.63,2022-08-20,48,172273.81,Active,Low
L002929,C11753,Personal,644600.0,16.21,2025-12-06,36,497742.72,Overdue,Low
L002930,C07780,Home,126200.0,14.03,2024-07-05,180,25498.83,Closed,Low
L002931,C11954,Business,1048400.0,14.69,2022-12-02,240,131912.83,Closed,Medium
L002932,C11191,Auto,88500.0,8.38,2025-11-12,120,6005.88,Closed,Low
L002933,C12934,Home,160600.0,15.98,2024-10-23,48,128070.54,Active,Low
L002934,C04982,Personal,96700.0,7.59,2024-07-03,36,39679.89,Active,Low
L002935,C04617,Business,697700.0,7.17,2025-07-15,48,237157.72,Active,High
L002936,C01669,Home,284100.0,16.42,2024-11-02,36,97325.97,Active,High
L002937,C00645,Personal,92400.0,8.86,2022-04-01,12,60908.57,Active,Low
L002938,C04244,Auto,243600.0,9.69,2023-11-29,84,101302.17,Active,Low
L002939,C02776,Auto,50000.0,14.12,2024-02-16,240,11149.24,Active,Low
L002940,C09512,Business,534400.0,8.83,2023-01-15,180,473770.57,Active,Low
L002941,C01800,Business,50000.0,11.19,2022-08-07,120,33717.01,Active,Low
L002942,C06947,Home,484700.0,6.71,2024-01-17,120,299642.43,Active,Medium
L002943,C06089,Business,142100.0,8.33,2023-09-10,60,102486.1,Active,Low
L002944,C04006,Home,190100.0,9.12,2022-10-12,60,178424.93,Closed,Low
L002945,C09825,Business,147600.0,7.45,2024-12-30,24,59072.11,Overdue,Low
L002946,C06775,Personal,101900.0,9.61,2023-05-03,24,9155.45,Active,High
L002947,C13272,Personal,394100.0,13.84,2023-04-02,84,255306.25,Active,Low
L002948,C09672,Home,426900.0,14.48,2025-12-08,60,63988.74,Active,Low
L002949,C02923,Business,81800.0,7.45,2025-11-21,84,21093.74,Active,Low
L002950,C04983,Education,55700.0,11.61,2023-05-10,84,49193.45,Active,Low
L002951,C08677,Home,57000.0,6.83,2024-12-02,240,44861.39,Closed,Medium
L002952,C04057,Home,168500.0,10.89,2023-06-05,240,11562.47,Active,Low
L002953,C06223,Auto,919600.0,8.07,2022-10-08,48,440181.25,Active,Low
L002954,C11509,Home,293500.0,6.74,2022-10-21,12,28115.37,Active,Medium
L002955,C06406,Education,152900.0,14.35,2025-01-08,120,104218.58,Active,High
L002956,C08494,Business,100100.0,11.94,2025-03-31,120,16446.29,Active,Low
L002957,C04890,Business,79200.0,15.46,2022-07-24,60,69632.93,Active,High
L002958,C12601,Home,618100.0,14.12,2023-06-22,12,505374.41,Active,Low
L002959,C05723,Auto,50000.0,11.03,2023-10-21,36,26382.31,Active,Low
L002960,C14398,Home,66500.0,14.93,2022-02-08,120,6260.54,Closed,Medium
L002961,C09815,Home,133400.0,11.15,2025-10-02,36,79434.57,Active,Low
L002962,C10295,Home,73300.0,13.52,2022-02-25,84,28261.15,Active,Medium
L002963,C09874,Auto,105900.0,12.07,2024-11-06,48,27878.57,Closed,High
L002964,C00445,Education,172900.0,12.68,2025-01-08,84,161556.89,Active,Medium
L002965,C07644,Personal,270400.0,12.25,2022-12-22,84,220578.9,Active,High
L002966,C14801,Business,91800.0,15.57,2024-04-05,84,37809.05,Active,Low
L002967,C12525,Education,135200.0,14.08,2023-04-18,12,87806.27,Active,Medium
L002968,C08877,Personal,278600.0,11.03,2023-04-23,180,32117.72,Overdue,Medium
L002969,C14111,Home,493800.0,7.53,2022-04-14,48,46521.19,Active,Low
L002970,C01299,Personal,206100.0,7.12,2024-03-09,36,140210.24,Active,Low
L002971,C00820,Personal,397500.0,13.87,2025-10-20,120,74313.77,Active,High
L002972,C05898,Business,53000.0,12.88,2023-12-18,240,5134.37,Overdue,Low
L002973,C11111,Personal,155300.0,9.67,2025-12-28,60,86733.04,Active,Low
L002974,C13515,Personal,50000.0,7.42,2023-12-04,36,10030.79,Active,Low
L002975,C05537,Auto,222500.0,13.8,2025-08-08,12,16976.5,Active,Low
L002976,C06240,Personal,463400.0,10.48,2023-11-09,60,68053.61,Active,Low
L002977,C10388,Home,82000.0,7.23,2022-02-07,120,33759.72,Active,Medium
L002978,C11885,Education,227400.0,12.24,2023-04-02,48,139226.6,Active,Medium
L002979,C05235,Auto,75400.0,15.19,2025-03-20,180,24274.32,Active,High
L002980,C04691,Personal,217000.0,14.26,2024-10-15,180,21131.26,Active,High
L002981,C11776,Home,419900.0,10.51,2024-03-25,60,190138.0,Active,High
L002982,C06815,Auto,71800.0,10.35,2025-08-06,60,12789.04,Closed,Low
L002983,C01809,Auto,533300.0,13.37,2025-11-06,120,302232.52,Active,Medium
L002984,C03038,Personal,229900.0,15.23,2024-03-26,120,147605.53,Active,Low
L002985,C03390,Business,346600.0,9.97,2025-11-13,12,223192.58,Active,Low
L002986,C14362,Auto,571300.0,10.99,2024-08-16,12,320160.04,Active,Low
L002987,C12336,Personal,137400.0,8.89,2023-01-15,84,122242.23,Active,Medium
L002988,C09740,Auto,69900.0,9.78,2025-09-09,180,13009.84,Active,Medium
L002989,C07443,Personal,1230300.0,10.91,2025-12-25,36,294980.7,Defaulted,Low
L002990,C01064,Auto,68900.0,15.07,2024-06-11,240,18177.43,Defaulted,Low
L002991,C03634,Personal,67600.0,11.1,2025-04-21,60,32360.37,Active,Low
L002992,C08744,Personal,112600.0,12.14,2024-08-29,180,27268.7,Active,Low
L002993,C09439,Home,121600.0,14.3,2023-01-15,36,55504.52,Active,Medium
L002994,C01681,Business,993100.0,7.68,2024-08-07,180,616392.34,Active,Low
L002995,C10415,Personal,50000.0,15.08,2025-12-13,24,32439.56,Active,Low
L002996,C08960,Auto,50000.0,7.94,2023-07-21,120,26382.7,Active,Low
L002997,C14783,Personal,112000.0,6.74,2024-06-14,84,20366.85,Active,Low
L002998,C06823,Auto,459700.0,8.31,2022-04-11,120,434410.28,Active,Low
L002999,C13690,Home,299500.0,9.42,2023-02-08,36,264633.55,Overdue,Medium
L003000,C03648,Home,189800.0,7.88,2025-01-24,240,133512.65,Active,Medium
L003001,C01759,Home,156000.0,12.9,2023-07-04,120,68175.57,Overdue,Low
L003002,C06805,Personal,107600.0,7.26,2025-09-23,84,87023.12,Active,Medium
L003003,C03983,Business,87500.0,12.69,2025-07-14,36,7768.41,Closed,Medium
L003004,C06083,Education,171800.0,9.66,2024-04-25,12,159946.33,Overdue,High
L003005,C04486,Home,133300.0,14.48,2022-07-06,36,125694.69,Closed,Medium
L003006,C14258,Home,306500.0,9.48,2025-10-16,84,87004.09,Overdue,Low
L003007,C00870,Education,73700.0,12.8,2024-06-12,60,48376.58,Active,Low
L003008,C07886,Personal,81900.0,11.87,2023-08-20,180,16259.19,Active,High
L003009,C11170,Home,115100.0,11.07,2024-04-03,48,102927.09,Active,Low
L003010,C01458,Education,88700.0,12.53,2023-09-23,120,19128.45,Active,Low
L003011,C00348,Home,79900.0,12.98,2025-07-24,60,34747.17,Closed,Medium
L003012,C01430,Education,139300.0,9.56,2022-01-06,84,26046.81,Closed,Low
L003013,C11082,Auto,115300.0,8.41,2025-09-15,240,49309.15,Active,Low
L003014,C09083,Home,147500.0,12.28,2025-09-27,48,117898.82,Closed,Low
L003015,C05060,Personal,112200.0,7.25,2025-11-09,60,25506.99,Overdue,Low
L003016,C00228,Personal,50000.0,13.05,2024-03-21,84,41520.74,Active,Low
L003017,C02924,Education,50000.0,7.93,2023-08-07,60,25988.89,Active,Low
L003018,C12111,Personal,104300.0,9.87,2024-10-21,84,42230.88,Closed,Low
L003019,C01917,Home,257800.0,9.17,2024-09-05,48,132769.67,Active,Low
L003020,C07936,Home,296800.0,8.45,2022-05-09,48,240066.04,Active,Medium
L003021,C05199,Business,69300.0,11.69,2024-11-06,60,62140.06,Active,Medium
L003022,C00764,Home,121900.0,9.51,2022-07-04,60,33142.66,Overdue,Low
L003023,C07970,Home,374000.0,12.2,2023-02-10,60,196987.72,Active,High
L003024,C02493,Business,71800.0,12.25,2023-04-18,24,48053.08,Active,Low
L003025,C02734,Home,249400.0,12.39,2025-10-23,12,195239.31,Active,Low
L003026,C12269,Personal,50000.0,8.54,2023-01-22,36,26619.33,Active,Medium
L003027,C10917,Home,306200.0,10.39,2023-12-03,36,234039.22,Overdue,Medium
L003028,C11838,Home,102400.0,11.01,2022-02-21,180,10199.23,Defaulted,High
L003029,C08091,Home,249200.0,10.89,2022-01-01,48,196448.84,Defaulted,Medium
L003030,C08245,Personal,188800.0,7.15,2025-05-06,240,57696.74,Active,Medium
L003031,C12024,Business,96700.0,6.72,2023-03-30,180,53709.05,Active,Low
L003032,C03043,Personal,185900.0,6.52,2022-09-29,48,121456.36,Active,Low
L003033,C09296,Home,146000.0,15.75,2024-07-21,60,102750.82,Defaulted,Low
L003034,C01340,Auto,134300.0,9.09,2022-03-15,240,108820.5,Overdue,Low
L003035,C08548,Auto,208200.0,13.4,2022-11-24,120,184924.15,Overdue,Low
L003036,C08905,Personal,311800.0,11.1,2022-12-21,48,289984.64,Defaulted,Medium
L003037,C13964,Education,204000.0,12.59,2024-05-16,24,182796.38,Closed,Medium
L003038,C09655,Personal,178000.0,10.21,2023-02-24,24,77048.93,Active,Low
L003039,C04277,Personal,77800.0,12.12,2022-11-23,24,25862.2,Closed,Low
L003040,C02739,Education,100000.0,15.09,2024-02-03,36,87707.09,Active,Medium
L003041,C02013,Personal,657500.0,12.36,2024-10-13,60,239544.44,Active,Medium
L003042,C09299,Personal,366200.0,14.22,2025-10-21,60,35927.14,Active,High
L003043,C13562,Personal,536600.0,6.9,2022-05-19,60,197180.52,Active,Low
L003044,C04834,Auto,458300.0,14.48,2025-06-07,36,226787.87,Active,Low
L003045,C14276,Auto,121700.0,13.46,2024-10-30,180,98235.35,Defaulted,Low
L003046,C12543,Personal,385100.0,16.38,2025-01-02,36,306848.52,Active,Low
L003047,C05638,Home,68800.0,16.25,2025-06-11,48,61905.07,Active,Low
L003048,C08269,Personal,50600.0,8.63,2023-10-28,48,30890.43,Closed,Low
L003049,C14759,Home,99300.0,12.06,2025-09-16,36,20715.35,Active,Low
L003050,C07601,Auto,63300.0,15.97,2024-02-13,120,53664.28,Active,Medium
L003051,C13048,Home,254700.0,11.83,2022-04-07,12,115090.63,Closed,High
L003052,C05316,Home,50000.0,16.38,2025-12-16,48,41204.41,Closed,Low
L003053,C11655,Home,160100.0,11.63,2025-02-23,12,28244.43,Overdue,Medium
L003054,C07136,Personal,101700.0,12.81,2025-11-10,24,55534.44,Active,Low
L003055,C00604,Education,412500.0,15.35,2023-03-14,240,285429.85,Defaulted,Low
L003056,C01925,Personal,107700.0,14.91,2025-01-15,12,52429.92,Closed,Medium
L003057,C12845,Business,88000.0,6.88,2023-03-04,84,30281.77,Active,Medium
L003058,C12605,Auto,50000.0,10.1,2022-02-23,180,43520.95,Active,Medium
L003059,C11304,Home,115100.0,8.79,2023-03-14,120,11273.71,Active,Low
L003060,C14666,Personal,216200.0,11.08,2025-01-01,240,80097.29,Overdue,Low
L003061,C10379,Home,657100.0,9.85,2025-11-05,48,124991.57,Active,Low
L003062,C01029,Education,210100.0,15.73,2023-05-23,36,109264.82,Active,Medium
L003063,C02629,Personal,434800.0,6.86,2023-02-16,24,112484.36,Active,Medium
L003064,C01192,Personal,162200.0,10.1,2025-07-14,12,94676.42,Active,Medium
L003065,C03488,Auto,94900.0,12.48,2022-03-10,12,30847.6,Active,Medium
L003066,C00284,Personal,115300.0,15.47,2022-11-01,84,95827.25,Active,High
L003067,C00961,Home,295700.0,13.68,2023-07-05,240,271273.77,Active,High
L003068,C07568,Personal,143500.0,13.5,2025-09-19,84,86780.05,Active,Medium
L003069,C10995,Auto,160800.0,9.03,2023-11-09,24,78481.38,Active,Low
L003070,C01302,Business,244100.0,6.77,2025-03-23,240,123186.12,Active,High
L003071,C00077,Home,282100.0,9.61,2025-06-26,120,84743.25,Active,Low
L003072,C01858,Business,169500.0,15.71,2024-01-08,36,37703.38,Active,Low
L003073,C03918,Business,183300.0,14.16,2022-06-10,240,169363.05,Active,Low
L003074,C08042,Personal,254900.0,15.14,2023-08-01,240,238092.14,Active,Low
L003075,C07192,Home,542500.0,13.69,2022-01-19,12,226202.52,Active,Low
L003076,C06842,Personal,50000.0,8.23,2023-02-16,84,29293.55,Active,Low
L003077,C14894,Home,277600.0,14.77,2025-05-19,120,235780.71,Active,Low
L003078,C11505,Auto,880800.0,12.28,2022-11-15,84,713435.86,Closed,Medium
L003079,C02978,Business,50000.0,16.17,2024-11-01,24,10578.21,Active,Low
L003080,C02688,Home,316900.0,12.39,2024-05-20,48,85910.67,Closed,Low
L003081,C10607,Home,312900.0,7.74,2023-01-31,48,141857.73,Active,Low
L003082,C03493,Home,146100.0,8.72,2023-01-20,24,53781.47,Active,Low
L003083,C11864,Business,286100.0,15.48,2023-09-17,24,100905.41,Active,Low
L003084,C05823,Home,254100.0,12.52,2023-10-11,24,95241.27,Closed,Low
L003085,C10738,Education,208100.0,11.45,2025-12-05,180,131670.61,Closed,Low
L003086,C11850,Business,50000.0,10.49,2025-12-04,84,43274.04,Closed,Medium
L003087,C14860,Personal,97200.0,8.58,2025-12-27,84,41855.78,Active,Low
L003088,C01562,Auto,57100.0,12.87,2023-03-16,24,42553.9,Active,High
L003089,C11745,Auto,128200.0,11.35,2023-01-07,84,42022.01,Active,Low
L003090,C06676,Auto,96000.0,16.32,2024-03-18,48,83724.01,Overdue,Low
L003091,C01082,Personal,50000.0,8.71,2025-08-18,120,30336.05,Active,Medium
L003092,C14705,Personal,433200.0,14.51,2025-08-10,120,404490.73,Active,Low
L003093,C10101,Education,193000.0,10.89,2023-06-11,24,34697.19,Overdue,Medium
L003094,C13618,Home,111700.0,14.14,2022-12-19,24,41964.92,Active,High
L003095,C07370,Home,227500.0,10.0,2023-11-06,36,140402.82,Active,Low
L003096,C03310,Home,50000.0,12.06,2023-11-29,240,25549.15,Defaulted,Low
L003097,C11589,Home,660000.0,12.67,2024-01-09,24,441930.61,Closed,Medium
L003098,C10728,Business,879000.0,8.76,2024-09-20,60,431156.52,Active,Medium
L003099,C05059,Personal,1098900.0,12.43,2024-08-15,60,758837.24,Overdue,Low
L003100,C11052,Personal,653400.0,15.25,2025-09-26,84,565262.47,Active,Low
L003101,C13445,Auto,356200.0,14.0,2023-01-15,180,141672.18,Active,Low
L003102,C06363,Home,554800.0,15.94,2025-02-01,48,369690.61,Closed,Medium
L003103,C13149,Business,201900.0,9.87,2022-06-15,180,39853.86,Active,Low
L003104,C03854,Personal,234900.0,16.47,2022-06-12,180,87371.57,Active,Low
L003105,C12641,Auto,139500.0,16.37,2025-01-03,36,18072.12,Closed,Medium
L003106,C10144,Auto,302900.0,8.94,2023-10-22,60,232819.44,Active,Low
L003107,C13566,Home,154000.0,7.78,2023-09-29,84,38654.39,Active,Medium
L003108,C04501,Auto,439600.0,15.66,2024-08-23,60,86060.88,Active,Medium
L003109,C00842,Personal,210400.0,13.73,2024-03-09,12,40497.74,Closed,Medium
L003110,C03109,Personal,151300.0,6.89,2023-01-18,180,20467.78,Active,Medium
L003111,C10231,Auto,92900.0,8.91,2024-04-01,24,69473.17,Closed,Low
L003112,C14948,Personal,89800.0,12.44,2024-12-21,36,59468.9,Active,Medium
L003113,C01420,Home,63700.0,14.86,2022-11-29,24,45098.19,Closed,Low
L003114,C00502,Personal,261000.0,8.05,2022-08-05,48,30914.4,Active,Low
L003115,C06050,Auto,69400.0,6.83,2022-04-08,84,6811.89,Active,Medium
L003116,C00760,Business,99900.0,12.23,2023-04-03,240,84050.6,Closed,Low
L003117,C04370,Personal,97100.0,13.26,2023-08-29,180,35938.33,Overdue,Low
L003118,C13829,Home,191200.0,8.83,2024-04-07,24,164144.12,Overdue,Low
L003119,C07273,Personal,381600.0,9.96,2023-10-21,48,228568.04,Active,Low
L003120,C12556,Personal,142400.0,11.73,2025-01-18,120,86450.29,Active,Medium
L003121,C10627,Education,157900.0,12.18,2025-10-13,48,21648.12,Overdue,Low
L003122,C01087,Home,156500.0,7.36,2023-08-14,120,88647.81,Closed,Medium
L003123,C14692,Home,207900.0,7.17,2024-06-09,120,181444.04,Active,Low
L003124,C02379,Auto,638200.0,9.27,2024-01-13,12,39645.12,Active,Low
L003125,C08098,Home,56700.0,12.71,2023-08-26,180,21073.12,Active,Low
L003126,C08737,Education,308400.0,15.07,2024-12-23,36,202385.93,Defaulted,Medium
L003127,C02353,Home,87200.0,15.45,2024-04-11,180,61853.93,Active,Low
L003128,C10577,Home,342400.0,11.25,2024-05-26,180,163169.17,Overdue,Low
L003129,C12590,Home,326600.0,10.15,2025-05-29,48,244266.42,Active,Medium
L003130,C01177,Auto,50000.0,13.35,2022-08-27,60,41128.12,Active,Medium
L003131,C02103,Education,50000.0,12.86,2025-09-16,84,43651.87,Closed,Low
L003132,C01835,Education,318800.0,8.02,2025-02-14,120,216668.08,Defaulted,Low
L003133,C03363,Education,96800.0,16.4,2023-09-20,48,28240.8,Active,Low
L003134,C11646,Home,214600.0,13.65,2022-07-31,180,147210.17,Closed,High
L003135,C07322,Education,115600.0,15.21,2023-09-22,48,107300.67,Active,Low
L003136,C14119,Home,361800.0,10.78,2024-07-20,48,246060.38,Closed,Low
L003137,C10397,Home,230300.0,9.25,2023-02-06,36,105836.75,Active,Low
L003138,C08967,Home,397800.0,10.5,2022-12-02,120,290890.22,Defaulted,Medium
L003139,C01770,Personal,137700.0,14.63,2025-04-16,12,24211.82,Active,High
L003140,C12767,Home,168000.0,10.99,2023-10-05,84,131672.33,Closed,Low
L003141,C08528,Personal,105700.0,16.3,2024-09-29,180,35127.66,Active,Medium
L003142,C08767,Business,88200.0,8.38,2022-01-13,48,6080.18,Active,Medium
L003143,C03786,Personal,532300.0,13.11,2025-01-28,120,384699.91,Closed,Low
L003144,C08101,Auto,309300.0,12.98,2024-03-10,24,76007.17,Active,Low
L003145,C03362,Personal,56300.0,13.54,2024-01-30,180,17210.49,Active,High
L003146,C10662,Home,485800.0,12.74,2024-08-21,120,242563.34,Active,Low
L003147,C11756,Business,50000.0,14.38,2023-07-18,84,5599.16,Closed,Medium
L003148,C13372,Business,308700.0,11.73,2025-08-04,12,84493.72,Closed,Low
L003149,C11294,Education,191000.0,14.34,2022-06-12,120,161192.65,Overdue,Medium
L003150,C02245,Business,129900.0,11.99,2022-01-24,24,10968.13,Active,Medium
L003151,C04026,Home,620800.0,8.34,2024-05-07,12,349945.36,Active,High
L003152,C08867,Personal,247500.0,16.31,2025-10-27,24,71378.66,Active,High
L003153,C05199,Business,289900.0,8.54,2025-09-10,120,78372.46,Active,Medium
L003154,C14536,Auto,543700.0,7.92,2022-03-26,48,491624.21,Active,Medium
L003155,C10036,Auto,168000.0,11.12,2025-08-07,120,66275.97,Active,Low
L003156,C04817,Home,85500.0,6.9,2022-06-10,48,8830.48,Active,Low
L003157,C05754,Home,149600.0,11.77,2022-10-31,48,129677.01,Closed,Low
L003158,C10837,Business,161000.0,9.8,2025-01-15,12,148587.27,Active,Low
L003159,C12938,Business,50000.0,6.56,2023-10-12,180,4822.19,Active,Medium
L003160,C12708,Personal,128600.0,9.59,2022-01-11,240,60551.92,Active,Low
L003161,C02298,Personal,102200.0,10.93,2022-10-22,36,64838.18,Active,Medium
L003162,C14272,Personal,713700.0,10.19,2023-08-26,48,158316.58,Closed,Medium
L003163,C09450,Auto,78000.0,9.69,2023-01-06,60,37065.55,Overdue,Low
L003164,C07337,Auto,191100.0,13.13,2024-04-23,12,97947.64,Active,Low
L003165,C10636,Personal,158600.0,15.4,2023-03-28,12,26013.68,Active,Low
L003166,C09213,Auto,58900.0,10.15,2025-04-08,24,23950.76,Closed,Low
L003167,C05768,Home,77800.0,12.09,2022-01-26,120,41106.82,Active,Low
L003168,C10089,Business,267400.0,13.51,2025-12-08,36,160546.35,Active,Low
L003169,C04655,Home,144500.0,16.42,2022-01-14,36,97032.86,Active,Low
L003170,C06876,Personal,223700.0,14.96,2023-05-16,84,36991.56,Active,Low
L003171,C08884,Personal,383400.0,16.26,2022-05-20,24,134740.57,Overdue,Low
L003172,C00921,Personal,438800.0,6.94,2025-09-29,120,309339.55,Closed,Low
L003173,C04609,Personal,106400.0,9.63,2025-06-06,24,88600.0,Active,Low
L003174,C08037,Business,312100.0,14.13,2022-10-13,84,34448.36,Active,Low
L003175,C09726,Personal,208300.0,13.69,2024-09-08,180,97928.26,Active,Low
L003176,C00634,Education,149100.0,7.02,2025-01-10,24,49217.65,Active,Low
L003177,C10050,Business,113100.0,7.99,2022-05-21,84,28388.75,Overdue,Low
L003178,C11791,Personal,158500.0,15.38,2025-04-20,36,35285.95,Active,Medium
L003179,C03827,Personal,512100.0,10.94,2022-11-18,180,281049.18,Active,Medium
L003180,C02204,Personal,141300.0,12.24,2022-05-11,60,9549.53,Active,Medium
L003181,C10731,Personal,55500.0,7.4,2024-01-06,120,52506.61,Overdue,Medium
L003182,C06977,Personal,126800.0,13.28,2022-09-25,48,37292.32,Active,Medium
L003183,C00958,Home,72600.0,6.56,2025-01-14,36,18244.09,Active,Medium
L003184,C05217,Business,193400.0,11.69,2022-10-22,180,176317.94,Active,Medium
L003185,C07448,Home,483500.0,12.31,2023-12-03,12,71035.37,Active,Medium
L003186,C03081,Business,180500.0,13.84,2025-08-03,180,92556.16,Closed,Medium
L003187,C11034,Personal,50000.0,12.73,2022-05-18,36,10914.89,Active,High
L003188,C11852,Business,253300.0,11.34,2025-11-07,36,114514.41,Active,Medium
L003189,C10536,Home,232700.0,11.28,2024-07-15,24,23494.39,Active,Medium
L003190,C05866,Home,89800.0,6.92,2024-12-19,48,52483.52,Active,Low
L003191,C10645,Home,377100.0,11.57,2025-08-25,48,37900.31,Active,High
L003192,C03089,Education,61600.0,12.92,2023-03-04,60,58254.71,Active,Low
L003193,C12240,Auto,50000.0,7.61,2023-10-20,48,3980.68,Active,Low
L003194,C07894,Auto,104200.0,10.43,2023-01-02,240,37676.03,Closed,Low
L003195,C14614,Home,202100.0,10.61,2025-10-30,240,127684.52,Active,Low
L003196,C05709,Home,143400.0,14.68,2022-10-20,24,25495.92,Closed,Medium
L003197,C05638,Education,419600.0,12.32,2024-04-25,48,245159.69,Closed,Medium
L003198,C07763,Personal,695700.0,6.94,2023-09-12,48,183149.49,Active,Low
L003199,C05382,Home,107200.0,12.55,2023-11-23,48,24729.84,Overdue,Low
L003200,C11084,Home,686600.0,13.28,2022-06-04,84,120980.98,Active,Low
L003201,C14807,Personal,422300.0,7.43,2024-09-26,60,269665.19,Active,Medium
L003202,C12360,Auto,66800.0,14.08,2023-10-16,24,61284.05,Closed,Medium
L003203,C12100,Personal,169600.0,11.93,2025-01-04,48,123590.12,Overdue,Low
L003204,C05676,Auto,118900.0,16.4,2022-11-25,60,98519.9,Active,Low
L003205,C07725,Home,50000.0,12.08,2024-05-17,36,6612.47,Active,Low
L003206,C01774,Business,112300.0,10.38,2025-01-05,12,32666.69,Closed,Medium
L003207,C12344,Home,235700.0,12.92,2023-11-12,48,211613.03,Active,Low
L003208,C12288,Personal,175300.0,12.73,2025-01-06,36,90153.41,Active,Medium
L003209,C00555,Business,241100.0,9.91,2024-07-27,12,112632.89,Overdue,Medium
L003210,C11078,Home,244500.0,10.67,2023-01-27,60,156232.82,Closed,Low
L003211,C08590,Auto,102100.0,6.64,2024-04-02,180,43230.3,Active,Medium
L003212,C10979,Home,409600.0,12.43,2025-04-03,12,152893.2,Active,Low
L003213,C01833,Personal,241500.0,15.4,2023-06-14,24,52505.98,Overdue,Low
L003214,C10881,Business,314100.0,14.86,2022-05-02,60,206472.89,Closed,Medium
L003215,C13510,Business,274500.0,11.72,2023-05-16,240,179194.66,Active,Medium
L003216,C00116,Home,296700.0,10.54,2024-07-22,24,157012.26,Active,Medium
L003217,C07565,Home,50000.0,7.65,2025-09-14,48,27597.18,Active,Low
L003218,C08662,Education,100800.0,7.77,2024-09-04,24,15979.03,Closed,Medium
L003219,C14024,Home,76100.0,12.02,2024-04-25,48,6714.01,Active,Medium
L003220,C07462,Auto,74500.0,13.25,2022-08-25,84,22176.58,Active,Medium
L003221,C14522,Personal,81300.0,14.4,2024-09-09,180,20378.27,Active,Low
L003222,C04056,Auto,130300.0,16.0,2025-12-05,84,90726.61,Active,Low
L003223,C00888,Personal,71000.0,7.59,2023-04-30,60,14919.12,Closed,Low
L003224,C06178,Education,427700.0,7.39,2024-11-13,84,127167.16,Overdue,Low
L003225,C10527,Personal,185500.0,16.14,2022-04-11,12,130426.65,Active,Medium
L003226,C13765,Home,611000.0,10.85,2024-10-07,84,50301.64,Closed,Low
L003227,C04469,Business,67900.0,8.51,2024-05-01,120,8926.63,Active,Low
L003228,C10547,Education,233800.0,10.34,2024-11-29,24,207863.95,Active,Medium
L003229,C12207,Personal,294700.0,10.82,2024-12-12,240,153137.83,Active,Low
L003230,C07790,Business,434600.0,11.01,2024-07-02,24,221057.26,Closed,High
L003231,C09145,Auto,388100.0,9.1,2025-12-21,12,296492.53,Closed,Medium
L003232,C04975,Home,265500.0,9.74,2025-05-03,24,199459.77,Overdue,Medium
L003233,C07327,Education,181300.0,9.36,2023-06-06,180,145675.35,Closed,Low
L003234,C12905,Personal,413100.0,16.34,2022-08-12,48,111360.15,Active,High
L003235,C08063,Home,66900.0,14.81,2025-05-09,120,47110.43,Overdue,Low
L003236,C14656,Personal,145300.0,14.41,2023-01-24,120,87360.92,Active,Low
L003237,C07641,Personal,94000.0,8.12,2023-08-15,180,22908.88,Active,Medium
L003238,C10960,Auto,181600.0,7.28,2024-11-12,12,43406.0,Active,Medium
L003239,C06868,Education,308500.0,13.15,2025-03-26,36,111445.14,Overdue,Medium
L003240,C00595,Home,108300.0,12.97,2025-01-22,60,81498.47,Closed,Low
L003241,C09703,Home,185500.0,14.02,2024-12-12,60,100623.14,Defaulted,Low
L003242,C00332,Business,166600.0,6.65,2025-01-29,180,57931.09,Active,Low
L003243,C12138,Education,140500.0,8.3,2025-06-26,180,25909.92,Active,Low
L003244,C04103,Personal,149800.0,8.76,2024-12-25,36,65444.26,Active,Low
L003245,C07518,Education,174900.0,16.49,2024-08-24,240,153281.2,Active,Low
L003246,C14888,Personal,129400.0,11.9,2025-05-12,24,54918.98,Active,Low
L003247,C12950,Auto,327700.0,7.47,2022-10-11,84,279992.91,Active,High
L003248,C10856,Personal,193100.0,14.22,2023-10-03,24,77584.52,Active,Medium
L003249,C00391,Home,104500.0,10.64,2025-04-20,36,22006.16,Overdue,Low
L003250,C00738,Education,187800.0,7.13,2022-01-29,120,11387.62,Overdue,Medium
L003251,C02330,Auto,543900.0,8.57,2022-10-21,12,336532.61,Active,Medium
L003252,C05752,Personal,50000.0,13.01,2023-11-30,180,14747.58,Active,Low
L003253,C01015,Auto,139100.0,15.97,2022-10-23,36,30560.63,Active,High
L003254,C10136,Personal,70200.0,13.66,2024-07-13,240,32570.85,Active,Medium
L003255,C03629,Home,125300.0,13.59,2024-05-31,120,9071.5,Active,Medium
L003256,C11738,Home,229200.0,9.26,2025-04-06,24,30388.86,Active,High
L003257,C13380,Education,151900.0,8.13,2025-08-30,48,109003.1,Active,Medium
L003258,C14010,Personal,50000.0,8.92,2023-10-04,120,15329.38,Closed,Low
L003259,C10470,Education,154200.0,11.38,2022-08-10,24,93991.25,Closed,Low
L003260,C11529,Personal,124000.0,7.62,2025-07-05,12,11470.51,Active,Low
L003261,C11028,Education,102900.0,15.77,2025-05-29,240,19031.95,Active,Low
L003262,C05619,Home,371000.0,7.62,2023-12-22,36,248301.11,Active,Low
L003263,C08969,Auto,56600.0,15.67,2022-02-20,36,23421.82,Active,Low
L003264,C08476,Home,208700.0,8.14,2023-12-19,60,185463.25,Active,Low
L003265,C11685,Education,89600.0,16.17,2025-02-13,60,5983.18,Active,Low
L003266,C12352,Business,57600.0,15.42,2024-12-21,48,38231.3,Closed,Low
L003267,C02934,Home,57800.0,16.15,2022-03-04,36,49910.11,Active,Medium
L003268,C08063,Personal,764500.0,7.83,2022-07-11,12,654192.07,Active,Low
L003269,C02185,Education,255700.0,13.63,2025-03-31,84,187707.85,Active,Low
L003270,C06318,Home,209500.0,14.53,2024-07-15,240,146720.36,Active,Medium
L003271,C07520,Business,462000.0,14.05,2024-10-16,60,301277.3,Active,Medium
L003272,C06313,Personal,371800.0,7.36,2024-02-21,120,90933.35,Active,Medium
L003273,C09484,Home,61100.0,11.53,2023-03-22,84,35487.52,Active,Low
L003274,C00364,Auto,155600.0,15.46,2024-05-02,48,86683.48,Active,Low
L003275,C10714,Education,132000.0,13.42,2022-08-12,48,36608.77,Active,High
L003276,C01783,Auto,156200.0,7.3,2024-08-24,36,39246.25,Active,Medium
L003277,C05676,Home,83800.0,8.05,2024-12-29,180,55801.51,Active,Medium
L003278,C00516,Home,238800.0,13.7,2024-03-10,180,168813.06,Closed,Low
L003279,C13306,Education,54700.0,12.49,2024-03-26,12,6827.39,Overdue,Low
L003280,C01311,Personal,337800.0,15.51,2023-10-28,24,292699.52,Closed,Medium
L003281,C01189,Home,134600.0,13.16,2023-10-09,48,97361.3,Active,Low
L003282,C11585,Education,141200.0,15.41,2025-01-17,180,60534.24,Active,Low
L003283,C11521,Personal,399000.0,16.14,2022-02-08,24,345239.23,Overdue,Low
L003284,C00216,Home,100900.0,9.02,2022-07-20,180,59640.75,Closed,Medium
L003285,C01557,Personal,116000.0,7.25,2025-08-02,12,92130.11,Active,Low
L003286,C08678,Personal,171100.0,9.09,2023-11-17,12,123148.05,Closed,Low
L003287,C09840,Home,457000.0,15.47,2022-09-21,60,80972.39,Active,Medium
L003288,C13340,Personal,157000.0,10.87,2023-01-07,12,77229.46,Overdue,Medium
L003289,C13397,Business,80100.0,12.07,2022-09-04,84,33167.04,Closed,High
L003290,C09430,Personal,182000.0,13.38,2022-01-13,120,112942.79,Active,Low
L003291,C05224,Personal,125000.0,11.79,2025-12-02,60,42897.13,Active,Low
L003292,C07649,Business,399000.0,13.01,2022-07-14,180,144578.11,Active,Low
L003293,C12851,Education,50000.0,15.64,2025-10-21,120,4202.87,Active,Medium
L003294,C00731,Personal,239900.0,15.9,2022-01-13,240,128120.73,Active,Low
L003295,C03074,Auto,152100.0,10.37,2025-09-18,84,121112.28,Closed,High
L003296,C13747,Home,240400.0,10.43,2024-10-14,120,215143.6,Active,Medium
L003297,C09789,Personal,748500.0,8.5,2022-04-14,36,357929.22,Defaulted,Medium
L003298,C11316,Education,50000.0,15.28,2022-05-16,48,17493.82,Active,High
L003299,C02077,Home,142600.0,10.93,2025-10-15,84,65819.94,Active,Low
L003300,C02883,Personal,326300.0,9.15,2022-06-10,120,244073.42,Active,Low
L003301,C05701,Home,293900.0,7.54,2022-09-18,36,270889.68,Closed,Medium
L003302,C00913,Auto,149900.0,14.32,2022-02-28,24,21287.68,Active,Low
L003303,C03064,Home,355300.0,6.53,2022-11-25,60,124606.57,Active,Medium
L003304,C09472,Auto,728000.0,13.85,2022-09-17,48,144544.44,Active,Medium
L003305,C09331,Personal,50000.0,11.69,2025-07-23,240,16658.19,Active,Low
L003306,C14110,Business,121000.0,11.57,2025-09-05,84,51708.65,Active,Low
L003307,C13121,Personal,100600.0,14.16,2024-08-24,84,58023.56,Active,High
L003308,C08711,Home,50000.0,10.95,2025-08-27,36,12315.02,Closed,Low
L003309,C13603,Education,903400.0,13.45,2022-06-26,12,725641.11,Active,Low
L003310,C04121,Home,183400.0,11.05,2024-12-11,12,80274.26,Active,Low
L003311,C09869,Auto,70900.0,7.22,2025-10-22,12,18837.45,Active,Low
L003312,C00596,Education,437000.0,12.79,2024-10-03,84,180193.97,Active,Medium
L003313,C13224,Auto,50000.0,8.55,2022-12-07,120,22437.99,Active,Low
L003314,C04127,Personal,165200.0,12.3,2024-12-07,180,10139.31,Closed,Medium
L003315,C14070,Personal,80200.0,6.75,2025-03-28,60,47966.57,Active,Medium
L003316,C14346,Home,188500.0,15.29,2025-02-27,48,154990.61,Active,High
L003317,C08283,Home,100300.0,14.88,2025-02-20,48,8843.0,Closed,Medium
L003318,C06846,Auto,721500.0,15.26,2025-02-08,24,540483.07,Active,Low
L003319,C11578,Auto,50000.0,12.6,2023-09-21,24,4407.79,Active,Low
L003320,C02493,Education,132400.0,15.66,2023-04-18,36,105492.03,Active,Medium
L003321,C11600,Auto,172200.0,12.13,2024-02-25,120,37227.08,Active,Medium
L003322,C10893,Business,132600.0,9.22,2025-09-18,12,112048.36,Closed,Low
L003323,C01265,Personal,197600.0,13.96,2025-11-11,24,86615.48,Closed,Low
L003324,C11656,Business,343700.0,12.2,2024-11-28,36,130474.99,Active,Medium
L003325,C14478,Education,93700.0,13.67,2022-07-04,12,9302.48,Closed,Low
L003326,C03200,Education,125100.0,9.22,2022-02-25,180,42977.11,Overdue,Medium
L003327,C03837,Auto,188200.0,13.12,2023-06-22,48,91394.57,Active,Medium
L003328,C07822,Business,233000.0,13.5,2023-03-26,84,106348.0,Active,Low
L003329,C12534,Home,443700.0,11.12,2025-08-05,48,213815.7,Active,Medium
L003330,C00112,Personal,52700.0,13.94,2025-08-24,24,49669.96,Active,Medium
L003331,C10036,Personal,121200.0,8.14,2025-08-21,12,26855.02,Active,Low
L003332,C04700,Education,222300.0,9.0,2025-08-28,240,158209.66,Overdue,Medium
L003333,C14909,Personal,320200.0,14.46,2023-10-29,60,57768.82,Active,Medium
L003334,C04106,Home,122000.0,7.93,2022-07-05,240,109089.12,Active,Low
L003335,C14346,Auto,74300.0,15.75,2023-05-06,60,35052.49,Closed,Medium
L003336,C03659,Home,211800.0,8.32,2022-01-21,120,121436.16,Overdue,Low
L003337,C00497,Business,179000.0,11.07,2025-09-12,12,31604.1,Active,High
L003338,C08773,Business,165000.0,7.16,2022-10-08,12,90053.87,Closed,Medium
L003339,C02372,Home,155900.0,13.6,2024-09-18,240,130104.83,Active,Low
L003340,C10292,Auto,50000.0,12.23,2024-09-27,24,29197.15,Active,Low
L003341,C00183,Personal,60800.0,11.34,2022-07-21,12,17198.14,Active,Medium
L003342,C13009,Business,68500.0,7.97,2023-08-19,240,60671.8,Active,Medium
L003343,C02323,Personal,170600.0,8.32,2024-11-18,180,150508.52,Active,Medium
L003344,C10260,Personal,166000.0,10.95,2025-10-18,120,137623.48,Active,Low
L003345,C05171,Auto,395400.0,11.34,2022-08-06,48,214903.72,Active,Low
L003346,C01656,Home,107800.0,14.72,2024-10-31,60,16370.08,Active,Low
L003347,C14785,Education,50000.0,13.88,2023-11-13,180,6299.42,Active,Low
L003348,C07687,Home,587700.0,7.44,2025-12-11,48,187711.69,Active,Low
L003349,C10955,Auto,214400.0,12.32,2024-09-20,240,76255.29,Active,High
L003350,C03696,Education,142000.0,7.05,2023-08-15,240,80387.21,Active,Low
L003351,C02092,Auto,68900.0,6.85,2025-06-29,120,33245.39,Active,Low
L003352,C10927,Personal,276800.0,8.44,2023-03-23,24,191873.92,Overdue,Low
L003353,C05389,Personal,154600.0,13.13,2024-12-24,48,30342.61,Active,Low
L003354,C00921,Home,227700.0,10.67,2022-11-09,36,17067.57,Defaulted,Medium
L003355,C00662,Business,206100.0,15.35,2022-01-06,12,40446.09,Active,Medium
L003356,C05702,Business,114100.0,14.6,2024-08-31,240,42402.64,Active,Low
L003357,C04537,Home,89000.0,10.98,2025-12-16,120,43943.58,Active,Low
L003358,C03236,Auto,135800.0,14.53,2024-04-04,240,110794.13,Overdue,Medium
L003359,C00805,Home,123300.0,9.54,2023-08-20,12,92433.29,Defaulted,Medium
L003360,C02243,Auto,50000.0,16.07,2025-06-29,48,4511.99,Overdue,Low
L003361,C02387,Business,197400.0,8.41,2023-06-07,24,138774.71,Active,High
L003362,C09429,Home,276300.0,8.06,2022-08-20,36,173646.86,Active,High
L003363,C03073,Auto,50000.0,14.23,2025-01-22,240,14835.13,Overdue,Medium
L003364,C14982,Home,84500.0,9.15,2022-07-14,84,10865.92,Closed,Low
L003365,C05121,Personal,521600.0,14.64,2023-08-31,60,171966.24,Closed,Medium
L003366,C03314,Education,211000.0,14.06,2023-05-14,120,24325.34,Overdue,Low
L003367,C08477,Home,252100.0,7.85,2023-05-24,120,198084.71,Active,Low
L003368,C00019,Auto,171700.0,8.75,2025-03-22,240,104766.69,Overdue,High
L003369,C11276,Education,76900.0,9.31,2022-02-01,180,44285.02,Active,Low
L003370,C00210,Business,169900.0,12.14,2024-07-15,84,139845.8,Active,Medium
L003371,C02362,Business,493900.0,12.11,2025-03-19,24,157161.11,Active,Medium
L003372,C00711,Auto,50000.0,11.84,2023-02-15,84,39460.01,Active,Medium
L003373,C02750,Business,650000.0,9.69,2024-01-02,48,195877.81,Active,Low
L003374,C02514,Home,50000.0,12.8,2022-09-04,36,4355.7,Overdue,Low
L003375,C03141,Home,411000.0,6.82,2024-11-21,240,343519.93,Active,Low
L003376,C09154,Home,62900.0,10.82,2022-09-29,24,37035.59,Active,Low
L003377,C12540,Home,343500.0,10.31,2023-03-19,48,293202.29,Active,Low
L003378,C05221,Business,243000.0,12.49,2024-09-23,180,90706.32,Active,Medium
L003379,C01498,Personal,256600.0,15.29,2023-03-03,12,121075.99,Active,Low
L003380,C01858,Auto,72400.0,14.45,2025-01-21,120,48070.93,Defaulted,Medium
L003381,C10063,Personal,135800.0,12.3,2024-07-18,84,71858.95,Active,Medium
L003382,C05945,Home,57800.0,15.89,2023-08-03,240,25079.02,Active,Low
L003383,C06612,Business,115600.0,10.64,2024-01-21,60,52606.46,Active,Medium
L003384,C13975,Personal,194600.0,9.11,2024-04-25,240,29915.96,Active,Low
L003385,C04108,Education,51500.0,11.48,2025-04-01,48,11500.37,Closed,Low
L003386,C09279,Auto,501600.0,12.82,2025-07-15,84,334560.26,Active,Low
L003387,C13729,Business,121400.0,11.75,2023-04-26,84,72938.98,Active,High
L003388,C09236,Auto,50000.0,7.35,2025-10-04,12,18742.17,Overdue,Low
L003389,C07886,Home,437900.0,15.31,2025-10-06,120,207048.05,Active,Low
L003390,C08371,Home,50000.0,10.68,2022-10-18,84,26025.09,Active,Medium
L003391,C10035,Personal,166900.0,12.15,2024-08-22,60,68291.81,Active,Low
L003392,C03878,Home,168500.0,14.45,2025-12-01,24,48988.65,Active,Low
L003393,C05790,Auto,139000.0,6.64,2025-05-22,24,16729.96,Active,Low
L003394,C08730,Education,166600.0,11.51,2024-05-26,48,110520.49,Active,Medium
L003395,C03814,Home,138100.0,13.72,2022-08-27,180,54470.26,Active,Medium
L003396,C07152,Auto,306600.0,9.97,2024-11-28,48,203475.26,Active,Low
L003397,C03224,Home,100100.0,12.31,2024-02-16,60,44035.92,Overdue,Medium
L003398,C00778,Personal,121200.0,15.11,2025-12-24,36,48345.08,Closed,Medium
L003399,C08168,Business,219400.0,12.59,2023-03-13,180,47085.82,Active,Medium
L003400,C11588,Auto,386600.0,11.97,2025-11-22,240,83985.37,Active,Low
L003401,C05632,Auto,161600.0,9.35,2025-12-09,240,70693.24,Defaulted,Low
L003402,C03934,Home,69700.0,15.38,2024-08-27,240,51846.15,Active,Low
L003403,C12899,Home,646700.0,14.72,2023-06-08,240,376577.67,Active,Low
L003404,C10501,Auto,250200.0,9.58,2024-07-27,48,52625.72,Closed,Low
L003405,C00154,Personal,50000.0,16.45,2022-03-19,48,30151.7,Active,Medium
L003406,C11398,Auto,621800.0,11.3,2023-05-13,240,519901.73,Active,Medium
L003407,C03582,Home,147900.0,11.38,2022-03-23,60,89922.95,Active,Low
L003408,C03374,Auto,96700.0,15.37,2023-10-12,180,77391.82,Active,Medium
L003409,C09500,Personal,257000.0,13.01,2022-12-29,240,75236.3,Active,Low
L003410,C09678,Auto,225900.0,15.64,2024-02-08,120,183778.02,Closed,Low
L003411,C14625,Personal,50000.0,9.99,2025-10-23,36,5477.77,Closed,High
L003412,C11983,Auto,109600.0,7.72,2023-09-14,120,71661.88,Defaulted,Medium
L003413,C02796,Personal,391900.0,11.6,2022-05-08,48,245290.9,Active,Medium
L003414,C10108,Personal,71000.0,7.26,2022-03-15,120,34835.15,Active,Low
L003415,C09900,Personal,276000.0,14.06,2025-12-31,36,67889.42,Active,Low
L003416,C10064,Auto,87000.0,8.08,2025-05-04,12,34567.52,Active,Medium
L003417,C00499,Home,207500.0,9.51,2024-07-02,36,127861.14,Overdue,Low
L003418,C04380,Auto,1507100.0,13.22,2025-02-19,48,132695.28,Active,Low
L003419,C06759,Auto,195000.0,15.27,2024-08-20,84,149776.76,Overdue,Low
L003420,C00294,Business,1053600.0,10.15,2025-12-09,84,77918.34,Overdue,Medium
L003421,C14654,Home,64300.0,15.71,2022-02-22,84,14992.39,Closed,High
L003422,C09187,Personal,164500.0,10.5,2023-03-09,36,95476.99,Active,Low
L003423,C08669,Personal,147100.0,14.08,2024-05-02,48,110584.55,Active,Medium
L003424,C03688,Home,97200.0,9.29,2022-11-21,48,58191.24,Overdue,Medium
L003425,C14660,Personal,207400.0,14.3,2024-05-04,60,162874.07,Active,Low
L003426,C12028,Auto,67100.0,14.15,2022-05-20,24,58435.19,Closed,Low
L003427,C11561,Auto,417600.0,7.76,2025-12-29,240,189063.4,Active,Low
L003428,C08781,Personal,360100.0,14.57,2025-11-08,120,187005.5,Active,Low
L003429,C11863,Personal,132000.0,14.34,2025-02-17,36,95891.15,Overdue,Medium
L003430,C10898,Home,279200.0,14.78,2025-03-23,60,48895.79,Active,Low
L003431,C11440,Business,58800.0,16.09,2023-09-19,24,6427.59,Active,Low
L003432,C11800,Auto,287000.0,11.02,2023-05-10,180,190556.6,Active,Medium
L003433,C01305,Personal,126200.0,13.13,2024-10-17,48,35146.08,Active,Medium
L003434,C07418,Home,149300.0,15.89,2024-02-13,180,30197.75,Defaulted,Medium
L003435,C02953,Education,124300.0,12.11,2024-05-09,48,22179.03,Active,Low
L003436,C04565,Education,122500.0,10.36,2025-03-19,60,12038.72,Overdue,High
L003437,C03805,Personal,131300.0,8.78,2023-04-25,60,55205.53,Defaulted,Medium
L003438,C11898,Auto,161000.0,12.44,2025-01-27,48,131435.88,Active,Low
L003439,C13356,Business,394300.0,12.93,2022-08-26,60,25579.0,Active,Medium
L003440,C10246,Personal,73800.0,14.47,2022-07-19,120,7479.36,Active,Medium
L003441,C10534,Home,50000.0,7.06,2022-03-22,36,5321.23,Overdue,Low
L003442,C13514,Business,204600.0,12.6,2024-01-27,48,172917.94,Active,Medium
L003443,C00281,Business,65000.0,10.84,2022-01-07,36,30277.7,Active,Low
L003444,C00006,Home,201800.0,9.23,2023-09-25,36,17149.44,Active,Low
L003445,C06056,Home,104200.0,8.55,2024-07-24,12,65554.34,Closed,Medium
L003446,C14012,Personal,186300.0,11.19,2025-02-11,84,137505.56,Closed,High
L003447,C04309,Education,137000.0,6.94,2024-10-28,84,113093.39,Overdue,Low
L003448,C11083,Personal,614900.0,11.23,2023-06-09,60,522652.06,Closed,Medium
L003449,C00136,Auto,134900.0,14.94,2023-02-28,84,11435.16,Active,Low
L003450,C00777,Personal,174400.0,9.07,2024-07-11,120,54035.23,Active,Low
L003451,C05165,Home,388100.0,12.46,2023-03-23,36,364687.1,Active,Low
L003452,C11144,Home,530700.0,10.9,2025-10-19,48,337679.3,Closed,Medium
L003453,C05780,Home,819000.0,9.5,2022-01-31,48,458713.45,Active,Low
L003454,C00222,Personal,110400.0,13.33,2023-05-20,120,10129.3,Closed,High
L003455,C02402,Home,636000.0,13.37,2025-03-26,120,441213.13,Closed,Medium
L003456,C06356,Personal,73000.0,11.3,2024-07-31,48,54696.28,Active,Low
L003457,C03902,Home,449200.0,12.43,2022-07-14,84,232195.78,Overdue,Medium
L003458,C00445,Auto,97700.0,8.35,2024-12-27,36,89690.59,Overdue,Low
L003459,C12411,Home,221300.0,7.15,2022-03-02,48,203163.02,Active,Medium
L003460,C08105,Personal,335900.0,14.49,2025-01-29,12,148728.24,Active,Medium
L003461,C14428,Home,77200.0,14.66,2024-12-06,240,51152.69,Active,Medium
L003462,C03260,Business,472400.0,9.6,2022-06-06,240,333235.91,Active,Low
L003463,C04228,Business,86800.0,9.93,2025-09-11,240,72022.97,Active,Low
L003464,C12568,Business,284800.0,12.86,2025-09-01,120,23886.91,Active,Low
L003465,C05564,Personal,309900.0,13.94,2022-12-24,120,283370.43,Active,Low
L003466,C00835,Home,65500.0,8.5,2025-10-23,36,39682.85,Active,Low
L003467,C08333,Auto,698000.0,16.5,2022-07-28,120,300007.75,Overdue,High
L003468,C13240,Business,142000.0,8.06,2022-09-23,120,53988.45,Active,Low
L003469,C09797,Home,245400.0,6.89,2025-01-30,48,153634.23,Closed,High
L003470,C13060,Personal,281900.0,11.11,2022-05-24,36,100963.77,Closed,Low
L003471,C11907,Education,151600.0,13.28,2022-07-13,24,82536.32,Active,Low
L003472,C03226,Education,102400.0,12.04,2024-03-09,12,39005.02,Active,Medium
L003473,C02000,Auto,277800.0,11.43,2024-04-17,48,193019.52,Active,Low
L003474,C11596,Personal,337300.0,16.37,2024-10-31,240,170563.04,Active,Medium
L003475,C08692,Auto,140300.0,8.84,2022-11-06,24,77223.41,Closed,Low
L003476,C10390,Personal,87300.0,7.19,2023-01-15,36,52596.48,Active,Medium
L003477,C02614,Home,264200.0,11.63,2022-07-23,84,134723.38,Active,Low
L003478,C02421,Personal,400600.0,11.32,2023-12-02,60,171202.2,Closed,Medium
L003479,C13396,Personal,170400.0,9.97,2025-12-01,36,141341.79,Active,Low
L003480,C11845,Business,430500.0,6.87,2022-07-15,60,23970.7,Active,Medium
L003481,C10536,Auto,254900.0,12.75,2025-11-11,84,58115.66,Closed,Low
L003482,C04500,Education,472300.0,13.02,2025-05-14,24,422337.8,Defaulted,Low
L003483,C02756,Business,205800.0,16.2,2025-08-18,36,191013.34,Active,High
L003484,C02692,Education,50000.0,7.13,2024-08-22,24,4998.41,Active,Medium
L003485,C00537,Home,107000.0,7.93,2023-12-11,48,97923.93,Active,Low
L003486,C08001,Home,98400.0,15.27,2024-06-16,36,50805.02,Active,Low
L003487,C02653,Business,122500.0,11.04,2024-08-01,12,61788.62,Closed,Low
L003488,C04547,Business,109500.0,13.17,2025-09-15,48,25441.33,Active,Medium
L003489,C02099,Home,50000.0,16.39,2023-08-24,120,39676.01,Active,Low
L003490,C10880,Personal,177200.0,10.22,2022-07-01,48,88084.97,Closed,Low
L003491,C02444,Home,50000.0,7.7,2023-07-04,180,37048.3,Active,Medium
L003492,C10435,Home,50000.0,6.78,2022-04-08,180,26666.07,Active,Low
L003493,C13926,Home,308600.0,12.35,2023-12-18,36,130460.31,Active,Low
L003494,C11219,Home,105400.0,7.67,2022-12-21,12,16669.42,Active,Medium
L003495,C05079,Auto,111200.0,12.23,2022-08-06,48,29531.44,Closed,Low
L003496,C04055,Business,667500.0,14.38,2023-02-14,240,135250.59,Active,Medium
L003497,C01278,Personal,112300.0,16.18,2023-04-13,120,100597.52,Active,Low
L003498,C09761,Auto,139900.0,7.81,2025-07-04,240,18318.57,Active,Medium
L003499,C01740,Business,551400.0,7.59,2025-11-18,48,73865.75,Active,Low
L003500,C14486,Education,112000.0,14.75,2022-11-26,12,64592.58,Active,Low
L003501,C08981,Home,132000.0,8.46,2024-08-23,36,46465.32,Closed,Medium
L003502,C01645,Education,162200.0,8.38,2025-01-23,60,61642.75,Closed,Low
L003503,C03640,Personal,149700.0,7.87,2023-03-06,48,38701.83,Overdue,Low
L003504,C12281,Auto,386000.0,12.57,2024-06-10,180,30656.53,Active,Medium
L003505,C07505,Home,216500.0,12.11,2023-07-06,12,199525.16,Active,Low
L003506,C14860,Personal,116700.0,12.61,2025-01-23,120,57128.56,Active,Low
L003507,C06789,Auto,229500.0,15.58,2025-06-30,180,99391.12,Closed,Low
L003508,C04085,Education,219800.0,8.93,2025-12-05,60,88402.03,Active,Low
L003509,C03391,Personal,52400.0,11.74,2024-11-16,36,8205.31,Active,Low
L003510,C04608,Auto,91000.0,8.33,2023-05-05,48,71447.65,Defaulted,Medium
L003511,C03402,Auto,144000.0,13.34,2023-03-26,48,25672.55,Active,Low
L003512,C06178,Personal,428000.0,8.94,2025-05-26,12,240035.19,Active,Medium
L003513,C08230,Auto,423300.0,15.46,2024-11-26,12,153486.34,Active,Medium
L003514,C05659,Auto,346700.0,10.68,2024-06-13,48,261163.92,Overdue,Low
L003515,C08769,Personal,1152300.0,10.42,2023-12-14,84,478763.89,Active,Low
L003516,C08667,Education,181500.0,7.83,2023-04-07,120,26959.82,Closed,Medium
L003517,C11347,Business,102700.0,14.01,2022-11-10,24,60361.89,Active,High
L003518,C04619,Home,87500.0,14.64,2025-11-02,120,81325.72,Overdue,Medium
L003519,C06513,Home,50000.0,14.85,2025-03-27,60,47225.54,Active,Low
L003520,C13832,Auto,196000.0,10.68,2022-06-19,84,34945.93,Active,Medium
L003521,C01106,Home,203200.0,8.57,2023-12-03,60,185790.86,Closed,Medium
L003522,C03006,Auto,198200.0,12.33,2025-12-11,180,28645.65,Active,Medium
L003523,C01337,Auto,260700.0,12.76,2023-02-13,84,247542.32,Active,Low
L003524,C00116,Business,699300.0,14.2,2025-12-01,48,533501.49,Active,Medium
L003525,C05103,Personal,275800.0,6.82,2022-08-02,84,187367.81,Overdue,Medium
L003526,C08842,Auto,70900.0,14.12,2025-06-23,48,27805.58,Active,Low
L003527,C11246,Personal,390400.0,12.44,2025-04-19,84,317092.98,Active,Medium
L003528,C12606,Auto,574100.0,11.19,2025-09-07,120,363428.39,Active,Medium
L003529,C01487,Home,174800.0,13.79,2022-07-16,24,31060.63,Active,Medium
L003530,C01522,Auto,115700.0,7.11,2025-01-15,180,64949.62,Active,Low
L003531,C10799,Personal,298400.0,12.13,2025-01-07,24,190221.89,Active,Medium
L003532,C14526,Personal,87800.0,13.73,2025-06-23,240,48890.97,Active,Low
L003533,C10527,Personal,234800.0,12.36,2022-08-22,36,128954.3,Active,Low
L003534,C14295,Education,67000.0,10.18,2024-10-23,24,3541.08,Active,Medium
L003535,C08779,Personal,104700.0,11.61,2023-05-21,84,89042.15,Active,Medium
L003536,C02255,Education,210000.0,11.14,2025-07-06,180,120842.6,Defaulted,Low
L003537,C14362,Education,102000.0,14.86,2024-07-25,180,34170.82,Active,Low
L003538,C06698,Personal,239200.0,10.96,2024-01-02,240,122580.92,Active,Low
L003539,C07167,Home,93200.0,13.62,2025-01-14,120,47117.54,Closed,Medium
L003540,C06479,Home,724200.0,9.33,2024-04-02,12,518907.42,Active,Low
L003541,C03635,Personal,50000.0,11.72,2022-01-16,36,41548.5,Active,Medium
L003542,C09394,Business,90900.0,14.54,2023-11-15,12,58261.7,Overdue,Low
L003543,C03852,Auto,177000.0,9.67,2022-11-25,60,146312.0,Active,Low
L003544,C13524,Home,279200.0,7.58,2024-10-13,84,21152.43,Overdue,Low
L003545,C11177,Personal,258300.0,11.21,2022-05-29,240,155888.79,Active,Low
L003546,C13988,Home,170600.0,16.27,2022-04-25,60,110753.47,Active,Medium
L003547,C08678,Home,240900.0,16.38,2023-11-02,120,124116.36,Closed,Medium
L003548,C14983,Personal,87300.0,16.37,2023-03-26,84,65830.27,Active,Low
L003549,C05787,Home,168600.0,12.38,2023-01-08,60,137529.47,Overdue,Medium
L003550,C00300,Personal,84600.0,6.69,2024-04-22,60,50093.74,Active,Medium
L003551,C06113,Auto,94200.0,13.07,2023-05-08,24,9836.07,Closed,Medium
L003552,C14756,Business,74400.0,12.76,2023-05-06,240,9502.17,Defaulted,Medium
L003553,C06131,Business,75900.0,14.88,2025-06-17,240,31838.94,Closed,Low
L003554,C13328,Business,77000.0,15.34,2025-07-11,240,23816.21,Overdue,Low
L003555,C04990,Personal,191300.0,7.0,2025-01-19,24,95241.89,Active,High
L003556,C13613,Personal,191800.0,8.03,2024-06-05,180,32353.48,Closed,Medium
L003557,C11140,Personal,164900.0,15.25,2022-04-15,240,72702.81,Active,High
L003558,C12100,Home,353400.0,10.86,2025-02-10,24,127416.56,Active,Low
L003559,C00837,Personal,69800.0,10.51,2022-07-04,84,16230.22,Closed,Low
L003560,C11514,Home,253100.0,9.54,2025-03-14,240,171159.0,Active,Medium
L003561,C09824,Personal,70600.0,9.51,2023-01-02,240,49169.21,Active,Low
L003562,C00217,Home,155400.0,9.99,2022-09-30,60,109579.95,Active,Medium
L003563,C06306,Auto,112500.0,12.1,2023-01-11,84,75791.57,Overdue,Low
L003564,C09218,Personal,156600.0,7.47,2022-11-10,12,130736.35,Active,Low
L003565,C07416,Home,2677300.0,8.69,2023-02-22,180,1438590.1,Active,Low
L003566,C01615,Home,409300.0,10.34,2025-09-01,36,214766.02,Overdue,Medium
L003567,C10543,Home,140800.0,10.68,2022-12-20,48,133604.6,Active,Low
L003568,C14694,Personal,468200.0,14.31,2025-06-19,84,229304.76,Overdue,Low
L003569,C06379,Personal,554200.0,12.41,2024-04-26,84,112109.85,Active,Medium
L003570,C05559,Auto,116400.0,14.91,2022-05-22,12,51515.4,Active,Medium
L003571,C02632,Auto,50800.0,7.62,2023-06-15,240,20957.74,Overdue,Low
L003572,C00052,Personal,70300.0,9.19,2022-06-06,120,50224.25,Active,Medium
L003573,C08365,Personal,50000.0,16.2,2025-10-21,180,9974.52,Closed,Low
L003574,C11451,Home,598100.0,14.23,2022-08-21,120,536345.12,Closed,Medium
L003575,C14098,Home,334700.0,6.73,2024-03-14,48,61582.68,Closed,High
L003576,C04504,Business,50000.0,12.84,2025-05-21,24,27951.62,Active,Low
L003577,C03922,Home,115700.0,9.85,2024-08-14,12,46927.57,Active,Medium
L003578,C08255,Business,138200.0,9.08,2022-02-10,120,21095.91,Active,Low
L003579,C13312,Home,438000.0,15.83,2025-05-17,24,125081.43,Active,High
L003580,C11532,Home,183500.0,12.83,2022-10-27,84,116802.2,Active,Low
L003581,C11675,Personal,953600.0,15.53,2025-03-04,36,767954.55,Active,Low
L003582,C07893,Home,78300.0,7.01,2025-10-05,120,29342.22,Active,Low
L003583,C00513,Home,127500.0,12.67,2023-09-10,36,73463.39,Active,Low
L003584,C01300,Auto,149100.0,13.92,2023-07-25,12,66775.38,Active,Low
L003585,C00379,Home,355200.0,11.87,2025-06-28,84,275781.47,Active,Low
L003586,C09238,Auto,50000.0,13.49,2023-12-11,84,42289.66,Active,Low
L003587,C13139,Personal,137700.0,10.29,2022-11-12,180,124564.5,Closed,Medium
L003588,C14562,Education,136700.0,16.01,2024-07-12,120,72228.92,Active,Medium
L003589,C11659,Home,62600.0,8.79,2022-03-25,12,44754.92,Active,Medium
L003590,C09972,Auto,152200.0,15.83,2024-12-07,24,30168.31,Active,Low
L003591,C00610,Personal,194600.0,12.96,2022-05-06,24,63864.57,Active,Medium
L003592,C09684,Home,161100.0,12.79,2025-06-17,240,80958.32,Active,Medium
L003593,C05157,Business,140300.0,13.34,2022-09-19,240,113314.64,Defaulted,Low
L003594,C09240,Personal,84500.0,12.04,2023-09-18,180,14807.26,Active,Low
L003595,C09554,Home,83900.0,7.04,2025-08-18,48,18616.66,Active,Medium
L003596,C12055,Education,177400.0,11.69,2023-03-15,120,87551.33,Active,Low
L003597,C04747,Education,81300.0,13.74,2023-06-22,48,18117.03,Active,Low
L003598,C05199,Auto,427600.0,13.1,2022-08-22,60,388174.68,Active,Low
L003599,C00314,Personal,190200.0,14.59,2023-06-25,60,139677.05,Active,Low
L003600,C02290,Education,213400.0,15.59,2023-12-28,24,176913.22,Active,Medium
L003601,C04618,Personal,293800.0,14.8,2024-05-05,12,25830.16,Defaulted,High
L003602,C05253,Auto,87100.0,11.96,2022-01-25,180,50203.31,Closed,High
L003603,C05081,Business,517300.0,9.8,2023-03-30,24,140058.17,Active,Medium
L003604,C03728,Auto,235700.0,16.42,2023-08-21,120,53959.88,Active,Low
L003605,C11749,Auto,227100.0,12.06,2022-12-22,60,133020.72,Active,Low
L003606,C07192,Auto,200700.0,14.71,2025-05-15,84,73300.74,Overdue,Low
L003607,C09834,Business,132800.0,12.78,2023-01-05,36,123469.43,Active,Low
L003608,C07016,Auto,148700.0,12.29,2024-08-29,48,123608.67,Active,Medium
L003609,C07257,Auto,144300.0,13.22,2024-11-05,24,38393.02,Overdue,Low
L003610,C10599,Home,70000.0,7.34,2025-07-21,180,53820.92,Active,Low
L003611,C12827,Personal,188000.0,14.2,2024-03-28,84,82420.56,Active,High
L003612,C10954,Home,284900.0,11.85,2022-11-26,12,115596.43,Active,Low
L003613,C09378,Education,183100.0,7.34,2025-01-09,48,81472.52,Active,Low
L003614,C03868,Education,247400.0,7.53,2023-03-20,24,203143.1,Active,Medium
L003615,C02945,Auto,102600.0,9.26,2024-09-19,48,89655.49,Active,Low
L003616,C00127,Education,404800.0,10.62,2022-06-27,12,211176.84,Active,Medium
L003617,C07050,Education,50000.0,7.54,2025-09-30,240,3095.23,Active,Medium
L003618,C07549,Personal,56100.0,10.22,2025-11-16,36,30993.79,Closed,Low
L003619,C03556,Auto,184100.0,7.32,2022-11-06,180,10252.5,Closed,Low
L003620,C05092,Home,139200.0,14.59,2023-01-01,48,89748.35,Active,Medium
L003621,C10568,Home,106400.0,8.48,2025-02-16,48,38612.79,Active,Low
L003622,C02584,Auto,90000.0,9.28,2024-01-10,48,38508.96,Active,Low
L003623,C08208,Home,224900.0,14.41,2025-01-06,24,106676.43,Active,Medium
L003624,C14675,Home,824300.0,9.42,2022-04-05,48,506696.63,Closed,Low
L003625,C13926,Personal,321300.0,11.45,2025-12-25,120,205121.28,Active,High
L003626,C06674,Education,198200.0,14.7,2025-01-05,48,181151.29,Overdue,Medium
L003627,C06428,Home,103500.0,15.97,2025-02-05,120,64198.6,Active,High
L003628,C07222,Auto,567500.0,6.7,2024-08-05,120,103323.04,Closed,Low
L003629,C11966,Home,92400.0,6.74,2024-12-30,48,45430.53,Active,Low
L003630,C05316,Personal,94700.0,8.97,2022-01-24,48,49591.81,Active,Medium
L003631,C05743,Home,195700.0,9.81,2023-06-11,120,83162.56,Closed,High
L003632,C14925,Personal,243800.0,14.52,2024-07-15,36,222870.96,Active,Medium
L003633,C12248,Personal,292300.0,10.27,2022-02-17,12,226064.81,Active,Medium
L003634,C02421,Business,235800.0,15.52,2024-08-08,24,167262.32,Active,Medium
L003635,C03323,Business,95400.0,15.1,2024-08-30,48,16631.96,Active,High
L003636,C13318,Home,516200.0,14.83,2022-12-30,12,180971.63,Overdue,Medium
L003637,C01134,Business,287700.0,15.59,2024-08-08,36,53444.99,Closed,Low
L003638,C08733,Auto,223300.0,15.87,2025-07-25,36,87715.33,Active,Medium
L003639,C12475,Personal,82400.0,8.77,2024-06-18,48,59422.18,Closed,Low
L003640,C12652,Auto,340300.0,11.9,2024-04-22,120,218726.4,Active,Medium
L003641,C10399,Auto,190200.0,7.35,2022-03-08,48,74258.33,Active,Medium
L003642,C04784,Personal,643900.0,15.54,2023-05-18,48,317710.49,Active,Low
L003643,C14098,Home,854500.0,14.99,2022-01-15,180,371114.73,Active,Low
L003644,C04286,Personal,231700.0,10.49,2025-03-04,180,125137.4,Active,Low
L003645,C10865,Personal,76300.0,9.08,2024-10-21,84,40916.01,Active,High
L003646,C14040,Auto,1481200.0,9.91,2025-06-22,36,819545.72,Active,Medium
L003647,C10129,Personal,50000.0,14.86,2022-03-18,120,40236.49,Active,High
L003648,C02522,Home,168300.0,15.59,2025-07-08,120,53975.18,Active,Medium
L003649,C12308,Education,95200.0,7.9,2024-11-10,24,46948.22,Closed,Low
L003650,C11650,Personal,123400.0,11.55,2022-06-04,240,33473.78,Active,Low
L003651,C08434,Home,77500.0,6.67,2025-08-22,240,44990.25,Active,Low
L003652,C14840,Home,244900.0,15.54,2025-08-14,120,26921.63,Active,Low
L003653,C08337,Home,253300.0,7.41,2024-10-15,180,171323.75,Active,Low
L003654,C04014,Auto,83800.0,10.14,2022-08-29,180,78055.4,Active,Low
L003655,C00702,Business,263800.0,10.96,2025-11-06,12,232611.46,Active,Low
L003656,C12084,Home,315300.0,14.59,2024-07-05,48,228676.68,Active,Low
L003657,C01567,Personal,111100.0,14.1,2025-07-04,240,54440.38,Active,Medium
L003658,C04946,Personal,172400.0,9.11,2025-02-26,36,47167.51,Active,Medium
L003659,C04909,Personal,150300.0,12.36,2024-01-06,36,23349.13,Active,Medium
L003660,C09192,Education,50000.0,15.09,2023-06-25,84,41167.39,Active,Low
L003661,C14248,Business,406800.0,7.79,2025-08-07,84,269699.48,Active,Low
L003662,C02558,Auto,83700.0,13.9,2022-08-14,240,63544.3,Closed,Medium
L003663,C02467,Business,491800.0,10.69,2023-10-21,84,339874.36,Active,Medium
L003664,C14445,Auto,980300.0,16.36,2022-05-03,36,600936.46,Active,Low
L003665,C02283,Business,245600.0,9.0,2025-11-28,120,183491.38,Active,Low
L003666,C01585,Education,341600.0,16.38,2024-02-27,24,41934.34,Closed,Medium
L003667,C00966,Auto,154200.0,12.96,2024-05-23,24,69564.06,Active,High
L003668,C10486,Personal,50000.0,14.75,2023-06-23,60,43064.5,Active,Medium
L003669,C07400,Business,50000.0,9.81,2022-07-13,120,34541.44,Active,Low
L003670,C04388,Business,50400.0,8.18,2022-06-13,180,47071.06,Closed,Low
L003671,C11368,Home,196000.0,15.69,2024-12-12,84,9901.76,Active,Low
L003672,C13676,Personal,323500.0,15.2,2023-01-11,60,173120.6,Active,Low
L003673,C03804,Personal,117800.0,11.91,2025-05-01,60,35088.18,Active,Low
L003674,C02206,Home,132800.0,13.3,2025-10-02,120,82967.13,Active,Low
L003675,C11526,Auto,170400.0,12.95,2025-05-19,120,98312.05,Active,Low
L003676,C00891,Personal,346600.0,7.79,2024-04-22,24,300174.85,Active,Low
L003677,C14863,Personal,497500.0,15.87,2023-11-15,120,107529.16,Overdue,High
L003678,C13168,Business,259900.0,10.85,2025-06-03,12,79735.03,Closed,Low
L003679,C05378,Personal,84900.0,15.6,2022-05-17,180,10284.88,Active,Low
L003680,C01523,Auto,666600.0,15.99,2023-01-10,180,292595.62,Closed,Medium
L003681,C11698,Auto,157500.0,8.45,2022-10-20,60,110276.95,Closed,High
L003682,C02114,Personal,271300.0,9.75,2023-09-26,240,96511.01,Closed,Low
L003683,C02860,Business,230000.0,7.1,2024-12-11,12,153836.23,Overdue,Medium
L003684,C06932,Personal,133800.0,12.4,2023-04-16,60,105048.14,Active,Low
L003685,C01997,Home,164800.0,15.62,2022-12-24,48,16109.2,Overdue,Medium
L003686,C02380,Home,89500.0,16.19,2024-04-18,240,11890.83,Closed,Low
L003687,C04196,Personal,255600.0,15.82,2025-08-21,60,187496.85,Overdue,Low
L003688,C13882,Auto,284300.0,8.18,2023-10-02,60,79052.76,Active,Low
L003689,C06567,Business,60200.0,10.64,2023-09-21,24,55608.67,Active,Low
L003690,C02684,Home,358500.0,11.58,2025-02-20,60,158853.81,Active,Medium
L003691,C09128,Home,319700.0,8.81,2022-08-25,12,90385.78,Overdue,Medium
L003692,C10897,Personal,408400.0,15.51,2024-04-08,12,335896.47,Active,High
L003693,C13431,Business,360800.0,7.75,2024-08-05,24,122601.46,Closed,Medium
L003694,C05262,Home,618100.0,10.6,2022-11-25,36,564850.86,Active,Low
L003695,C13151,Home,196200.0,11.88,2024-06-30,12,101652.31,Closed,Low
L003696,C12631,Education,99700.0,9.45,2023-08-29,48,6445.05,Closed,Medium
L003697,C04279,Home,183200.0,11.06,2022-01-07,84,72735.22,Active,Medium
L003698,C03315,Business,415500.0,9.56,2023-08-13,48,224713.42,Active,Low
L003699,C05293,Business,193600.0,15.98,2023-08-28,60,53741.01,Active,Low
L003700,C09621,Personal,497200.0,9.37,2024-07-15,12,469315.15,Active,Low
L003701,C04518,Business,50000.0,11.55,2025-02-12,36,40521.5,Overdue,Low
L003702,C05054,Home,376700.0,7.73,2023-01-21,180,109019.12,Overdue,Low
L003703,C14064,Business,620300.0,9.55,2022-08-02,48,202631.49,Active,Low
L003704,C08037,Auto,233000.0,11.68,2022-04-09,12,96538.21,Overdue,Low
L003705,C07152,Personal,64800.0,6.79,2022-10-23,60,40832.3,Active,Medium
L003706,C00357,Personal,95000.0,10.73,2025-10-28,60,58196.45,Active,Low
L003707,C03567,Auto,328300.0,9.92,2022-03-15,84,70250.48,Active,Low
L003708,C04387,Home,99600.0,12.97,2022-11-22,60,67422.78,Active,Low
L003709,C12598,Home,74000.0,7.92,2023-08-07,12,65559.66,Active,Medium
L003710,C02497,Home,179300.0,12.95,2023-07-26,60,25090.67,Active,Low
L003711,C12226,Personal,309200.0,16.07,2022-12-10,36,251825.9,Closed,Medium
L003712,C06353,Business,143300.0,9.3,2022-12-14,36,56769.77,Defaulted,Medium
L003713,C04275,Education,575500.0,14.4,2022-08-25,180,360290.16,Defaulted,Low
L003714,C02795,Personal,265500.0,9.89,2023-03-18,84,249614.11,Active,High
L003715,C06159,Personal,64400.0,8.92,2025-05-14,180,48573.59,Closed,Low
L003716,C06692,Personal,138600.0,10.09,2025-07-06,240,71996.02,Active,Low
L003717,C11719,Education,510600.0,7.21,2025-02-17,60,335239.8,Active,Low
L003718,C04465,Home,221800.0,8.8,2022-06-28,60,28339.6,Closed,Low
L003719,C03783,Auto,261400.0,13.41,2023-01-02,36,159282.2,Active,Low
L003720,C09487,Auto,357500.0,13.97,2024-12-09,240,41008.26,Active,Medium
L003721,C12044,Home,295100.0,9.32,2022-03-23,36,131240.05,Active,Low
L003722,C10812,Personal,50000.0,8.73,2025-09-29,48,16575.81,Active,Medium
L003723,C08876,Personal,119800.0,9.36,2022-10-19,60,13434.52,Active,Medium
L003724,C07521,Auto,205200.0,13.58,2023-11-18,120,45451.24,Active,Low
L003725,C12092,Home,423700.0,15.17,2025-07-02,240,370393.38,Overdue,Medium
L003726,C00281,Personal,375100.0,12.71,2022-07-09,48,116864.71,Closed,Low
L003727,C06772,Home,242900.0,14.38,2022-08-05,48,106200.15,Closed,Low
L003728,C11543,Home,447400.0,11.97,2023-04-17,60,107145.38,Active,Medium
L003729,C11198,Home,180600.0,9.88,2024-09-24,180,71624.98,Active,Low
L003730,C07618,Auto,463500.0,14.36,2024-07-20,180,230563.09,Closed,Low
L003731,C10489,Business,1170700.0,7.19,2023-05-13,180,468433.31,Closed,Low
L003732,C09247,Personal,203000.0,15.28,2024-09-09,240,142716.25,Closed,Medium
L003733,C11190,Personal,250200.0,13.61,2024-09-08,60,130127.25,Active,Low
L003734,C14913,Education,207900.0,7.53,2022-07-17,12,59019.82,Active,Low
L003735,C09197,Home,619900.0,15.76,2023-06-26,120,43751.89,Active,Medium
L003736,C04269,Home,50000.0,12.61,2022-07-13,120,43681.47,Active,Medium
L003737,C00848,Home,231000.0,13.42,2023-04-30,12,216432.17,Active,High
L003738,C05470,Auto,232300.0,7.18,2022-05-15,84,35951.89,Active,Medium
L003739,C09590,Personal,199500.0,12.65,2024-01-19,120,87216.14,Active,Medium
L003740,C06469,Personal,50000.0,14.34,2024-04-01,180,13143.65,Defaulted,Low
L003741,C00339,Home,159600.0,11.76,2025-09-03,24,59097.38,Active,Medium
L003742,C01254,Home,63100.0,13.09,2022-05-31,120,52100.42,Active,Low
L003743,C14768,Auto,240200.0,12.95,2025-12-14,240,142905.59,Closed,Low
L003744,C05126,Auto,57000.0,11.49,2022-04-19,120,30502.7,Active,High
L003745,C01666,Home,82400.0,9.06,2022-09-07,24,53548.61,Active,High
L003746,C12076,Education,399500.0,7.76,2022-08-30,240,164057.73,Overdue,Low
L003747,C11511,Auto,214500.0,6.53,2023-09-22,240,136331.41,Active,Low
L003748,C08147,Personal,245900.0,13.34,2024-04-23,24,151018.31,Active,Medium
L003749,C06708,Business,1138400.0,13.0,2022-12-12,240,632040.09,Closed,Medium
L003750,C09948,Auto,166400.0,9.42,2023-12-13,60,86174.43,Active,Low
L003751,C06034,Auto,75500.0,8.07,2025-12-25,12,56477.34,Active,Low
L003752,C12703,Home,378600.0,14.16,2024-07-04,240,351103.63,Active,Low
L003753,C14229,Education,77200.0,6.77,2023-07-17,60,68152.26,Active,Medium
L003754,C09276,Home,322900.0,8.22,2025-11-06,180,217504.45,Active,Medium
L003755,C06242,Business,938600.0,16.05,2022-10-14,120,164519.02,Active,Low
L003756,C13990,Home,249700.0,12.01,2022-08-25,240,217038.11,Active,Low
L003757,C06688,Home,178400.0,13.82,2025-05-16,84,143943.24,Active,Low
L003758,C04333,Home,435900.0,10.83,2022-11-19,60,390179.33,Active,Low
L003759,C03066,Personal,292300.0,15.26,2024-07-29,240,47044.23,Overdue,Low
L003760,C06885,Home,631300.0,11.88,2022-09-09,120,352225.12,Active,Medium
L003761,C14161,Auto,92100.0,10.06,2024-06-02,24,33539.02,Active,Low
L003762,C04467,Home,327100.0,11.98,2022-06-13,48,274086.11,Active,Low
L003763,C13070,Home,140600.0,8.31,2023-03-22,24,15048.94,Active,Medium
L003764,C03703,Home,128600.0,8.9,2022-08-07,60,42093.35,Active,Medium
L003765,C05909,Education,120400.0,11.42,2025-06-07,36,48054.52,Closed,Low
L003766,C03298,Home,56900.0,13.09,2023-04-12,60,53677.07,Active,Low
L003767,C11081,Home,360000.0,7.57,2022-12-10,36,99763.53,Active,Low
L003768,C12958,Auto,164000.0,14.63,2024-08-01,180,25574.66,Overdue,Low
L003769,C12060,Personal,117000.0,12.36,2025-05-27,12,41724.96,Active,Low
L003770,C07505,Personal,207100.0,12.32,2022-05-20,36,75810.17,Closed,Low
L003771,C02893,Education,81100.0,14.85,2024-01-16,12,21656.17,Closed,Low
L003772,C13626,Education,494500.0,13.84,2025-03-06,120,74566.3,Active,Medium
L003773,C03479,Personal,340800.0,14.84,2024-10-22,12,304651.79,Active,Low
L003774,C01109,Business,50000.0,16.04,2024-07-06,36,31738.07,Active,Medium
L003775,C09884,Home,171700.0,8.6,2025-01-17,240,68247.59,Active,Medium
L003776,C09988,Auto,116400.0,13.23,2023-05-02,12,109025.65,Active,Low
L003777,C08531,Business,500000.0,15.65,2022-07-27,240,50747.1,Active,Medium
L003778,C05794,Education,125200.0,10.01,2025-01-26,180,92805.5,Active,High
L003779,C04304,Personal,871600.0,8.6,2022-01-23,60,120734.5,Active,Medium
L003780,C08371,Business,122400.0,8.19,2024-05-08,120,6428.03,Closed,Medium
L003781,C05660,Personal,208200.0,14.2,2024-08-06,120,17068.7,Overdue,Medium
L003782,C08816,Auto,261000.0,8.94,2024-11-11,240,77161.68,Active,Medium
L003783,C08684,Home,511700.0,12.82,2022-09-04,120,161965.15,Defaulted,High
L003784,C12295,Auto,119200.0,13.54,2025-09-19,84,45455.1,Active,High
L003785,C10781,Home,347400.0,16.17,2022-05-16,180,23436.32,Closed,High
L003786,C10851,Personal,1207000.0,10.75,2024-05-26,120,764729.25,Active,Medium
L003787,C09314,Home,71800.0,8.01,2025-01-13,84,26552.2,Active,Low
L003788,C03368,Personal,191000.0,13.64,2025-11-04,240,55875.83,Active,Medium
L003789,C07022,Personal,125500.0,7.15,2022-02-23,84,65822.04,Active,Low
L003790,C06347,Home,168500.0,12.86,2023-01-12,12,90096.66,Closed,Low
L003791,C07008,Home,56700.0,10.38,2025-04-08,84,3935.4,Closed,Low
L003792,C01704,Business,125200.0,6.51,2025-08-15,36,7852.45,Active,Medium
L003793,C09160,Home,131000.0,14.56,2025-08-04,180,11868.43,Closed,Low
L003794,C01063,Personal,78000.0,8.25,2025-05-22,36,51630.79,Closed,Medium
L003795,C07360,Personal,87400.0,8.88,2023-11-12,36,16385.05,Active,Low
L003796,C13472,Education,309800.0,8.31,2025-08-22,84,288172.17,Active,Low
L003797,C09961,Home,66700.0,12.31,2023-04-04,24,34695.64,Active,Medium
L003798,C04889,Education,225600.0,12.56,2023-03-24,48,121462.85,Closed,Low
L003799,C03151,Personal,180700.0,8.87,2023-06-30,240,10089.16,Active,Low
L003800,C09117,Education,555800.0,15.73,2024-08-01,24,409664.53,Closed,Low
L003801,C01410,Home,50000.0,7.64,2025-08-11,48,2506.69,Active,Medium
L003802,C01568,Education,185700.0,12.36,2025-07-31,180,60557.97,Closed,Medium
L003803,C05597,Auto,563100.0,10.86,2023-03-17,60,332682.65,Active,Low
L003804,C10028,Auto,122000.0,7.07,2025-08-11,48,95395.31,Closed,Medium
L003805,C02597,Home,109600.0,9.55,2024-04-03,240,42814.04,Active,Medium
L003806,C05883,Home,904300.0,14.34,2025-03-05,120,670649.98,Closed,Low
L003807,C00417,Education,101800.0,9.32,2024-01-14,180,33958.94,Active,Low
L003808,C05250,Auto,147400.0,12.42,2024-08-23,48,49072.97,Active,Low
L003809,C00034,Business,110800.0,13.33,2025-12-09,24,88233.36,Closed,High
L003810,C02165,Personal,83300.0,7.66,2025-08-26,240,35033.36,Active,High
L003811,C14157,Home,738200.0,9.37,2023-05-31,60,417319.21,Active,Medium
L003812,C07109,Auto,61900.0,8.56,2022-05-20,12,47455.06,Closed,Low
L003813,C09865,Business,119700.0,7.63,2024-06-12,240,7245.83,Active,Medium
L003814,C11121,Home,67400.0,6.52,2024-04-01,84,50570.66,Active,Medium
L003815,C04509,Business,62600.0,10.31,2023-04-27,24,12550.91,Active,Low
L003816,C01621,Personal,268800.0,7.38,2022-07-11,60,211731.33,Active,Low
L003817,C10114,Home,137000.0,14.56,2025-12-23,36,67847.58,Active,Low
L003818,C09191,Personal,110200.0,15.29,2024-05-24,36,88278.21,Active,High
L003819,C10132,Business,172600.0,10.27,2024-02-09,12,127128.92,Active,Low
L003820,C00979,Personal,180700.0,13.67,2022-08-02,12,162467.22,Active,High
L003821,C12221,Personal,299300.0,15.14,2024-10-12,36,220818.91,Active,Medium
L003822,C07334,Home,158200.0,10.37,2024-08-13,48,101496.94,Active,High
L003823,C05082,Auto,98000.0,12.58,2023-05-27,48,53348.06,Active,Medium
L003824,C06967,Personal,497200.0,13.55,2024-12-18,240,393595.91,Active,High
L003825,C03622,Home,129400.0,8.71,2022-10-18,12,18634.92,Active,Low
L003826,C05333,Education,117200.0,14.35,2024-10-13,12,91294.06,Overdue,Medium
L003827,C11645,Business,75200.0,12.47,2024-09-19,36,29090.66,Active,Medium
L003828,C11356,Home,428100.0,9.75,2022-01-17,36,219630.66,Active,Medium
L003829,C00453,Personal,358200.0,10.38,2025-02-03,180,314165.65,Active,Low
L003830,C06593,Personal,450200.0,13.41,2023-11-20,36,175102.55,Active,Low
L003831,C04085,Home,62000.0,9.54,2023-06-24,36,24492.76,Active,Low
L003832,C03421,Personal,56100.0,9.67,2024-12-28,240,15478.46,Closed,Medium
L003833,C13870,Personal,115800.0,12.3,2024-12-15,120,107186.6,Active,Medium
L003834,C12480,Personal,470600.0,9.49,2023-11-20,84,288359.32,Active,Low
L003835,C04273,Home,226800.0,8.19,2022-12-29,240,34422.91,Overdue,Low
L003836,C11399,Education,561000.0,10.55,2022-01-07,12,194613.88,Defaulted,Low
L003837,C01606,Auto,328400.0,10.66,2023-07-28,60,58089.13,Active,Medium
L003838,C10344,Home,50200.0,12.2,2022-05-25,60,34091.38,Active,Medium
L003839,C02569,Education,585200.0,9.07,2024-06-27,36,428289.61,Active,Low
L003840,C04352,Auto,103300.0,13.49,2025-01-14,240,87369.28,Active,Low
L003841,C04142,Business,374600.0,8.62,2022-07-25,120,266121.19,Active,Low
L003842,C13039,Personal,207800.0,10.37,2024-12-11,12,130762.98,Closed,Low
L003843,C02202,Personal,120600.0,14.08,2022-01-22,240,41930.81,Active,Low
L003844,C14887,Auto,50000.0,11.89,2023-10-31,36,12292.09,Active,Medium
L003845,C06235,Home,107300.0,13.85,2023-10-24,240,91562.76,Active,Medium
L003846,C00112,Education,174700.0,15.25,2023-09-29,12,161885.77,Active,Medium
L003847,C10312,Personal,117500.0,14.24,2023-10-06,24,64895.15,Active,Low
L003848,C14969,Auto,90500.0,8.73,2023-12-06,120,69143.51,Active,Medium
L003849,C08624,Auto,185900.0,11.43,2023-08-03,36,47927.1,Active,Low
L003850,C12289,Home,484600.0,11.51,2024-10-21,48,377655.72,Overdue,Low
L003851,C12814,Business,50000.0,12.83,2023-08-24,48,26160.58,Active,Low
L003852,C07154,Home,50000.0,6.7,2022-09-30,24,20830.86,Defaulted,Medium
L003853,C04321,Auto,237400.0,8.14,2024-09-21,120,186938.01,Closed,Medium
L003854,C11298,Business,200300.0,14.57,2022-12-04,36,21965.59,Overdue,Low
L003855,C00514,Business,294500.0,11.79,2025-05-08,24,32657.83,Overdue,Low
L003856,C02569,Personal,715300.0,14.99,2024-06-26,12,250108.1,Active,Medium
L003857,C01588,Home,100700.0,8.42,2024-12-21,180,41456.58,Active,Low
L003858,C10053,Home,277300.0,10.66,2022-12-10,84,217795.92,Active,Low
L003859,C14232,Auto,101200.0,14.84,2025-11-12,180,74991.67,Closed,Low
L003860,C11441,Education,340800.0,14.55,2025-03-31,180,305498.26,Active,Low
L003861,C04312,Business,345300.0,11.25,2023-06-20,180,155547.17,Active,Low
L003862,C14980,Auto,59200.0,11.57,2024-10-14,240,27509.23,Overdue,High
L003863,C08127,Personal,80700.0,8.55,2022-12-22,36,24644.44,Active,Low
L003864,C14236,Auto,217400.0,7.14,2025-12-14,36,115216.36,Active,Medium
L003865,C04007,Auto,177900.0,7.29,2025-08-17,48,67028.35,Overdue,Low
L003866,C00450,Home,58500.0,7.71,2024-07-12,60,23266.99,Active,Low
L003867,C03793,Business,73000.0,7.5,2024-08-28,12,10626.89,Defaulted,Medium
L003868,C14866,Home,74600.0,7.42,2023-07-01,84,12321.26,Active,Low
L003869,C02448,Home,398800.0,14.45,2022-02-26,240,237037.32,Overdue,Low
L003870,C14915,Education,82300.0,12.57,2022-03-09,84,20060.68,Active,Medium
L003871,C01885,Auto,265400.0,15.68,2023-01-22,24,106342.18,Active,High
L003872,C12712,Business,344400.0,16.03,2024-10-13,36,137693.73,Closed,High
L003873,C09670,Home,135000.0,7.08,2025-09-04,240,36130.48,Active,Low
L003874,C08593,Personal,73700.0,7.98,2023-03-02,48,34441.46,Defaulted,Low
L003875,C12008,Home,83500.0,10.55,2023-09-13,12,9445.48,Closed,Medium
L003876,C03240,Personal,86100.0,12.68,2025-06-02,36,30276.78,Active,Medium
L003877,C05335,Business,182000.0,12.81,2022-10-18,180,29221.27,Active,Low
L003878,C12618,Personal,362200.0,13.06,2023-10-09,48,99068.53,Active,Medium
L003879,C00026,Personal,388100.0,14.0,2025-03-21,60,327615.43,Closed,Medium
L003880,C05735,Home,97000.0,14.84,2023-03-30,36,39667.81,Closed,Medium
L003881,C08337,Home,226400.0,10.32,2024-05-14,84,41392.46,Closed,Low
L003882,C00745,Auto,105000.0,13.47,2023-01-25,120,28726.6,Active,Low
L003883,C13431,Education,102300.0,7.52,2025-04-07,240,35629.74,Overdue,Low
L003884,C05705,Home,442100.0,8.63,2024-07-06,120,346390.93,Active,Medium
L003885,C09553,Home,195500.0,13.92,2022-07-22,60,98244.58,Overdue,Low
L003886,C04879,Personal,217300.0,8.16,2025-09-15,60,190506.0,Active,Medium
L003887,C00854,Personal,134800.0,15.96,2022-08-15,48,96158.25,Active,Low
L003888,C00338,Business,120000.0,6.8,2025-08-03,36,43078.27,Closed,Low
L003889,C12525,Auto,50000.0,8.04,2022-11-08,120,30150.01,Active,Low
L003890,C13947,Personal,50000.0,15.62,2025-10-17,60,31552.78,Active,Low
L003891,C06159,Personal,212200.0,10.8,2025-07-02,60,167702.67,Active,Low
L003892,C12027,Personal,99300.0,13.02,2023-04-25,36,55331.15,Active,Low
L003893,C10333,Personal,130400.0,9.48,2023-02-23,240,54296.57,Active,Low
L003894,C05766,Home,284800.0,7.68,2025-01-24,120,88196.18,Active,Low
L003895,C10943,Education,169100.0,8.35,2023-12-20,120,120315.9,Active,Medium
L003896,C11338,Auto,268700.0,10.44,2025-12-11,48,75914.17,Active,Low
L003897,C07370,Auto,185400.0,11.18,2023-07-06,60,30921.06,Active,Medium
L003898,C12287,Personal,99100.0,6.81,2022-11-25,240,22906.05,Active,Medium
L003899,C00315,Auto,70600.0,10.13,2022-06-27,48,46035.97,Active,Low
L003900,C14929,Auto,50000.0,13.23,2023-09-27,48,26476.12,Active,Low
L003901,C10575,Education,183500.0,12.89,2025-11-23,60,93702.38,Closed,Medium
L003902,C08999,Auto,191700.0,10.87,2025-02-24,240,53906.73,Active,Low
L003903,C10472,Home,139300.0,15.7,2023-06-26,180,78564.46,Active,Low
L003904,C01951,Home,93100.0,13.24,2023-02-27,60,83621.56,Active,Low
L003905,C04840,Home,172400.0,11.23,2022-07-25,84,79337.02,Overdue,Medium
L003906,C03779,Personal,173000.0,9.28,2025-08-31,120,21756.59,Closed,High
L003907,C09660,Personal,392600.0,14.35,2024-02-26,120,100775.17,Closed,Medium
L003908,C01253,Home,271500.0,7.67,2024-09-20,60,51951.56,Closed,High
L003909,C07964,Personal,495100.0,6.8,2024-02-16,24,409636.03,Closed,Medium
L003910,C06182,Business,50000.0,14.48,2022-11-16,12,3507.13,Active,Low
L003911,C08694,Home,353400.0,16.22,2024-02-03,24,27846.3,Active,High
L003912,C02228,Home,123100.0,11.13,2025-08-29,120,64786.59,Active,High
L003913,C11650,Home,76400.0,8.42,2023-07-13,60,28379.65,Active,Low
L003914,C13983,Personal,191200.0,8.25,2024-09-06,84,142990.53,Closed,High
L003915,C14422,Education,319700.0,16.27,2024-10-25,48,128596.29,Closed,Medium
L003916,C05255,Personal,78100.0,15.51,2024-07-08,240,32286.81,Active,Medium
L003917,C05253,Auto,72000.0,14.65,2022-02-04,48,36996.2,Active,Low
L003918,C10808,Education,50000.0,13.75,2023-07-26,24,21247.52,Overdue,Medium
L003919,C05805,Auto,50000.0,11.17,2022-07-18,240,38455.58,Active,Medium
L003920,C09501,Personal,476100.0,8.12,2023-11-24,24,114576.57,Active,Low
L003921,C13850,Home,50000.0,15.48,2023-04-10,48,30658.94,Active,Medium
L003922,C13689,Personal,85400.0,9.65,2024-12-11,48,45143.06,Active,Low
L003923,C07451,Personal,313200.0,12.53,2024-11-18,36,217496.47,Active,Low
L003924,C14737,Auto,50000.0,10.12,2022-02-18,60,32574.17,Active,Low
L003925,C06359,Auto,155300.0,15.69,2022-03-18,180,108538.16,Active,Medium
L003926,C05893,Business,156600.0,10.78,2023-02-17,180,126251.66,Closed,Low
L003927,C08716,Home,57200.0,14.86,2023-09-01,120,51628.32,Active,Medium
L003928,C02678,Personal,119400.0,14.05,2023-08-19,60,94172.53,Closed,Low
L003929,C14766,Education,308800.0,11.81,2023-06-13,240,94383.01,Active,Medium
L003930,C00075,Personal,85400.0,14.86,2025-02-09,180,39212.29,Active,Low
L003931,C08617,Auto,170900.0,7.31,2025-06-06,240,158834.64,Active,Low
L003932,C11011,Business,208400.0,16.24,2024-03-23,240,23905.42,Active,Low
L003933,C12301,Business,214500.0,10.87,2023-07-08,84,41097.21,Active,Low
L003934,C11831,Personal,127900.0,10.15,2022-09-24,84,114298.2,Defaulted,Medium
L003935,C06791,Personal,61300.0,13.64,2025-03-16,84,55083.63,Closed,High
L003936,C08826,Business,59900.0,10.62,2023-12-07,24,38791.83,Active,Medium
L003937,C09353,Personal,318100.0,9.42,2024-10-26,60,27476.86,Active,Medium
L003938,C09238,Auto,96800.0,10.36,2022-11-08,84,6500.56,Closed,High
L003939,C10860,Home,50000.0,9.1,2022-03-25,24,36839.83,Active,Medium
L003940,C00767,Personal,304400.0,10.88,2025-11-07,60,48830.71,Active,Medium
L003941,C00278,Auto,166000.0,11.04,2022-04-04,240,65059.03,Active,Medium
L003942,C07028,Personal,173900.0,10.11,2022-09-11,24,89412.21,Active,Low
L003943,C12940,Personal,69600.0,10.26,2025-11-18,180,52622.6,Active,Medium
L003944,C04788,Home,75800.0,14.49,2024-03-07,36,50797.42,Active,Medium
L003945,C02831,Personal,792100.0,12.99,2024-06-04,84,502296.6,Active,Medium
L003946,C12547,Home,333100.0,13.08,2024-02-21,120,258188.4,Active,Low
L003947,C07126,Personal,57200.0,11.07,2025-01-20,84,12993.98,Active,Low
L003948,C06990,Education,161500.0,10.57,2022-03-04,240,34243.57,Overdue,Medium
L003949,C06124,Business,212600.0,11.04,2024-12-23,60,104713.88,Overdue,Low
L003950,C12505,Home,255800.0,15.96,2024-05-18,180,223225.6,Active,High
L003951,C03216,Auto,432200.0,10.24,2024-09-12,84,274001.86,Defaulted,Low
L003952,C00389,Auto,248100.0,9.45,2025-03-13,48,152508.12,Active,Low
L003953,C03990,Auto,282300.0,14.88,2024-04-14,180,102396.05,Defaulted,Low
L003954,C13208,Auto,54900.0,10.44,2025-10-11,24,11738.09,Active,Low
L003955,C05877,Personal,131900.0,15.9,2025-12-23,120,94607.21,Closed,Medium
L003956,C00612,Home,251800.0,9.93,2024-05-04,36,137823.53,Active,Low
L003957,C13379,Auto,249800.0,10.46,2024-06-07,84,187956.53,Active,Low
L003958,C11862,Auto,62000.0,11.68,2023-01-04,240,16421.87,Overdue,Low
L003959,C00672,Education,1213000.0,11.33,2024-07-03,12,61494.85,Overdue,Low
L003960,C00465,Business,529200.0,8.79,2024-11-07,24,422997.32,Active,Low
L003961,C10734,Auto,253200.0,14.82,2023-01-04,180,130866.81,Active,Low
L003962,C06182,Personal,165700.0,14.4,2022-06-02,120,55462.84,Closed,Low
L003963,C03713,Auto,210300.0,13.35,2025-05-05,84,164361.02,Active,Low
L003964,C11996,Auto,80400.0,8.68,2022-11-05,240,58984.02,Active,Medium
L003965,C14273,Home,332100.0,7.34,2023-10-02,24,267043.81,Active,Medium
L003966,C10562,Personal,81800.0,6.95,2022-10-21,120,73940.77,Active,Low
L003967,C07409,Personal,155000.0,15.17,2022-11-11,24,22407.95,Closed,Low
L003968,C14858,Education,286000.0,14.82,2023-12-24,36,59388.88,Active,Medium
L003969,C09675,Business,203700.0,12.47,2025-10-01,84,90637.67,Active,Low
L003970,C00809,Personal,1028800.0,16.25,2023-04-16,12,807294.38,Closed,High
L003971,C14618,Home,54800.0,16.34,2022-11-15,12,16421.46,Active,Medium
L003972,C05920,Auto,62000.0,14.3,2025-02-24,60,45519.66,Active,Medium
L003973,C07056,Education,321900.0,14.25,2024-10-07,60,48685.96,Active,Medium
L003974,C12751,Personal,426500.0,10.21,2025-11-03,24,191960.39,Defaulted,Medium
L003975,C06284,Home,275200.0,12.61,2024-09-23,36,113583.39,Defaulted,Low
L003976,C13446,Business,143300.0,12.28,2025-01-18,240,77329.42,Overdue,Low
L003977,C12922,Personal,334500.0,14.63,2023-12-02,60,248652.77,Active,Medium
L003978,C07897,Personal,50000.0,8.25,2024-08-14,48,12433.17,Closed,Low
L003979,C12928,Education,219500.0,14.78,2022-04-09,120,18401.18,Active,Low
L003980,C00969,Education,299800.0,8.48,2024-11-13,60,254006.13,Active,Low
L003981,C09990,Education,128900.0,10.11,2024-03-02,120,105062.6,Active,Low
L003982,C01031,Home,189500.0,15.0,2025-08-14,12,157431.51,Active,Low
L003983,C04103,Home,93200.0,11.15,2023-11-06,240,14824.52,Closed,Low
L003984,C02443,Auto,94600.0,12.14,2023-05-20,24,70911.02,Closed,Low
L003985,C02481,Personal,66200.0,10.93,2023-12-05,240,7463.19,Active,Medium
L003986,C14512,Auto,88700.0,6.79,2024-02-17,84,53561.81,Overdue,Low
L003987,C00969,Education,982200.0,12.61,2024-11-27,180,498277.8,Closed,Medium
L003988,C09000,Personal,72800.0,16.38,2022-05-26,240,39807.36,Overdue,Low
L003989,C13585,Business,679300.0,12.69,2025-12-13,48,477586.22,Closed,High
L003990,C03584,Home,268100.0,12.02,2022-04-09,60,204745.32,Active,Low
L003991,C06978,Personal,153900.0,11.87,2023-04-02,240,17568.56,Active,Low
L003992,C10021,Personal,130000.0,6.53,2023-09-13,180,29313.57,Overdue,Medium
L003993,C05898,Education,180800.0,10.74,2022-11-25,12,170544.54,Active,Low
L003994,C01086,Auto,283600.0,13.71,2024-03-20,180,102070.27,Active,Low
L003995,C05632,Personal,530600.0,12.72,2022-06-19,240,198164.02,Active,Low
L003996,C04770,Home,262100.0,15.18,2025-01-01,36,236198.87,Active,Low
L003997,C00795,Home,160100.0,8.97,2022-06-03,180,41287.67,Closed,Low
L003998,C13023,Personal,58400.0,14.65,2022-08-28,24,47876.05,Active,High
L003999,C06608,Business,50000.0,8.15,2022-12-29,36,33888.32,Active,High
L004000,C04567,Auto,238600.0,14.51,2023-10-24,120,44710.87,Closed,Low
L004001,C00057,Auto,130800.0,7.72,2022-10-23,180,84961.43,Active,Medium
L004002,C09855,Home,86800.0,14.6,2024-05-11,36,18866.4,Active,Low
L004003,C02749,Home,57200.0,8.76,2023-05-23,180,22985.48,Overdue,Low
L004004,C08152,Business,84800.0,11.08,2022-06-25,12,24992.14,Overdue,High
L004005,C07776,Personal,75900.0,6.61,2023-03-13,84,64582.82,Active,Medium
L004006,C11583,Education,387800.0,10.74,2025-01-26,60,201957.83,Closed,Low
L004007,C03246,Home,103400.0,13.33,2024-02-20,12,8191.49,Closed,Low
L004008,C10747,Auto,70000.0,15.67,2024-04-17,60,45988.75,Overdue,Medium
L004009,C01234,Home,328200.0,16.18,2023-07-31,12,176196.42,Overdue,High
L004010,C12108,Business,73900.0,13.88,2024-03-29,240,5848.16,Active,Medium
L004011,C03833,Personal,104700.0,7.04,2022-03-07,12,37352.04,Active,Medium
L004012,C12115,Home,107400.0,14.49,2025-12-21,240,77713.56,Active,Low
L004013,C00650,Auto,321200.0,12.34,2022-07-08,120,234842.23,Active,Low
L004014,C12217,Auto,352000.0,15.14,2022-11-21,240,261513.12,Active,Low
L004015,C08350,Auto,121800.0,12.91,2023-01-27,84,53422.52,Closed,Low
L004016,C02964,Home,160700.0,15.71,2024-09-22,60,101818.4,Active,High
L004017,C08131,Personal,116100.0,9.84,2025-04-01,180,52670.75,Active,Low
L004018,C04651,Personal,160900.0,7.61,2023-01-01,60,27315.07,Active,Low
L004019,C04817,Personal,252500.0,16.39,2023-11-12,84,212171.58,Active,Medium
L004020,C03814,Personal,117800.0,11.72,2023-05-04,240,35510.09,Closed,Low
L004021,C03026,Home,241900.0,10.37,2024-07-30,84,200351.68,Closed,Low
L004022,C01035,Personal,751900.0,11.31,2024-05-02,120,477080.24,Active,Medium
L004023,C05904,Home,298000.0,15.29,2025-02-17,60,174958.2,Active,Low
L004024,C06291,Home,50000.0,10.14,2025-05-07,240,10422.03,Active,Low
L004025,C04854,Home,367500.0,7.14,2025-06-08,48,84997.44,Active,Medium
L004026,C09585,Education,120500.0,14.81,2022-03-27,180,82609.31,Active,Medium
L004027,C04113,Home,129000.0,16.2,2025-03-13,84,101887.58,Active,High
L004028,C04819,Business,50000.0,13.94,2024-02-01,48,19713.56,Closed,Medium
L004029,C09590,Home,60200.0,15.13,2023-04-22,36,56423.58,Overdue,Low
L004030,C14141,Home,348900.0,9.87,2022-08-12,48,142722.25,Closed,Low
L004031,C11340,Education,257400.0,10.51,2022-05-21,240,140239.17,Closed,Low
L004032,C08923,Auto,223800.0,11.84,2023-03-10,12,45487.41,Closed,Low
L004033,C06419,Business,275200.0,10.23,2024-04-17,48,253546.92,Active,Low
L004034,C10791,Business,50000.0,6.56,2024-12-15,180,19407.73,Active,Low
L004035,C08207,Business,216900.0,16.23,2024-07-29,36,129310.78,Closed,High
L004036,C10598,Auto,393600.0,10.13,2022-01-12,60,212259.03,Overdue,Medium
L004037,C07167,Home,66200.0,10.29,2023-09-04,12,33894.43,Overdue,Low
L004038,C12341,Home,107900.0,14.61,2025-12-11,24,58822.19,Active,Low
L004039,C07198,Home,159600.0,11.43,2023-10-09,48,114887.81,Overdue,Low
L004040,C13803,Personal,145400.0,6.99,2023-10-20,120,69992.94,Active,Medium
L004041,C06057,Business,70100.0,13.02,2025-11-06,120,4323.47,Active,Low
L004042,C00389,Education,160200.0,15.31,2024-06-20,180,57272.9,Active,Low
L004043,C06330,Business,209800.0,14.09,2024-12-07,48,119432.21,Active,Medium
L004044,C08222,Auto,85300.0,13.76,2022-08-28,180,78114.87,Active,Medium
L004045,C06977,Home,326500.0,14.63,2024-10-28,36,249736.25,Active,High
L004046,C06406,Business,51200.0,13.79,2023-07-29,12,35073.28,Active,Low
L004047,C06662,Home,73400.0,9.46,2023-03-14,240,15725.11,Closed,Medium
L004048,C13985,Personal,50000.0,13.09,2022-09-25,48,29648.47,Active,Low
L004049,C13733,Home,193100.0,12.25,2022-06-01,24,32421.02,Closed,Medium
L004050,C13583,Home,220700.0,13.56,2025-06-18,48,90815.22,Active,Low
L004051,C10412,Personal,75900.0,13.28,2023-06-23,240,56684.65,Active,High
L004052,C04420,Personal,86200.0,12.27,2024-04-12,84,45743.95,Active,Low
L004053,C01479,Personal,78900.0,16.46,2024-02-10,36,66444.56,Active,Low
L004054,C06170,Home,138800.0,15.52,2023-03-19,84,99156.59,Active,Low
L004055,C00207,Auto,84900.0,7.86,2023-04-16,12,74375.87,Active,Low
L004056,C07266,Personal,530200.0,7.57,2024-11-21,48,79446.99,Active,Medium
L004057,C04367,Home,166200.0,13.04,2022-12-10,180,104400.27,Overdue,High
L004058,C12282,Business,128000.0,8.58,2024-02-15,24,70376.22,Active,Low
L004059,C06814,Auto,402200.0,13.2,2025-07-08,48,244385.66,Active,Medium
L004060,C05627,Business,259200.0,12.87,2024-12-30,240,167097.33,Active,Medium
L004061,C03309,Home,137900.0,12.65,2023-08-09,24,41786.8,Closed,Low
L004062,C08453,Business,128000.0,8.5,2024-02-02,84,60066.48,Overdue,Medium
L004063,C06297,Home,259500.0,11.59,2023-12-17,180,128067.41,Active,Medium
L004064,C14494,Home,113400.0,11.32,2023-08-06,180,27486.75,Closed,Low
L004065,C10560,Education,249800.0,7.71,2025-03-31,48,87080.79,Active,Low
L004066,C04871,Auto,122800.0,11.41,2024-06-16,24,111767.29,Closed,Low
L004067,C11481,Home,303800.0,10.72,2023-02-18,120,219359.23,Closed,High
L004068,C10889,Business,58900.0,9.69,2023-06-01,36,22521.87,Active,Medium
L004069,C06277,Home,83600.0,15.65,2024-11-03,84,68271.45,Overdue,Low
L004070,C10297,Personal,1207600.0,9.04,2023-03-30,180,877793.91,Active,High
L004071,C11297,Personal,307000.0,7.55,2023-05-05,48,275356.73,Overdue,Medium
L004072,C05100,Home,119700.0,7.53,2024-09-29,84,109988.29,Active,Medium
L004073,C13577,Auto,307400.0,8.47,2022-07-13,180,218619.37,Closed,Low
L004074,C02307,Personal,397800.0,10.05,2025-06-05,12,128057.76,Active,Medium
L004075,C04214,Home,275200.0,14.13,2024-02-08,240,65846.98,Active,High
L004076,C01444,Home,109400.0,8.26,2022-10-28,120,15832.91,Active,Medium
L004077,C08196,Education,88600.0,14.38,2025-08-25,60,48258.44,Active,Low
L004078,C04633,Personal,169300.0,14.17,2023-05-28,24,136739.9,Closed,Medium
L004079,C13373,Business,630100.0,11.74,2023-12-30,24,528258.29,Active,Low
L004080,C06763,Personal,352000.0,16.15,2025-03-04,180,282784.57,Active,High
L004081,C12050,Personal,183300.0,7.8,2024-11-12,60,29953.91,Active,Low
L004082,C09584,Home,213600.0,13.23,2023-05-11,12,195514.23,Active,Low
L004083,C07872,Auto,347200.0,7.34,2025-02-03,48,109608.93,Active,Medium
L004084,C13202,Personal,408900.0,12.22,2025-02-18,24,192768.91,Active,Low
L004085,C04331,Home,50000.0,9.57,2024-07-31,60,18238.43,Active,Low
L004086,C12842,Auto,95500.0,14.76,2024-11-14,60,31159.78,Active,Low
L004087,C05190,Home,398300.0,7.69,2023-06-28,180,231550.02,Active,Low
L004088,C06483,Home,50000.0,15.67,2024-07-04,120,8167.43,Active,High
L004089,C14438,Personal,224000.0,9.91,2023-06-28,48,16978.82,Active,Low
L004090,C10437,Home,158900.0,7.86,2023-05-20,12,82942.83,Active,High
L004091,C11207,Personal,185600.0,12.28,2023-03-23,24,113884.24,Active,Medium
L004092,C05826,Home,137800.0,8.49,2023-11-23,12,62830.35,Overdue,Low
L004093,C08804,Home,125800.0,9.81,2025-11-08,36,31657.98,Active,High
L004094,C09341,Education,392400.0,15.63,2023-01-25,120,256278.2,Active,Low
L004095,C07724,Personal,74700.0,10.77,2025-05-29,36,6288.6,Closed,Low
L004096,C04473,Home,102100.0,9.74,2022-02-20,36,59807.94,Overdue,Low
L004097,C07419,Home,83600.0,15.98,2022-12-14,60,30413.77,Active,Low
L004098,C11706,Home,218800.0,16.18,2022-12-19,240,31380.43,Overdue,Low
L004099,C12225,Business,50000.0,7.44,2023-05-02,120,41471.79,Active,Medium
L004100,C12502,Personal,601700.0,9.29,2023-06-19,180,77087.89,Active,Low
L004101,C07053,Business,130600.0,13.68,2025-03-09,24,57873.47,Active,High
L004102,C09926,Education,145900.0,16.18,2024-12-05,48,99855.83,Overdue,Low
L004103,C10748,Education,100100.0,12.36,2023-11-20,60,59551.33,Active,Medium
L004104,C12612,Home,240000.0,14.03,2022-09-07,48,155248.04,Active,Medium
L004105,C06518,Business,163300.0,12.5,2022-07-14,84,79076.26,Active,Medium
L004106,C06796,Personal,65800.0,13.02,2025-05-26,12,56886.82,Active,Low
L004107,C02037,Home,124300.0,16.42,2024-06-07,12,27498.04,Closed,Low
L004108,C10449,Home,250900.0,7.31,2024-12-07,120,79479.12,Active,Low
L004109,C00130,Home,364600.0,14.27,2023-07-24,240,174756.36,Active,Medium
L004110,C09454,Business,64500.0,15.81,2025-08-17,12,33263.44,Overdue,Medium
L004111,C13527,Education,319200.0,7.14,2023-03-08,48,207434.01,Active,Low
L004112,C02557,Auto,50000.0,15.21,2022-04-11,36,7168.85,Active,Low
L004113,C05788,Home,198700.0,13.5,2022-02-18,120,147147.49,Active,Medium
L004114,C01325,Personal,153300.0,7.59,2024-09-09,48,121017.88,Active,Low
L004115,C10753,Education,455300.0,13.03,2023-12-30,36,309499.91,Closed,High
L004116,C01683,Personal,155300.0,14.24,2022-03-19,60,107748.61,Active,Low
L004117,C09996,Education,206700.0,10.54,2022-05-27,180,140976.47,Overdue,Medium
L004118,C11096,Personal,80600.0,6.74,2022-12-03,48,63397.5,Active,Low
L004119,C04588,Home,84500.0,13.9,2025-08-14,36,6685.49,Active,Low
L004120,C06662,Education,274000.0,7.94,2024-09-23,180,141692.66,Overdue,Medium
L004121,C05625,Home,106700.0,16.27,2025-03-17,12,69228.61,Active,Low
L004122,C12758,Personal,198700.0,16.41,2023-06-26,84,51713.81,Active,Low
L004123,C00356,Education,72200.0,15.56,2025-05-21,12,34309.3,Defaulted,Low
L004124,C01358,Personal,124300.0,9.19,2022-11-18,60,98015.66,Active,Medium
L004125,C13574,Auto,50000.0,8.5,2025-10-19,36,41697.05,Active,Medium
L004126,C05513,Personal,99100.0,14.76,2022-05-24,120,81581.7,Active,Low
L004127,C11942,Home,154700.0,16.0,2025-05-28,12,70737.36,Active,Low
L004128,C08083,Business,50000.0,7.43,2022-03-04,12,35730.84,Active,Low
L004129,C08785,Home,163500.0,9.36,2025-10-14,24,126044.19,Closed,Medium
L004130,C12833,Personal,116300.0,12.08,2022-04-28,24,46772.28,Active,High
L004131,C00041,Auto,257600.0,11.35,2023-12-13,24,146905.27,Closed,Medium
L004132,C00936,Home,103800.0,15.78,2024-06-25,240,14024.1,Overdue,Medium
L004133,C08345,Auto,215000.0,11.44,2024-01-23,24,129976.66,Overdue,Low
L004134,C07215,Home,155500.0,13.72,2025-01-13,120,50747.93,Active,Low
L004135,C05902,Personal,156300.0,11.56,2025-05-07,24,136649.98,Active,Low
L004136,C12317,Auto,229300.0,13.23,2022-09-30,180,178101.81,Active,Low
L004137,C07740,Home,113400.0,8.66,2022-03-02,60,22334.59,Active,Low
L004138,C06168,Auto,217200.0,13.92,2024-01-09,36,19858.73,Closed,Low
L004139,C07625,Business,79200.0,15.39,2025-02-12,24,55235.31,Active,Low
L004140,C04167,Home,1064800.0,15.24,2023-07-06,60,455918.28,Active,Low
L004141,C13171,Home,142800.0,14.63,2024-04-23,84,76810.62,Defaulted,Medium
L004142,C03316,Auto,168400.0,12.87,2024-07-13,84,139623.05,Active,Medium
L004143,C05860,Home,149600.0,15.98,2025-09-19,12,32182.52,Active,Low
L004144,C12357,Personal,609700.0,16.27,2024-08-16,12,490133.98,Defaulted,Medium
L004145,C00317,Auto,56200.0,11.17,2023-09-26,24,5782.75,Active,Medium
L004146,C11284,Business,358800.0,15.19,2025-11-25,180,171636.01,Closed,Low
L004147,C12646,Business,99200.0,7.04,2022-01-15,240,87221.81,Active,Medium
L004148,C05473,Education,97400.0,14.43,2023-09-21,60,86742.7,Active,Medium
L004149,C04368,Home,390800.0,10.96,2025-07-28,48,316617.27,Active,High
L004150,C09795,Auto,56400.0,9.01,2023-08-16,120,31042.24,Closed,Low
L004151,C05697,Personal,81200.0,15.08,2023-03-16,240,27680.29,Active,Low
L004152,C07942,Auto,149100.0,12.72,2025-05-06,48,63413.8,Active,Low
L004153,C00745,Personal,263600.0,8.08,2023-07-30,12,127750.16,Active,Low
L004154,C08657,Home,163100.0,10.49,2024-12-31,48,32262.03,Active,Medium
L004155,C06240,Auto,1095200.0,10.99,2025-01-08,48,427175.08,Closed,Low
L004156,C07116,Auto,64200.0,13.84,2024-10-18,84,10142.85,Active,Low
L004157,C04620,Business,478300.0,6.96,2022-05-29,84,220934.39,Active,Low
L004158,C13379,Auto,1086600.0,13.48,2023-04-10,48,521154.16,Active,Low
L004159,C14968,Home,167300.0,14.55,2023-03-13,48,131676.7,Active,Low
L004160,C05305,Auto,568500.0,13.97,2023-05-31,84,343988.38,Active,Low
L004161,C03725,Auto,256100.0,14.47,2024-10-09,240,26754.65,Active,Medium
L004162,C14807,Home,125600.0,14.34,2024-12-19,48,26369.37,Active,Low
L004163,C12525,Personal,241900.0,10.84,2022-08-03,60,15254.62,Overdue,Low
L004164,C12897,Home,160600.0,9.9,2025-02-25,240,84608.84,Closed,Medium
L004165,C08725,Home,77000.0,11.23,2022-10-11,180,48370.17,Active,Low
L004166,C12480,Home,312200.0,8.97,2022-05-22,60,152869.05,Overdue,Low
L004167,C03552,Business,275400.0,11.84,2023-06-10,12,52879.75,Active,Low
L004168,C05232,Home,233400.0,14.27,2022-04-14,36,24243.02,Closed,Medium
L004169,C13678,Home,802600.0,8.06,2024-12-14,240,729641.74,Overdue,Medium
L004170,C12805,Home,78700.0,8.47,2023-06-29,120,21600.04,Overdue,Low
L004171,C08957,Home,354300.0,15.14,2025-01-20,180,81928.23,Active,Medium
L004172,C14060,Personal,854800.0,10.37,2025-04-24,180,409700.98,Defaulted,Medium
L004173,C12256,Home,83400.0,14.08,2023-03-24,180,8324.16,Active,Low
L004174,C14799,Business,477200.0,11.75,2023-06-15,120,401972.68,Defaulted,High
L004175,C05802,Personal,757200.0,13.63,2022-12-17,12,554305.68,Active,Low
L004176,C14235,Home,318400.0,10.85,2022-02-25,36,44044.25,Closed,Low
L004177,C02506,Personal,415500.0,11.34,2025-04-15,60,273505.69,Active,Low
L004178,C00430,Personal,99800.0,12.49,2025-05-24,48,80444.31,Overdue,Low
L004179,C00452,Personal,228400.0,16.13,2023-09-11,60,212700.34,Active,Low
L004180,C03595,Business,119900.0,16.07,2025-08-10,24,8196.55,Active,Medium
L004181,C03340,Business,100100.0,15.41,2023-10-02,12,54210.5,Active,Low
L004182,C07070,Education,142700.0,11.27,2025-04-12,24,130875.76,Overdue,Low
L004183,C05461,Personal,321400.0,14.05,2022-09-11,60,44747.75,Closed,Low
L004184,C09688,Home,82200.0,15.22,2024-11-19,12,25826.81,Overdue,Medium
L004185,C06650,Home,298800.0,9.12,2025-02-06,60,132965.0,Defaulted,Low
L004186,C04098,Education,59300.0,15.28,2023-03-14,24,6830.59,Active,Low
L004187,C03102,Auto,128200.0,12.58,2023-02-12,48,30466.92,Closed,High
L004188,C11866,Home,334100.0,7.11,2023-09-21,60,257196.44,Active,Medium
L004189,C03872,Personal,142100.0,13.61,2025-03-04,36,96015.46,Active,High
L004190,C03777,Business,118100.0,6.84,2023-04-05,24,6893.09,Closed,Low
L004191,C13351,Business,147700.0,13.97,2023-02-04,240,35773.09,Overdue,Low
L004192,C05925,Business,95200.0,15.47,2024-03-19,60,18407.46,Active,Low
L004193,C12719,Business,230800.0,16.14,2024-03-12,48,131409.85,Overdue,Medium
L004194,C11512,Home,122500.0,11.87,2024-11-12,24,88488.44,Active,Low
L004195,C05897,Personal,101200.0,16.44,2024-10-19,12,88147.83,Closed,Low
L004196,C02330,Personal,251800.0,13.57,2023-02-14,36,46009.32,Closed,Low
L004197,C10851,Auto,311000.0,8.48,2022-09-29,180,193828.5,Closed,Low
L004198,C03376,Home,199200.0,13.36,2025-04-30,48,144768.0,Active,Low
L004199,C04255,Personal,77400.0,7.83,2024-04-20,24,7451.92,Closed,Medium
L004200,C03975,Home,84000.0,15.32,2024-05-07,36,28281.85,Closed,High
L004201,C07723,Education,52400.0,7.04,2025-06-22,60,9486.88,Defaulted,High
L004202,C01250,Personal,287700.0,15.22,2023-09-06,84,169339.58,Active,Low
L004203,C11237,Home,276800.0,12.85,2022-01-16,240,49416.55,Active,Low
L004204,C10662,Home,69400.0,13.66,2024-01-02,48,32157.42,Closed,Low
L004205,C01046,Personal,365500.0,15.36,2023-01-16,24,242216.88,Active,Medium
L004206,C08566,Home,165100.0,15.35,2024-04-16,180,11482.5,Active,Medium
L004207,C00663,Home,50200.0,7.04,2024-02-28,120,7786.03,Active,Low
L004208,C03979,Business,185300.0,13.58,2023-07-28,60,154442.61,Active,Low
L004209,C11009,Auto,80000.0,7.56,2024-03-06,84,53163.05,Closed,Medium
L004210,C07503,Personal,253600.0,13.81,2025-10-04,60,229471.88,Overdue,Medium
L004211,C02832,Auto,274000.0,15.65,2025-05-20,12,199241.28,Active,Low
L004212,C05384,Home,172200.0,6.71,2023-10-08,36,137564.6,Active,Low
L004213,C04288,Home,349400.0,11.17,2024-01-20,48,211507.73,Active,Low
L004214,C03790,Personal,166800.0,6.67,2024-01-19,36,125085.98,Closed,Medium
L004215,C13727,Education,233500.0,6.8,2024-07-10,120,150364.71,Active,Low
L004216,C12390,Auto,202400.0,7.96,2024-02-24,24,146307.12,Closed,Medium
L004217,C09298,Auto,197700.0,13.74,2024-09-11,12,69337.04,Active,Low
L004218,C02567,Home,316200.0,14.15,2024-05-08,240,233848.84,Overdue,Low
L004219,C05750,Business,103400.0,15.73,2023-10-16,60,95217.05,Closed,Medium
L004220,C12862,Auto,390700.0,13.9,2022-05-10,36,168242.23,Active,Low
L004221,C14149,Auto,174600.0,15.66,2024-07-31,60,92808.79,Overdue,Low
L004222,C02156,Personal,172500.0,10.55,2022-05-28,12,47497.03,Closed,Low
L004223,C03905,Home,51100.0,15.73,2022-03-20,180,21537.83,Active,Medium
L004224,C06451,Home,50000.0,8.71,2023-09-01,84,34314.62,Active,Low
L004225,C13001,Home,73900.0,8.51,2024-10-05,60,23236.58,Closed,Low
L004226,C12519,Personal,85800.0,15.85,2022-04-24,48,65166.11,Active,High
L004227,C03421,Personal,75800.0,14.49,2022-05-20,240,16270.74,Active,Low
L004228,C06291,Auto,257800.0,9.92,2023-01-14,240,148457.79,Active,Low
L004229,C11163,Personal,367500.0,9.23,2024-02-15,180,287041.75,Closed,Medium
L004230,C13513,Personal,169200.0,11.83,2023-05-06,180,125507.02,Active,Low
L004231,C05048,Home,152100.0,9.97,2025-08-01,120,88076.65,Active,Medium
L004232,C06889,Personal,520100.0,13.95,2023-05-22,60,78903.6,Active,High
L004233,C07814,Personal,234200.0,9.07,2022-02-12,180,105182.51,Closed,Medium
L004234,C03011,Auto,403200.0,13.27,2022-11-01,48,111310.45,Active,Low
L004235,C02541,Business,292800.0,16.11,2022-07-02,48,215029.57,Closed,Low
L004236,C04108,Auto,424400.0,7.83,2025-10-16,48,143869.04,Defaulted,Low
L004237,C04337,Auto,151300.0,11.64,2023-11-21,24,21558.06,Closed,Medium
L004238,C01356,Personal,197600.0,6.59,2023-12-02,24,55381.97,Active,High
L004239,C12646,Personal,64000.0,6.84,2023-10-29,60,51497.84,Active,Medium
L004240,C10889,Personal,105900.0,13.38,2025-06-14,60,56304.7,Active,Medium
L004241,C13731,Home,278500.0,6.88,2025-12-17,12,23515.52,Active,Low
L004242,C05560,Education,341300.0,13.52,2023-10-28,48,188685.71,Overdue,Low
L004243,C06642,Personal,115000.0,14.73,2022-06-04,36,36165.01,Active,Low
L004244,C00516,Personal,132100.0,13.74,2023-01-05,120,110483.06,Active,Low
L004245,C06535,Home,126200.0,6.51,2023-03-15,240,63346.98,Defaulted,Medium
L004246,C02039,Personal,287800.0,8.76,2022-09-04,24,72190.56,Active,Low
L004247,C08523,Personal,429900.0,6.72,2023-04-03,12,155155.71,Active,Low
L004248,C02770,Auto,130000.0,10.21,2024-01-07,48,89379.3,Closed,Medium
L004249,C06051,Home,50000.0,12.15,2025-03-27,60,31781.08,Closed,Low
L004250,C04828,Auto,1448700.0,13.18,2023-01-05,48,1293353.7,Active,Low
L004251,C03468,Home,283000.0,12.01,2022-05-18,60,251961.94,Active,Low
L004252,C02483,Auto,214600.0,8.06,2024-04-30,36,20439.55,Active,Medium
L004253,C05324,Home,471600.0,14.22,2024-03-21,84,61961.88,Active,Low
L004254,C10011,Personal,99400.0,6.77,2023-05-24,120,59256.03,Defaulted,Low
L004255,C07546,Auto,971700.0,14.52,2025-11-29,84,750206.94,Active,Medium
L004256,C13063,Education,276500.0,8.21,2024-12-06,12,60256.68,Active,High
L004257,C07435,Auto,163600.0,7.06,2025-03-21,48,113341.31,Active,Low
L004258,C00489,Auto,159100.0,13.06,2022-02-05,24,41438.32,Active,Low
L004259,C03723,Business,92800.0,15.98,2023-05-30,120,7892.78,Active,High
L004260,C05171,Personal,562600.0,16.22,2025-04-20,48,233107.13,Closed,Low
L004261,C00569,Home,67000.0,12.65,2024-12-09,60,45477.39,Active,Low
L004262,C04265,Home,60800.0,7.75,2025-12-10,60,30198.18,Active,Medium
L004263,C01349,Personal,566500.0,12.21,2023-09-18,84,100595.01,Overdue,Low
L004264,C01008,Business,354200.0,9.92,2025-05-30,180,49851.62,Active,Low
L004265,C06579,Personal,125100.0,7.44,2024-02-02,120,53315.48,Active,Medium
L004266,C09708,Auto,75900.0,7.65,2022-11-16,12,32901.96,Active,Low
L004267,C03217,Home,145300.0,11.68,2025-12-11,120,53358.82,Active,High
L004268,C09879,Personal,623600.0,10.26,2024-06-17,48,182611.14,Active,Medium
L004269,C01332,Home,459900.0,13.57,2025-02-05,120,247422.29,Active,High
L004270,C06489,Home,132200.0,10.97,2023-03-07,120,116706.21,Active,Low
L004271,C03271,Personal,151600.0,10.65,2022-04-03,240,80920.2,Active,High
L004272,C01153,Business,114700.0,13.39,2023-09-12,48,16834.55,Active,Medium
L004273,C14795,Personal,185600.0,16.07,2022-04-16,120,65849.51,Active,Medium
L004274,C10187,Auto,124400.0,15.62,2022-08-12,180,54357.56,Active,Medium
L004275,C10136,Business,388700.0,14.55,2024-12-22,36,98968.31,Closed,Low
L004276,C03143,Home,181900.0,9.95,2024-03-06,60,118608.33,Active,Low
L004277,C12300,Home,853700.0,8.25,2024-01-06,48,234286.57,Active,Medium
L004278,C03984,Auto,126200.0,7.13,2023-08-10,12,29824.7,Closed,Low
L004279,C12858,Auto,577400.0,9.6,2025-02-14,24,53977.17,Active,Low
L004280,C00833,Personal,241600.0,7.41,2025-10-27,84,96220.67,Active,Medium
L004281,C03186,Home,164700.0,15.03,2022-07-13,60,76021.59,Active,Medium
L004282,C04122,Personal,414300.0,11.15,2025-11-29,24,191161.35,Closed,Low
L004283,C04116,Personal,90800.0,6.68,2023-06-15,36,44642.06,Active,Low
L004284,C04838,Personal,336000.0,13.99,2025-05-12,240,217688.22,Active,Medium
L004285,C09837,Personal,219300.0,7.96,2024-09-06,240,182991.15,Closed,Low
L004286,C02507,Home,100800.0,7.43,2022-10-20,36,86762.2,Active,Low
L004287,C12221,Personal,293200.0,11.59,2024-09-21,84,228891.12,Active,High
L004288,C14466,Home,226300.0,11.11,2025-11-19,60,25012.55,Active,Medium
L004289,C02466,Auto,56300.0,9.09,2022-06-18,24,40186.94,Active,Low
L004290,C11922,Personal,379300.0,14.28,2023-07-15,12,220520.39,Active,Medium
L004291,C00539,Auto,138600.0,13.77,2023-11-07,24,128481.84,Active,Medium
L004292,C03975,Home,209600.0,15.68,2023-01-04,180,118488.44,Closed,Medium
L004293,C10347,Personal,138500.0,13.74,2025-08-12,48,18740.35,Active,Medium
L004294,C03631,Home,123300.0,12.35,2023-07-20,120,107621.26,Closed,Low
L004295,C08796,Home,392300.0,7.34,2024-04-13,12,180779.75,Active,Low
L004296,C14618,Home,106500.0,13.68,2025-04-28,84,92792.71,Active,Low
L004297,C05330,Auto,80500.0,9.92,2025-11-03,84,51564.5,Active,Low
L004298,C00800,Education,145800.0,9.44,2022-02-19,36,64289.69,Active,Low
L004299,C08567,Home,1999800.0,6.63,2023-11-04,48,1373101.3,Active,Low
L004300,C14523,Auto,128900.0,8.62,2023-06-06,12,102571.39,Active,Low
L004301,C08204,Home,507500.0,7.91,2025-06-25,240,31457.99,Active,Low
L004302,C00097,Personal,151700.0,8.92,2023-03-07,240,94237.83,Active,Low
L004303,C10702,Business,207400.0,15.71,2023-08-29,12,110574.59,Active,Low
L004304,C01003,Business,155800.0,10.94,2022-02-26,48,133942.4,Closed,High
L004305,C05065,Auto,259700.0,9.66,2023-06-23,12,19274.14,Active,High
L004306,C07295,Education,160300.0,14.61,2025-03-27,180,11191.22,Active,Low
L004307,C09770,Auto,513700.0,15.05,2022-12-09,60,360167.99,Active,Medium
L004308,C01293,Education,96200.0,11.98,2024-01-31,120,44893.69,Active,High
L004309,C14976,Personal,125800.0,9.0,2024-01-03,120,58978.51,Active,Medium
L004310,C01843,Personal,120300.0,11.87,2024-10-23,120,83383.96,Overdue,Medium
L004311,C04932,Home,663400.0,13.06,2022-09-20,180,97626.04,Active,High
L004312,C09334,Business,461000.0,14.5,2022-11-02,36,115823.86,Active,Low
L004313,C09085,Personal,105300.0,12.74,2023-12-15,12,67086.25,Active,Medium
L004314,C10112,Personal,435600.0,10.97,2025-01-27,36,121009.16,Active,Low
L004315,C03757,Business,159700.0,16.18,2024-10-29,84,53941.33,Overdue,Low
L004316,C08973,Personal,270700.0,10.65,2023-12-04,120,183469.69,Active,Low
L004317,C06147,Personal,164900.0,7.55,2024-12-12,24,69067.57,Active,Low
L004318,C09620,Home,78700.0,14.61,2024-02-01,240,36786.98,Active,Low
L004319,C10708,Home,92400.0,8.19,2025-01-01,60,59407.76,Active,Low
L004320,C01562,Business,189700.0,7.84,2022-06-03,84,31875.06,Active,Low
L004321,C01183,Auto,140900.0,6.91,2024-09-24,60,111366.99,Closed,Medium
L004322,C09394,Business,412100.0,7.6,2022-03-14,120,261134.79,Active,High
L004323,C10938,Auto,124400.0,13.89,2025-11-15,36,51542.72,Active,Medium
L004324,C09887,Personal,267400.0,13.72,2025-09-22,84,69432.99,Active,Medium
L004325,C12003,Personal,97300.0,12.71,2025-02-16,12,51275.99,Closed,High
L004326,C03405,Home,154800.0,12.7,2024-08-24,120,50296.38,Active,Medium
L004327,C14587,Home,381200.0,9.05,2023-03-08,84,91509.6,Overdue,Low
L004328,C03602,Home,62700.0,8.03,2024-11-01,180,5149.49,Active,High
L004329,C04766,Personal,52000.0,9.45,2023-11-12,180,12681.65,Active,Medium
L004330,C11563,Education,221100.0,14.97,2022-06-09,24,184312.11,Active,Low
L004331,C03896,Auto,75000.0,7.44,2024-10-14,120,10822.77,Active,Low
L004332,C01460,Home,174600.0,11.73,2023-03-25,24,77640.0,Closed,Low
L004333,C14951,Personal,119100.0,7.4,2023-04-11,24,36157.94,Active,Low
L004334,C08273,Personal,512100.0,13.83,2025-10-07,36,56867.12,Active,Medium
L004335,C10788,Home,256500.0,11.38,2023-07-29,240,203000.27,Active,Medium
L004336,C13975,Personal,191700.0,7.22,2023-09-29,60,159657.07,Active,Medium
L004337,C00202,Home,506200.0,15.64,2023-10-30,36,25577.14,Active,Low
L004338,C06425,Auto,211700.0,15.22,2024-09-11,60,103089.42,Active,High
L004339,C14494,Personal,586400.0,11.99,2024-10-27,12,486795.27,Active,Medium
L004340,C04511,Education,169200.0,12.96,2022-05-30,48,159803.91,Active,Medium
L004341,C14790,Home,191700.0,15.26,2022-07-26,180,105734.3,Active,Medium
L004342,C14896,Home,642500.0,15.62,2023-10-02,24,89410.88,Active,Medium
L004343,C11115,Auto,94900.0,14.23,2022-05-04,84,75607.65,Defaulted,Low
L004344,C12517,Auto,174000.0,14.54,2024-03-12,24,135880.31,Closed,Low
L004345,C12267,Home,127500.0,10.54,2022-12-21,36,112592.67,Active,Low
L004346,C12154,Home,69400.0,10.96,2023-07-17,120,22299.18,Active,Medium
L004347,C08010,Auto,130400.0,15.69,2025-02-15,24,61645.12,Active,Medium
L004348,C11930,Personal,549600.0,15.37,2024-12-23,24,211305.21,Active,Low
L004349,C07066,Personal,234100.0,10.6,2025-10-18,36,147053.56,Active,Medium
L004350,C04655,Home,109000.0,13.97,2022-05-31,12,70454.68,Active,Medium
L004351,C08759,Home,78800.0,13.48,2025-02-05,12,4336.49,Active,Low
L004352,C00516,Personal,179000.0,15.0,2022-11-29,60,141088.9,Active,Low
L004353,C09761,Home,140200.0,12.42,2022-07-25,24,100111.44,Active,Low
L004354,C07869,Home,50000.0,12.44,2024-08-20,60,29743.63,Active,Low
L004355,C12118,Personal,216900.0,11.47,2025-03-30,48,108952.2,Active,Low
L004356,C09816,Auto,1141700.0,10.76,2022-06-06,180,974587.51,Active,Medium
L004357,C14410,Personal,218100.0,10.81,2023-03-14,240,125381.31,Active,Low
L004358,C00526,Home,83200.0,8.22,2023-02-28,120,57990.14,Overdue,High
L004359,C12435,Personal,102900.0,11.79,2024-02-05,36,46962.58,Active,High
L004360,C10787,Business,202200.0,15.73,2022-02-10,180,23343.05,Active,High
L004361,C09853,Auto,450500.0,15.72,2025-12-09,48,415129.76,Active,Low
L004362,C03765,Personal,55200.0,12.38,2025-11-10,84,20906.8,Active,Low
L004363,C14385,Home,132100.0,13.14,2022-08-27,60,100142.22,Overdue,Low
L004364,C06427,Auto,201500.0,7.54,2025-11-06,60,57854.77,Overdue,Medium
L004365,C11742,Home,64700.0,15.16,2023-07-29,240,28126.65,Active,Medium
L004366,C12027,Personal,283700.0,11.52,2024-02-01,240,233113.31,Active,Low
L004367,C00734,Personal,398800.0,14.44,2023-01-08,120,128245.39,Active,High
L004368,C04251,Auto,282400.0,13.22,2023-06-23,240,200021.01,Defaulted,Low
L004369,C02921,Home,113300.0,12.06,2022-03-02,48,78501.04,Active,Low
L004370,C12183,Personal,163700.0,13.47,2023-01-28,12,154754.09,Active,Low
L004371,C01675,Home,50800.0,15.84,2023-11-13,60,16512.06,Active,Low
L004372,C00929,Home,129400.0,13.45,2022-10-12,60,82270.06,Active,Low
L004373,C00261,Auto,69700.0,9.8,2023-05-12,84,54858.78,Active,Low
L004374,C03765,Personal,65400.0,7.42,2024-02-03,180,38975.27,Overdue,Low
L004375,C04353,Business,425800.0,8.06,2025-01-16,24,54034.14,Active,Low
L004376,C14982,Auto,233900.0,15.29,2022-08-31,24,13336.92,Active,Low
L004377,C08224,Education,257800.0,11.12,2022-07-18,24,115275.06,Active,Low
L004378,C14702,Personal,52500.0,10.01,2024-08-11,36,2675.71,Active,Low
L004379,C06134,Business,193400.0,6.83,2025-07-03,180,168236.11,Active,Low
L004380,C05483,Home,63100.0,8.5,2025-11-19,48,34301.07,Closed,Low
L004381,C10941,Business,123500.0,12.11,2024-07-18,240,100204.08,Active,Medium
L004382,C00278,Home,50000.0,8.2,2022-07-22,84,21996.11,Active,Low
L004383,C00887,Business,479300.0,7.06,2024-04-19,36,146460.1,Active,Medium
L004384,C14524,Business,667000.0,7.44,2024-12-31,48,490357.82,Active,Low
L004385,C00712,Auto,493500.0,11.0,2023-12-23,120,71362.95,Active,Low
L004386,C00136,Auto,336500.0,13.04,2025-04-04,240,133074.93,Active,Medium
L004387,C10713,Home,62800.0,7.36,2022-04-16,60,12419.26,Active,Medium
L004388,C09834,Personal,50000.0,10.72,2023-04-18,24,26671.23,Active,Low
L004389,C02213,Personal,196500.0,16.46,2022-05-06,84,29375.61,Active,Medium
L004390,C06072,Home,113400.0,15.1,2025-08-27,180,91373.93,Active,Medium
L004391,C02729,Business,124100.0,8.38,2022-03-25,180,32519.07,Active,Medium
L004392,C00371,Auto,50000.0,9.37,2023-03-31,120,12854.35,Active,Medium
L004393,C04016,Home,56100.0,12.23,2022-08-04,84,45299.89,Active,Medium
L004394,C00619,Home,121400.0,15.13,2022-10-22,84,107249.04,Overdue,Low
L004395,C13299,Auto,345400.0,14.04,2024-01-20,60,156806.45,Active,Low
L004396,C04217,Business,145900.0,12.07,2022-01-26,24,13037.22,Active,Low
L004397,C02192,Business,58200.0,7.84,2024-04-26,84,34859.5,Overdue,Medium
L004398,C12287,Home,656400.0,13.86,2024-11-21,180,306537.18,Active,Low
L004399,C10260,Auto,218000.0,11.86,2024-12-02,60,38642.37,Active,Low
L004400,C13436,Personal,84100.0,9.77,2025-06-18,60,59253.78,Active,Medium
L004401,C11586,Personal,148400.0,9.07,2024-06-30,180,103905.94,Active,Low
L004402,C10065,Personal,150800.0,16.18,2025-07-30,36,50289.14,Overdue,Medium
L004403,C14056,Home,106300.0,13.78,2024-07-01,24,11049.36,Closed,Medium
L004404,C10788,Personal,195200.0,7.01,2022-07-31,180,30626.69,Closed,High
L004405,C05984,Personal,284600.0,9.42,2024-06-21,60,270205.72,Active,Low
L004406,C09874,Personal,60700.0,13.88,2024-03-28,120,22166.09,Active,Low
L004407,C04743,Personal,217900.0,14.83,2025-09-11,12,32948.4,Active,Low
L004408,C08677,Home,102600.0,9.38,2025-04-23,12,81918.52,Active,High
L004409,C14992,Business,326700.0,15.72,2024-10-26,24,195558.0,Active,Low
L004410,C05468,Personal,447300.0,9.33,2024-04-23,180,387473.87,Closed,Medium
L004411,C00229,Personal,283400.0,8.75,2025-01-07,24,245037.61,Active,Medium
L004412,C11415,Home,176900.0,12.48,2023-03-28,48,57378.66,Active,Low
L004413,C07110,Auto,50000.0,10.73,2022-07-31,24,25977.65,Active,Low
L004414,C04462,Personal,508600.0,16.26,2022-06-19,60,349582.96,Closed,Medium
L004415,C08764,Personal,167400.0,15.54,2022-04-08,180,134905.61,Closed,Low
L004416,C03048,Personal,115400.0,7.5,2022-09-03,24,29105.33,Active,Low
L004417,C05163,Education,153100.0,6.71,2025-08-18,48,100907.85,Closed,Low
L004418,C06318,Education,56300.0,15.51,2022-12-04,60,53346.11,Active,Medium
L004419,C10602,Auto,201300.0,13.02,2025-03-03,120,122015.42,Active,Low
L004420,C06824,Personal,78200.0,15.82,2023-09-03,60,59555.86,Overdue,High
L004421,C13462,Home,272400.0,6.71,2022-12-11,120,120864.38,Closed,Low
L004422,C12112,Personal,50000.0,6.93,2024-12-01,180,24415.51,Active,High
L004423,C02325,Auto,190000.0,10.94,2024-07-05,240,98933.47,Active,Low
L004424,C05201,Personal,112900.0,10.48,2023-09-09,24,44357.78,Closed,Low
L004425,C07968,Personal,322300.0,12.22,2023-05-25,60,108011.23,Closed,Low
L004426,C04184,Home,302900.0,13.98,2023-07-17,24,59359.8,Active,High
L004427,C03069,Business,56400.0,14.97,2024-10-24,48,50865.04,Active,Medium
L004428,C04821,Auto,237200.0,13.14,2022-05-21,60,131422.25,Active,Medium
L004429,C06421,Home,189300.0,12.34,2022-02-16,12,98589.49,Active,Medium
L004430,C11712,Auto,757200.0,10.03,2024-12-19,60,440556.95,Closed,Medium
L004431,C00094,Business,267400.0,8.08,2025-12-06,48,115385.02,Closed,Medium
L004432,C12477,Education,103200.0,11.97,2022-04-14,48,23013.36,Active,Medium
L004433,C14782,Auto,153500.0,6.89,2022-10-11,60,97587.51,Overdue,Low
L004434,C10318,Personal,166700.0,9.67,2024-10-26,24,38925.41,Overdue,Low
L004435,C05543,Home,83400.0,7.95,2024-08-04,240,29585.82,Active,Low
L004436,C07150,Personal,70000.0,11.1,2022-11-04,120,58140.61,Active,Low
L004437,C02387,Education,85900.0,8.94,2023-10-24,120,34343.83,Closed,Medium
L004438,C06893,Personal,111100.0,9.47,2024-02-24,180,12105.32,Active,High
L004439,C06767,Personal,96900.0,11.25,2022-02-22,36,15436.25,Active,Medium
L004440,C12826,Personal,187100.0,9.56,2022-06-17,180,83595.09,Overdue,Low
L004441,C06931,Personal,727200.0,11.51,2024-09-07,60,62354.14,Active,Low
L004442,C01057,Personal,50000.0,15.18,2022-10-20,180,18975.19,Active,Low
L004443,C00188,Auto,161900.0,13.43,2024-09-11,120,73648.56,Active,Low
L004444,C08052,Business,191500.0,14.04,2022-05-19,84,12287.3,Defaulted,Medium
L004445,C11537,Personal,297100.0,9.0,2024-12-22,120,271091.87,Closed,Low
L004446,C10968,Home,124600.0,14.2,2024-04-21,48,112120.16,Active,Medium
L004447,C13585,Home,105200.0,14.52,2024-01-12,180,66826.79,Active,Low
L004448,C08093,Auto,305200.0,10.06,2023-06-24,60,40265.09,Closed,Low
L004449,C14434,Auto,63700.0,13.51,2025-12-23,48,25735.2,Active,Medium
L004450,C01808,Personal,797000.0,11.23,2024-03-03,36,552191.97,Closed,Low
L004451,C13749,Business,117700.0,15.25,2024-08-09,180,102781.88,Active,Medium
L004452,C13001,Auto,111800.0,15.21,2024-12-30,36,9335.74,Active,Medium
L004453,C13870,Auto,131400.0,11.99,2022-12-08,12,17785.33,Active,Low
L004454,C13139,Personal,1273500.0,6.97,2025-11-03,12,921054.74,Active,Low
L004455,C13146,Education,117800.0,15.2,2024-04-24,180,31115.22,Active,Medium
L004456,C07442,Auto,204800.0,16.36,2025-03-26,36,146620.88,Active,Low
L004457,C14384,Business,92100.0,14.22,2025-11-18,12,52388.5,Active,Medium
L004458,C10889,Auto,62600.0,10.47,2023-04-21,120,4550.14,Active,Medium
L004459,C14348,Home,163900.0,11.53,2023-03-16,12,12208.35,Closed,Low
L004460,C03531,Personal,382400.0,10.74,2022-01-09,24,300405.61,Closed,Low
L004461,C01295,Home,320100.0,12.46,2025-01-26,180,279513.56,Closed,Medium
L004462,C11651,Personal,147700.0,12.9,2024-04-28,24,109121.73,Active,Low
L004463,C10195,Auto,341000.0,14.36,2025-09-12,180,290105.63,Active,Low
L004464,C09403,Auto,138000.0,7.47,2024-11-12,24,71250.12,Active,Medium
L004465,C10484,Personal,63000.0,13.31,2022-08-16,24,10498.06,Active,Low
L004466,C14917,Auto,55100.0,8.43,2025-01-31,48,45652.94,Active,Medium
L004467,C14132,Personal,197500.0,11.4,2025-06-18,240,47585.84,Active,Low
L004468,C02886,Home,132700.0,11.16,2025-05-11,48,69055.72,Active,Low
L004469,C11455,Personal,335300.0,10.56,2022-11-06,240,114624.84,Active,Medium
L004470,C04243,Personal,71300.0,11.88,2022-01-06,36,36750.88,Active,Low
L004471,C01141,Home,150700.0,8.61,2024-12-26,180,14648.59,Active,High
L004472,C12863,Personal,111300.0,11.92,2024-11-16,180,49250.24,Active,Low
L004473,C03708,Home,135000.0,8.59,2022-01-12,60,48642.42,Active,Medium
L004474,C02093,Home,174400.0,10.96,2023-06-28,84,88867.45,Closed,Low
L004475,C07957,Home,50000.0,13.23,2022-08-26,180,3364.54,Active,Low
L004476,C09643,Home,297000.0,12.49,2025-01-27,48,105037.27,Closed,Medium
L004477,C09253,Personal,328800.0,9.92,2025-01-10,120,241474.04,Closed,Medium
L004478,C00096,Education,50000.0,14.31,2024-05-22,12,42311.02,Active,Low
L004479,C03888,Education,185200.0,11.33,2023-07-25,48,52905.25,Active,Low
L004480,C00160,Home,239600.0,10.18,2022-10-08,48,180602.67,Defaulted,High
L004481,C01984,Home,50000.0,15.44,2024-05-18,48,5151.19,Active,High
L004482,C04827,Auto,207100.0,14.08,2025-11-23,48,115624.31,Active,Low
L004483,C09735,Home,379800.0,13.16,2025-10-20,36,23900.82,Overdue,Medium
L004484,C11953,Home,89800.0,11.72,2025-02-19,84,36696.13,Active,Low
L004485,C13387,Home,143600.0,13.06,2022-04-14,84,61210.81,Active,Medium
L004486,C00013,Home,215300.0,13.02,2022-03-25,36,151730.17,Active,Medium
L004487,C07640,Auto,370500.0,16.04,2025-03-14,120,225462.45,Active,Low
L004488,C04585,Personal,358200.0,10.04,2025-03-08,36,131783.17,Active,Low
L004489,C10544,Home,50000.0,12.26,2025-04-11,180,30491.98,Active,Low
L004490,C01038,Home,161600.0,15.66,2022-12-07,60,11309.63,Active,Medium
L004491,C10194,Auto,87900.0,14.71,2023-06-24,240,22416.51,Closed,Low
L004492,C01097,Auto,170600.0,12.79,2022-11-18,24,85246.88,Closed,Low
L004493,C07521,Personal,61200.0,11.85,2025-07-27,240,50989.3,Closed,Low
L004494,C01419,Auto,236600.0,13.67,2025-06-15,180,114569.51,Active,Low
L004495,C06731,Personal,59600.0,13.49,2022-09-25,180,28298.58,Active,Medium
L004496,C03691,Personal,81100.0,7.83,2025-12-22,12,6471.43,Overdue,Low
L004497,C14118,Personal,176500.0,15.72,2024-08-22,36,35958.44,Active,Medium
L004498,C11496,Auto,50000.0,13.39,2022-01-04,180,19902.74,Active,Low
L004499,C12601,Home,118300.0,9.63,2023-12-13,12,89162.38,Active,Medium
L004500,C13173,Auto,287900.0,13.16,2023-07-16,240,124602.91,Active,Medium
L004501,C12815,Personal,150900.0,11.08,2022-11-14,84,99146.75,Active,Low
L004502,C06856,Personal,139200.0,11.6,2024-08-10,120,69486.31,Overdue,Medium
L004503,C02442,Auto,50000.0,14.61,2022-01-22,48,6824.22,Active,Medium
L004504,C09031,Personal,310900.0,12.96,2024-12-12,24,112439.08,Defaulted,Low
L004505,C06006,Home,154500.0,13.65,2024-12-01,60,11907.08,Active,High
L004506,C00874,Personal,136700.0,16.17,2022-09-18,120,117025.86,Active,Medium
L004507,C12788,Business,240400.0,13.07,2024-06-02,48,103577.18,Closed,Low
L004508,C14618,Home,50000.0,9.31,2025-03-26,48,43442.71,Active,Low
L004509,C02989,Home,605900.0,6.51,2024-01-10,240,401005.19,Active,Low
L004510,C00969,Personal,50000.0,12.25,2024-10-17,36,16654.92,Active,High
L004511,C11390,Personal,317500.0,9.93,2024-06-04,180,285035.65,Active,Low
L004512,C13892,Home,222300.0,15.78,2022-10-11,120,38949.51,Active,Medium
L004513,C02036,Personal,236600.0,14.44,2022-12-16,48,104549.81,Closed,Low
L004514,C00303,Personal,56800.0,12.83,2022-11-13,84,31316.69,Active,Medium
L004515,C02293,Home,325300.0,8.48,2024-05-28,12,75287.71,Closed,High
L004516,C06474,Personal,85700.0,15.56,2023-07-07,180,52010.77,Active,High
L004517,C06172,Home,124100.0,11.57,2023-12-21,180,111644.03,Closed,Low
L004518,C06405,Personal,279500.0,9.57,2024-09-21,24,67769.45,Closed,Low
L004519,C04947,Auto,117400.0,13.2,2024-04-27,240,97107.25,Active,Low
L004520,C12397,Business,54200.0,9.58,2023-11-05,60,14736.16,Active,Low
L004521,C14697,Business,167500.0,15.44,2024-06-08,24,129069.5,Active,Low
L004522,C00162,Personal,253400.0,11.42,2022-05-31,180,186177.61,Active,Low
L004523,C04349,Personal,669800.0,15.33,2024-04-03,120,509983.34,Active,Low
L004524,C13170,Home,162700.0,6.91,2023-03-20,60,114239.75,Defaulted,Low
L004525,C14270,Personal,111400.0,6.66,2022-08-22,120,17050.07,Active,Low
L004526,C14236,Home,168000.0,9.69,2024-03-06,180,110534.36,Active,Medium
L004527,C07247,Personal,1031500.0,7.31,2023-01-10,36,498033.7,Active,Low
L004528,C13921,Personal,264300.0,15.94,2023-04-26,48,104023.5,Active,Low
L004529,C00168,Home,50000.0,7.47,2022-11-27,48,24083.92,Closed,Low
L004530,C06276,Home,187500.0,9.65,2022-04-29,12,150691.1,Active,Medium
L004531,C03853,Personal,574200.0,11.93,2025-08-26,12,459246.13,Active,Medium
L004532,C09002,Personal,76900.0,13.16,2025-04-07,84,32702.12,Active,Medium
L004533,C13837,Personal,121700.0,6.99,2022-11-14,84,62046.0,Active,Medium
L004534,C00382,Home,141100.0,7.39,2025-01-06,120,33235.27,Closed,Medium
L004535,C07654,Personal,57300.0,11.11,2024-09-27,12,40552.83,Active,Low
L004536,C02964,Education,813600.0,7.43,2024-08-26,180,223237.64,Active,Medium
L004537,C05014,Home,473600.0,15.74,2024-12-10,48,288192.84,Closed,Low
L004538,C05987,Personal,142400.0,15.04,2025-06-07,48,41178.11,Overdue,Low
L004539,C00556,Education,114000.0,13.5,2023-11-14,36,77966.77,Active,Low
L004540,C06681,Personal,163700.0,14.81,2024-12-09,84,18386.48,Closed,Low
L004541,C14653,Personal,1248900.0,13.45,2022-04-01,12,522591.03,Closed,Low
L004542,C13111,Business,162700.0,15.34,2024-09-01,180,105258.58,Active,Low
L004543,C06333,Auto,91700.0,10.36,2024-08-23,12,71559.52,Active,Medium
L004544,C05745,Personal,50000.0,7.1,2025-04-24,12,3140.42,Active,Low
L004545,C10894,Personal,104600.0,15.06,2023-12-14,180,53165.72,Overdue,High
L004546,C04591,Home,471600.0,11.05,2024-07-29,24,122642.79,Active,Low
L004547,C05865,Personal,213700.0,13.05,2025-03-19,48,151438.32,Active,Medium
L004548,C10991,Auto,77800.0,15.58,2024-10-19,120,23082.16,Closed,Low
L004549,C11276,Auto,64900.0,8.61,2024-12-05,36,13280.44,Active,Low
L004550,C07821,Home,261100.0,13.46,2024-08-19,120,96592.43,Active,Low
L004551,C07698,Auto,305200.0,14.76,2023-12-14,120,167011.49,Active,Medium
L004552,C11531,Personal,416700.0,7.51,2024-06-28,12,103953.63,Closed,Medium
L004553,C14263,Personal,92200.0,16.27,2025-01-14,60,15660.12,Closed,Low
L004554,C09059,Education,126700.0,13.4,2022-08-14,12,98900.85,Closed,Medium
L004555,C06429,Auto,204400.0,8.64,2023-09-09,12,162075.79,Active,Low
L004556,C05862,Business,232500.0,7.08,2023-12-22,24,123711.07,Overdue,Low
L004557,C01227,Auto,168100.0,12.77,2023-10-27,36,13093.2,Active,Low
L004558,C00011,Home,84200.0,15.64,2023-04-15,36,13169.48,Active,Medium
L004559,C07923,Auto,245900.0,9.46,2024-10-19,60,130409.78,Closed,Low
L004560,C03207,Home,162600.0,7.6,2025-11-10,36,26095.26,Active,Medium
L004561,C14462,Home,50000.0,12.5,2022-06-11,48,23458.53,Closed,Medium
L004562,C06022,Auto,74700.0,13.28,2024-06-15,60,69578.5,Active,Medium
L004563,C08202,Home,268800.0,7.06,2022-12-28,180,56726.01,Active,Low
L004564,C02106,Personal,263000.0,12.6,2025-01-16,84,157621.71,Active,Medium
L004565,C06014,Home,119300.0,11.31,2024-09-22,60,99571.94,Closed,High
L004566,C13671,Home,108700.0,10.16,2023-10-14,84,72043.11,Active,Low
L004567,C02901,Home,105300.0,10.9,2022-07-15,12,47208.25,Active,Low
L004568,C03081,Business,275400.0,9.39,2022-12-02,36,253452.4,Active,Medium
L004569,C00401,Personal,148100.0,12.42,2023-01-04,84,11120.52,Active,Low
L004570,C12109,Auto,193700.0,12.8,2023-05-16,180,66277.82,Active,High
L004571,C11856,Business,50000.0,10.37,2025-06-20,120,26441.38,Active,Medium
L004572,C04380,Home,83900.0,10.48,2022-05-29,36,45234.27,Active,Low
L004573,C01223,Personal,101500.0,11.66,2022-12-28,12,10145.27,Closed,Low
L004574,C10296,Business,215800.0,8.93,2025-10-22,36,30349.2,Active,Medium
L004575,C14949,Personal,260700.0,7.43,2022-12-31,12,59704.39,Active,Medium
L004576,C04563,Personal,211100.0,16.21,2022-10-23,36,36700.89,Active,Medium
L004577,C11305,Auto,50000.0,10.31,2023-04-27,36,27973.9,Active,Low
L004578,C08904,Home,298900.0,12.94,2023-12-20,24,54988.28,Active,Low
L004579,C02482,Auto,193100.0,15.98,2023-07-03,240,69826.62,Closed,Medium
L004580,C06376,Education,178000.0,9.24,2023-03-20,84,37645.9,Defaulted,Medium
L004581,C04625,Home,279300.0,9.31,2025-10-31,180,151448.11,Closed,Low
L004582,C02282,Personal,58300.0,13.93,2024-02-18,12,44439.33,Overdue,Medium
L004583,C09120,Personal,134200.0,16.42,2024-09-29,120,100950.3,Defaulted,Medium
L004584,C10368,Home,56700.0,10.46,2023-09-21,120,48533.36,Active,Low
L004585,C04063,Personal,53900.0,16.35,2022-03-17,12,31570.27,Active,Medium
L004586,C04975,Personal,373300.0,9.25,2024-08-07,84,190899.17,Active,Low
L004587,C03527,Auto,111200.0,12.77,2024-08-04,120,75087.44,Active,Medium
L004588,C11031,Education,96700.0,6.63,2023-07-14,60,42720.43,Closed,Low
L004589,C08641,Personal,86200.0,12.5,2025-05-13,240,8586.06,Overdue,Low
L004590,C08351,Home,263200.0,8.79,2023-07-09,24,173034.73,Overdue,Low
L004591,C06564,Education,126100.0,15.66,2024-12-16,24,103711.36,Overdue,High
L004592,C12466,Personal,242300.0,15.06,2023-09-20,120,137801.26,Active,Medium
L004593,C01085,Personal,263200.0,9.23,2023-08-27,12,225484.01,Active,Low
L004594,C09520,Education,292100.0,14.21,2024-11-30,36,152748.88,Active,Low
L004595,C08413,Home,50000.0,7.95,2025-08-29,240,26255.8,Overdue,Medium
L004596,C06304,Personal,174900.0,8.32,2024-12-26,240,136041.87,Closed,Medium
L004597,C11016,Auto,364900.0,11.34,2022-05-15,12,287241.93,Active,Low
L004598,C11409,Education,196300.0,7.96,2024-01-21,120,173824.92,Closed,Low
L004599,C11600,Personal,191700.0,10.38,2025-07-06,36,174105.97,Overdue,High
L004600,C04501,Personal,451800.0,11.24,2022-03-11,36,201100.86,Active,Low
L004601,C03735,Personal,124100.0,7.17,2022-07-08,48,113880.83,Active,Medium
L004602,C13853,Personal,50000.0,7.43,2023-02-17,12,46870.48,Active,Low
L004603,C06831,Auto,470300.0,15.78,2023-09-07,24,124355.66,Active,Medium
L004604,C06304,Auto,54000.0,10.2,2025-01-06,240,26266.32,Active,Low
L004605,C01123,Home,202400.0,16.44,2024-08-15,36,133540.58,Closed,Medium
L004606,C09231,Auto,733700.0,13.61,2022-03-21,12,138919.58,Active,Low
L004607,C02346,Home,286000.0,12.66,2025-05-23,36,192997.82,Active,Low
L004608,C06304,Business,50000.0,9.48,2024-07-04,12,34037.21,Active,Medium
L004609,C13850,Auto,164200.0,12.62,2022-03-31,12,96190.47,Active,Low
L004610,C12081,Home,50000.0,10.82,2025-11-15,48,38308.72,Overdue,Low
L004611,C13254,Home,250900.0,14.59,2023-08-13,48,22535.7,Active,Low
L004612,C09421,Auto,215000.0,7.44,2025-10-17,48,123677.43,Active,Medium
L004613,C02235,Auto,1196100.0,10.56,2025-03-26,240,1128866.43,Overdue,Medium
L004614,C06790,Personal,179100.0,13.51,2023-02-28,240,68495.14,Active,Low
L004615,C07342,Home,50000.0,13.14,2025-11-19,60,46079.54,Overdue,Medium
L004616,C07547,Home,173000.0,9.56,2024-06-23,36,30165.72,Active,High
L004617,C10161,Home,68900.0,7.71,2022-02-22,12,44364.29,Active,Medium
L004618,C11356,Home,160700.0,16.35,2025-08-31,84,53665.93,Active,Low
L004619,C07371,Personal,100500.0,14.05,2025-12-01,24,83130.93,Overdue,High
L004620,C08236,Personal,625000.0,7.0,2024-05-30,84,325769.1,Active,Medium
L004621,C12921,Home,376900.0,12.56,2022-12-24,60,235530.42,Active,Low
L004622,C07595,Home,65600.0,8.1,2022-03-30,36,35343.23,Active,Low
L004623,C11001,Home,97600.0,11.65,2023-06-12,84,55310.01,Active,Low
L004624,C01486,Personal,108400.0,15.01,2024-06-30,84,30907.05,Active,Medium
L004625,C03917,Home,220500.0,11.27,2024-12-03,24,107711.98,Closed,Low
L004626,C11566,Home,389300.0,15.83,2022-05-15,12,249721.5,Active,Low
L004627,C02239,Home,458200.0,9.99,2025-01-03,84,257069.05,Active,Low
L004628,C06554,Education,211600.0,10.46,2022-11-23,60,76832.6,Active,Low
L004629,C14773,Home,143400.0,9.63,2022-09-23,120,37473.79,Active,Low
L004630,C05442,Auto,353700.0,9.11,2024-04-20,240,155168.3,Closed,Low
L004631,C08680,Auto,178000.0,13.21,2022-04-13,12,122797.23,Active,Medium
L004632,C02208,Home,306300.0,14.12,2022-11-02,24,251128.82,Defaulted,Medium
L004633,C11598,Home,102000.0,9.96,2025-07-28,240,77319.3,Active,Low
L004634,C11051,Personal,93100.0,14.98,2023-08-15,84,20338.2,Active,Low
L004635,C07170,Home,183800.0,11.1,2023-07-22,48,94202.36,Active,Medium
L004636,C06895,Education,220400.0,10.95,2022-10-01,120,182947.55,Closed,Low
L004637,C13690,Home,50000.0,15.7,2023-08-21,60,12073.76,Active,Low
L004638,C14212,Education,68700.0,14.13,2022-05-12,12,51854.2,Active,Medium
L004639,C09484,Business,143800.0,7.96,2025-04-10,24,109350.21,Active,Low
L004640,C09426,Business,96900.0,13.09,2022-11-30,48,51660.44,Closed,Low
L004641,C03224,Personal,78400.0,14.59,2023-05-03,12,49291.29,Overdue,Low
L004642,C06175,Personal,121100.0,6.85,2025-06-19,24,104004.21,Active,Medium
L004643,C01514,Personal,181400.0,9.48,2024-11-05,12,22288.67,Closed,Medium
L004644,C11486,Auto,91700.0,13.59,2022-02-19,12,19791.09,Active,Low
L004645,C05914,Personal,188100.0,11.92,2023-01-31,120,78908.47,Active,Medium
L004646,C02871,Home,139100.0,11.2,2022-04-26,24,102321.06,Overdue,Medium
L004647,C01853,Education,89700.0,9.87,2023-04-30,48,22297.24,Overdue,Low
L004648,C14367,Business,104200.0,12.7,2022-07-06,24,48419.24,Closed,High
L004649,C14392,Home,91100.0,13.89,2024-07-20,36,78512.94,Active,Low
L004650,C04836,Personal,114900.0,11.83,2025-07-22,180,35775.44,Active,Low
L004651,C01714,Personal,116000.0,11.3,2022-12-07,36,26438.88,Active,Low
L004652,C02346,Auto,111500.0,14.05,2024-11-01,240,21021.8,Active,Low
L004653,C06917,Business,197400.0,15.48,2022-11-03,24,94968.55,Defaulted,Low
L004654,C04163,Education,366800.0,9.74,2022-01-14,60,127482.17,Closed,Medium
L004655,C03775,Home,94700.0,12.24,2023-07-30,12,17429.48,Active,Low
L004656,C13445,Home,168000.0,10.6,2024-10-08,180,51672.66,Active,Medium
L004657,C14067,Personal,156200.0,8.5,2024-03-27,240,138657.85,Closed,Medium
L004658,C12696,Auto,789500.0,7.48,2022-04-17,12,272226.48,Overdue,Low
L004659,C11221,Business,121400.0,15.95,2025-10-07,60,113003.57,Active,Low
L004660,C08969,Personal,383700.0,12.35,2024-01-31,240,329914.59,Closed,Low
L004661,C02969,Home,50000.0,8.96,2023-02-23,24,25544.23,Overdue,Low
L004662,C05731,Education,182900.0,10.77,2024-11-22,84,72711.84,Closed,Low
L004663,C09562,Home,325600.0,10.2,2023-10-27,12,247070.93,Closed,Low
L004664,C05411,Personal,436300.0,8.74,2025-12-12,36,282368.66,Active,Low
L004665,C07217,Auto,223000.0,12.27,2024-04-24,120,104394.07,Active,Low
L004666,C07103,Auto,133100.0,11.29,2024-03-29,60,107327.65,Active,Medium
L004667,C09058,Personal,148800.0,13.86,2024-07-02,60,124340.77,Closed,Low
L004668,C11868,Auto,50000.0,7.17,2025-07-17,240,38101.3,Active,Medium
L004669,C05241,Home,117100.0,7.93,2023-02-01,120,61162.93,Active,Low
L004670,C09706,Business,69800.0,8.73,2023-11-21,60,9779.66,Active,High
L004671,C14849,Home,322200.0,11.8,2022-04-16,60,226022.35,Defaulted,Low
L004672,C10025,Home,187400.0,11.06,2022-07-22,84,60489.05,Active,Low
L004673,C05091,Education,266800.0,8.98,2024-12-12,36,208843.0,Active,High
L004674,C03473,Auto,449400.0,10.75,2024-05-28,240,267965.59,Active,High
L004675,C08640,Education,370300.0,7.98,2023-03-14,240,88719.64,Active,Low
L004676,C13122,Personal,155100.0,10.25,2025-03-18,48,140466.76,Active,Low
L004677,C04726,Education,317000.0,8.57,2023-02-12,84,70608.06,Defaulted,Low
L004678,C11211,Personal,571700.0,11.13,2025-09-28,84,222646.95,Active,Low
L004679,C07624,Home,109500.0,11.69,2024-08-27,24,24815.86,Active,Medium
L004680,C07003,Home,210100.0,14.83,2025-04-28,60,111773.76,Closed,Low
L004681,C10843,Business,224300.0,7.92,2025-10-26,24,175901.37,Closed,Low
L004682,C01897,Business,266800.0,8.92,2024-09-21,36,70939.04,Active,Low
L004683,C14751,Home,237300.0,16.41,2024-09-19,84,168582.14,Active,Low
L004684,C03021,Home,172200.0,13.49,2022-02-03,36,43960.73,Overdue,Low
L004685,C01872,Home,323100.0,10.06,2023-02-05,84,141807.69,Closed,Low
L004686,C00524,Personal,70500.0,13.1,2022-04-30,12,46836.1,Overdue,Medium
L004687,C09916,Personal,86200.0,16.04,2022-05-16,48,56801.74,Active,Low
L004688,C14042,Education,105800.0,7.43,2025-05-22,24,91682.58,Closed,Medium
L004689,C08718,Personal,655200.0,11.59,2024-12-15,84,433887.88,Active,Medium
L004690,C03501,Home,328700.0,14.47,2024-04-25,12,234287.79,Active,Medium
L004691,C01504,Personal,85300.0,10.32,2024-07-03,12,8720.78,Defaulted,Low
L004692,C07241,Auto,401300.0,12.09,2022-12-04,48,140720.06,Overdue,Low
L004693,C02256,Business,337300.0,14.0,2025-10-12,84,104303.2,Active,Medium
L004694,C13634,Personal,227100.0,14.0,2023-03-23,24,104065.51,Overdue,High
L004695,C00687,Home,125700.0,9.49,2022-08-25,84,21353.54,Active,Low
L004696,C02097,Auto,176900.0,13.93,2024-02-22,36,92327.93,Closed,Low
L004697,C04465,Auto,113300.0,16.46,2025-03-03,12,77935.0,Active,Medium
L004698,C04223,Personal,670100.0,11.07,2022-04-03,12,279959.72,Active,Medium
L004699,C08167,Personal,591500.0,6.66,2023-04-18,240,291719.63,Active,Low
L004700,C10327,Home,297200.0,12.39,2025-07-23,240,90615.25,Active,Medium
L004701,C11267,Personal,168300.0,12.21,2025-12-14,36,42462.82,Active,Low
L004702,C03669,Home,106800.0,13.37,2025-10-24,60,96108.19,Active,Low
L004703,C07624,Home,348100.0,12.05,2025-04-06,12,198215.29,Closed,High
L004704,C02603,Business,50000.0,6.58,2022-10-02,12,23972.92,Defaulted,Medium
L004705,C10041,Personal,165300.0,12.1,2025-12-26,120,46220.02,Closed,Low
L004706,C02894,Education,85700.0,14.8,2024-07-27,24,17900.56,Closed,Medium
L004707,C05112,Home,50000.0,16.44,2024-02-09,120,32728.85,Defaulted,Medium
L004708,C00973,Education,90000.0,13.84,2024-11-28,12,56636.69,Closed,Medium
L004709,C11749,Auto,420100.0,13.5,2022-08-19,84,215687.53,Active,High
L004710,C05494,Home,213700.0,7.66,2023-10-13,120,90972.42,Active,Low
L004711,C09077,Auto,187800.0,8.2,2025-03-07,60,87034.53,Overdue,Low
L004712,C04247,Home,65100.0,14.98,2025-09-10,120,34371.81,Active,Low
L004713,C05968,Auto,52300.0,15.59,2023-06-24,12,20779.14,Closed,Medium
L004714,C13938,Auto,283100.0,15.38,2023-12-01,60,46706.45,Active,Medium
L004715,C03293,Home,108200.0,15.02,2022-09-19,180,48550.0,Active,High
L004716,C14479,Personal,308200.0,7.9,2022-12-21,84,214214.81,Active,Low
L004717,C09814,Auto,90500.0,15.7,2023-02-02,48,76737.13,Closed,Medium
L004718,C03671,Home,129200.0,14.94,2024-04-17,48,66775.7,Closed,Low
L004719,C05937,Personal,226300.0,11.89,2022-03-29,180,119937.14,Closed,Low
L004720,C02780,Education,257500.0,12.08,2023-02-02,24,135261.23,Defaulted,Low
L004721,C04839,Personal,50000.0,16.23,2024-01-07,24,34532.52,Active,Low
L004722,C10429,Personal,253900.0,14.77,2022-02-27,240,179117.55,Active,Low
L004723,C08987,Auto,266700.0,8.5,2024-02-17,48,101659.47,Active,Low
L004724,C10494,Home,50000.0,9.96,2022-05-18,24,37410.25,Defaulted,Low
L004725,C10114,Home,185800.0,16.18,2024-03-05,24,86693.74,Active,Medium
L004726,C04318,Home,310100.0,7.67,2022-08-03,120,160867.3,Active,High
L004727,C02073,Personal,112800.0,14.51,2022-10-24,240,74687.65,Closed,Medium
L004728,C11105,Auto,356900.0,15.84,2025-08-17,48,286695.0,Active,Medium
L004729,C06781,Business,267900.0,9.8,2022-10-22,120,140117.58,Active,Medium
L004730,C07774,Auto,50000.0,9.31,2025-03-13,36,3395.42,Active,Medium
L004731,C00525,Auto,330900.0,6.77,2022-11-10,240,299078.67,Active,Medium
L004732,C07499,Auto,221500.0,12.47,2024-12-19,48,138344.52,Active,Medium
L004733,C10459,Education,206100.0,6.51,2023-01-25,240,171753.56,Closed,Low
L004734,C13239,Personal,422200.0,10.21,2025-05-22,60,338484.96,Closed,Low
L004735,C09169,Home,376900.0,8.63,2024-11-04,240,216524.5,Active,Medium
L004736,C00764,Education,789000.0,12.79,2022-06-25,180,453396.98,Defaulted,Medium
L004737,C07977,Auto,73300.0,7.3,2023-07-11,60,45007.8,Overdue,Low
L004738,C03652,Personal,118700.0,14.28,2022-01-01,12,84755.7,Closed,Low
L004739,C07043,Personal,94900.0,10.09,2025-12-27,240,19409.07,Defaulted,Medium
L004740,C04776,Auto,186800.0,11.55,2025-09-13,36,43708.68,Closed,Low
L004741,C02713,Personal,188800.0,11.46,2023-01-24,180,176015.85,Active,Medium
L004742,C05483,Auto,515700.0,11.18,2025-06-13,84,361511.51,Active,Low
L004743,C07928,Personal,165400.0,11.77,2024-03-26,240,154971.39,Active,Medium
L004744,C06255,Business,205300.0,9.95,2023-08-10,48,21214.29,Active,Medium
L004745,C14428,Business,250600.0,10.06,2025-02-06,240,103294.62,Active,Low
L004746,C14467,Home,990500.0,10.41,2023-11-21,24,530817.37,Active,Medium
L004747,C14651,Personal,88300.0,11.6,2025-09-20,180,46609.48,Active,Low
L004748,C01711,Personal,146900.0,8.81,2023-11-30,48,41964.85,Active,Low
L004749,C11094,Personal,92700.0,13.74,2025-07-03,12,6637.07,Active,Low
L004750,C01836,Education,527200.0,15.81,2023-09-06,48,164484.53,Defaulted,Medium
L004751,C09881,Business,73600.0,16.19,2022-05-12,84,14434.63,Closed,Low
L004752,C07607,Business,374900.0,8.7,2023-02-26,60,353945.88,Defaulted,Low
L004753,C14076,Business,148200.0,11.23,2022-04-28,12,92288.36,Closed,Low
L004754,C09613,Education,257900.0,6.79,2024-01-17,48,202545.39,Active,High
L004755,C04597,Auto,254400.0,12.66,2022-05-15,120,183810.72,Active,Low
L004756,C01205,Education,172000.0,7.58,2025-09-15,180,22656.44,Active,Medium
L004757,C07787,Auto,207600.0,8.99,2024-02-23,84,50461.17,Active,Low
L004758,C01090,Home,57100.0,7.88,2025-10-28,120,29352.49,Closed,Low
L004759,C12341,Auto,188500.0,12.7,2022-11-22,84,147058.57,Active,High
L004760,C05158,Personal,150400.0,11.29,2022-01-18,120,101672.94,Active,Medium
L004761,C05725,Home,110200.0,14.19,2022-07-07,120,30469.73,Closed,Medium
L004762,C00577,Business,432400.0,9.9,2022-12-28,12,146768.62,Active,High
L004763,C00885,Personal,50000.0,15.25,2022-10-03,12,28462.78,Active,Low
L004764,C10222,Education,567900.0,8.19,2023-06-01,36,479865.37,Active,Low
L004765,C02281,Personal,50000.0,14.97,2025-06-20,240,30735.74,Closed,Medium
L004766,C06116,Business,114900.0,7.63,2022-04-01,180,61434.21,Overdue,Low
L004767,C07992,Home,401000.0,6.64,2023-01-06,180,312805.11,Active,Low
L004768,C06281,Home,227900.0,11.29,2022-03-01,24,78080.75,Overdue,Low
L004769,C00543,Auto,606700.0,10.02,2023-10-25,12,116608.65,Overdue,Medium
L004770,C12133,Education,305500.0,13.53,2022-12-18,120,162581.1,Active,Low
L004771,C01085,Auto,50000.0,16.0,2025-09-25,12,19629.84,Active,Low
L004772,C05206,Personal,113700.0,10.78,2022-05-26,84,41570.24,Defaulted,Medium
L004773,C05846,Auto,99200.0,11.01,2022-02-19,240,31971.75,Closed,Medium
L004774,C08663,Home,259900.0,8.5,2024-08-25,180,220897.22,Closed,Low
L004775,C14156,Business,126000.0,7.08,2025-02-08,24,19060.65,Active,Low
L004776,C01954,Home,50000.0,15.8,2023-10-25,36,6584.38,Active,Low
L004777,C05260,Home,299000.0,10.64,2024-08-20,180,247637.04,Active,Medium
L004778,C06314,Home,103400.0,16.14,2023-08-26,48,58214.79,Closed,Low
L004779,C10509,Personal,336900.0,8.59,2023-10-23,240,142328.52,Active,High
L004780,C04345,Personal,86000.0,12.03,2025-06-24,120,11738.43,Active,Medium
L004781,C11881,Business,50000.0,13.97,2022-10-04,36,30548.33,Closed,Low
L004782,C03167,Business,145300.0,14.62,2022-11-24,12,125233.56,Active,Low
L004783,C10687,Education,66700.0,15.07,2022-02-10,120,28778.14,Active,Low
L004784,C04024,Personal,146300.0,8.54,2024-01-24,48,116576.99,Active,Low
L004785,C08406,Education,50000.0,13.09,2022-08-30,24,15069.9,Active,Low
L004786,C08223,Business,1712800.0,14.09,2024-06-29,120,1608692.3,Active,Low
L004787,C10445,Education,203600.0,9.75,2024-02-10,180,49341.35,Active,Low
L004788,C00350,Home,50000.0,6.84,2024-09-29,120,20215.87,Active,Low
L004789,C14737,Education,55700.0,14.71,2022-01-30,24,47038.44,Closed,High
L004790,C03989,Personal,103300.0,10.87,2025-01-30,24,92881.04,Closed,Medium
L004791,C08047,Home,302900.0,13.81,2025-10-14,240,22173.4,Active,Low
L004792,C01222,Personal,52300.0,13.23,2022-10-17,36,11067.72,Overdue,Low
L004793,C01620,Home,256900.0,14.37,2023-03-03,48,128834.17,Active,Low
L004794,C08391,Home,91000.0,7.5,2022-12-08,48,10139.14,Overdue,Low
L004795,C09832,Auto,128100.0,8.54,2023-11-29,240,60903.1,Active,Medium
L004796,C08191,Business,629400.0,12.3,2023-04-11,60,45023.49,Closed,Low
L004797,C03840,Business,500600.0,11.16,2022-05-16,36,344905.75,Defaulted,Low
L004798,C02512,Auto,181200.0,15.57,2023-11-03,84,38089.87,Active,Low
L004799,C03954,Home,187300.0,12.64,2023-09-25,12,105403.55,Closed,Medium
L004800,C01218,Home,92300.0,11.11,2023-08-05,60,13581.79,Closed,Low
L004801,C07661,Education,770300.0,12.36,2022-12-14,12,592483.1,Overdue,Medium
L004802,C06158,Home,56300.0,14.85,2023-10-27,36,53238.42,Active,Low
L004803,C10388,Home,426000.0,7.17,2022-08-03,84,73697.3,Active,Low
L004804,C03452,Personal,242600.0,7.07,2025-01-20,240,95761.78,Active,Medium
L004805,C00926,Home,82100.0,13.83,2025-12-27,180,15866.63,Active,Low
L004806,C04606,Home,115600.0,16.25,2024-12-28,240,42171.99,Closed,Low
L004807,C11274,Auto,315800.0,14.59,2023-01-16,84,159360.3,Overdue,High
L004808,C13474,Home,240200.0,10.98,2022-07-16,60,147267.99,Active,Medium
L004809,C13464,Education,96600.0,12.43,2024-07-27,240,84752.64,Active,Medium
L004810,C05086,Home,50000.0,7.51,2025-12-30,36,7568.68,Overdue,Low
L004811,C13606,Personal,338200.0,7.8,2025-06-25,12,127119.08,Active,Low
L004812,C06222,Personal,76500.0,13.76,2023-01-23,48,55009.92,Defaulted,Low
L004813,C02053,Personal,257800.0,11.48,2024-08-15,60,103181.76,Active,Low
L004814,C06339,Auto,50000.0,9.04,2025-05-26,60,15456.66,Closed,Medium
L004815,C01077,Home,109900.0,11.08,2024-04-10,48,69084.48,Active,Medium
L004816,C05407,Personal,160000.0,14.13,2022-11-21,24,88767.64,Closed,Medium
L004817,C03891,Education,91100.0,15.95,2025-09-03,240,53859.52,Active,Low
L004818,C09772,Auto,269300.0,8.77,2025-12-08,60,98328.94,Active,Medium
L004819,C14234,Business,268100.0,13.54,2022-06-13,84,184437.81,Overdue,Low
L004820,C03297,Auto,87700.0,11.03,2022-07-15,240,13356.88,Overdue,High
L004821,C13970,Personal,739000.0,8.0,2025-02-27,24,200861.0,Active,Low
L004822,C14087,Home,158500.0,11.56,2022-05-22,84,102492.68,Active,Low
L004823,C14760,Education,67800.0,8.63,2025-10-02,60,30672.4,Active,Low
L004824,C09927,Education,154700.0,14.27,2022-01-19,180,31203.84,Active,Low
L004825,C04309,Home,201900.0,8.6,2024-08-01,12,114848.43,Closed,Low
L004826,C14073,Auto,347900.0,6.89,2022-11-13,36,119903.83,Active,Low
L004827,C12865,Personal,1719400.0,12.17,2024-07-04,180,1406755.4,Active,Low
L004828,C05851,Personal,50000.0,14.47,2025-12-17,240,43099.36,Active,High
L004829,C04588,Personal,82300.0,16.17,2022-06-08,48,28805.21,Active,Low
L004830,C02964,Education,146800.0,15.25,2022-07-14,12,122927.91,Active,Low
L004831,C07567,Business,113200.0,11.19,2022-12-08,180,54970.56,Active,Low
L004832,C11187,Auto,138400.0,13.47,2024-12-01,12,77947.91,Overdue,Low
L004833,C05069,Personal,246400.0,14.14,2023-06-30,12,70656.42,Active,Low
L004834,C00681,Home,182300.0,15.24,2024-08-01,180,128351.05,Active,Low
L004835,C05961,Personal,459300.0,12.34,2022-08-19,180,374524.96,Active,Medium
L004836,C02293,Personal,93100.0,16.23,2022-06-23,120,47572.08,Closed,Medium
L004837,C00529,Home,189500.0,14.97,2023-06-28,24,108167.79,Active,Low
L004838,C03813,Home,646800.0,7.56,2025-12-25,12,246488.15,Overdue,Low
L004839,C04640,Business,447500.0,9.69,2023-09-18,60,128909.21,Active,Medium
L004840,C10882,Auto,83700.0,15.07,2024-01-05,48,41846.07,Active,Medium
L004841,C00250,Auto,158100.0,7.22,2025-10-01,60,7948.44,Active,Low
L004842,C03896,Home,220100.0,8.88,2022-05-08,60,52588.24,Closed,Medium
L004843,C06930,Personal,223200.0,7.78,2024-07-24,12,162105.57,Closed,Medium
L004844,C02781,Auto,575400.0,10.33,2025-08-17,180,369131.83,Closed,Low
L004845,C02236,Education,170500.0,9.09,2022-01-25,36,117620.94,Closed,High
L004846,C07769,Education,336400.0,12.65,2025-11-02,240,49401.18,Active,Low
L004847,C09752,Education,179600.0,11.65,2022-04-06,12,60099.35,Active,Low
L004848,C13914,Home,231900.0,13.57,2025-01-29,180,208386.43,Active,High
L004849,C00727,Auto,254200.0,13.66,2025-03-10,120,13346.03,Active,Low
L004850,C04558,Auto,363900.0,15.93,2022-02-27,180,210492.51,Active,Medium
L004851,C13085,Home,133700.0,7.81,2024-01-18,84,71475.12,Closed,Medium
L004852,C03267,Home,159300.0,10.82,2024-03-04,36,132625.76,Active,Low
L004853,C02016,Personal,114300.0,9.91,2023-05-10,36,93852.67,Closed,Low
L004854,C10882,Personal,245100.0,7.81,2024-02-12,84,151409.89,Active,Medium
L004855,C14126,Home,118300.0,11.72,2025-09-09,60,49454.33,Overdue,Low
L004856,C09440,Auto,90200.0,12.04,2022-06-11,12,51943.34,Closed,Medium
L004857,C07887,Business,323500.0,8.29,2022-12-18,120,261164.57,Active,Medium
L004858,C00221,Personal,222800.0,12.61,2023-06-09,120,37008.5,Active,Low
L004859,C05682,Personal,112700.0,11.19,2025-01-15,180,13724.53,Active,Medium
L004860,C04619,Home,614800.0,12.93,2022-10-06,48,479824.47,Active,Low
L004861,C01353,Home,97500.0,13.41,2022-05-01,240,74032.29,Active,Medium
L004862,C03542,Education,2005000.0,14.24,2023-03-23,60,611668.91,Active,Low
L004863,C07198,Home,71700.0,7.16,2022-10-16,60,4145.34,Active,High
L004864,C10504,Personal,136400.0,10.36,2022-03-16,36,127182.42,Active,Low
L004865,C01832,Business,283300.0,7.37,2025-06-22,60,248446.62,Active,High
L004866,C12751,Personal,307800.0,14.62,2024-04-27,36,228446.7,Active,Medium
L004867,C00246,Home,533800.0,16.32,2024-07-28,12,346299.2,Active,Low
L004868,C02521,Auto,416200.0,15.49,2022-08-30,240,342902.78,Active,Medium
L004869,C10248,Auto,112900.0,11.21,2022-06-05,240,48400.15,Closed,High
L004870,C05119,Business,343400.0,8.67,2022-12-15,24,281899.58,Active,Low
L004871,C04101,Home,60000.0,6.88,2023-10-02,240,18445.64,Active,Medium
L004872,C01827,Personal,256300.0,10.2,2024-09-07,240,143299.27,Active,Medium
L004873,C13120,Auto,121100.0,8.83,2024-09-24,60,10276.97,Active,High
L004874,C03004,Business,76900.0,13.48,2024-05-12,36,62658.42,Active,Low
L004875,C13410,Home,87100.0,12.26,2025-01-18,24,60740.02,Active,Low
L004876,C01796,Education,84600.0,13.23,2024-02-21,12,35707.89,Active,Low
L004877,C04576,Auto,50000.0,13.66,2022-04-12,36,3518.16,Active,Medium
L004878,C13895,Personal,122800.0,6.67,2025-12-31,24,69000.73,Active,High
L004879,C02709,Personal,179500.0,11.53,2025-04-14,240,147193.48,Overdue,Medium
L004880,C11473,Auto,246500.0,8.26,2025-09-22,120,171623.35,Active,Low
L004881,C13776,Business,113200.0,8.63,2024-03-24,120,61492.23,Active,Medium
L004882,C12515,Personal,261000.0,10.53,2025-02-17,12,40655.2,Active,Low
L004883,C00934,Home,58500.0,13.16,2022-08-23,180,38648.07,Active,Low
L004884,C12607,Personal,99800.0,13.91,2025-12-13,36,81601.51,Active,Low
L004885,C02593,Auto,82000.0,15.24,2025-10-03,24,59992.76,Active,Low
L004886,C05258,Auto,264300.0,6.95,2022-01-19,120,45069.72,Active,Medium
L004887,C02584,Personal,307300.0,12.82,2023-09-07,84,67750.93,Overdue,Low
L004888,C07821,Business,793500.0,15.3,2022-03-03,120,111842.05,Active,Medium
L004889,C13984,Personal,168000.0,10.35,2024-01-03,48,141541.0,Active,Low
L004890,C14118,Home,50000.0,10.52,2023-07-24,60,37758.28,Closed,Low
L004891,C03209,Auto,72700.0,9.1,2025-09-10,36,46159.13,Active,Low
L004892,C05714,Personal,288700.0,7.29,2024-01-19,12,197671.56,Active,Low
L004893,C11129,Personal,449300.0,8.19,2022-12-03,36,251635.27,Active,Medium
L004894,C04954,Personal,158000.0,12.81,2023-02-10,84,21908.09,Closed,Medium
L004895,C09870,Home,250300.0,14.06,2025-11-23,240,161572.46,Closed,High
L004896,C03186,Personal,590700.0,14.19,2023-04-28,240,105840.28,Active,Low
L004897,C04760,Home,109800.0,16.4,2024-10-17,24,100995.68,Closed,Low
L004898,C00745,Auto,108100.0,14.05,2022-06-14,120,14456.28,Closed,Medium
L004899,C02182,Personal,190600.0,13.97,2024-05-11,180,157709.28,Overdue,Low
L004900,C07315,Home,106500.0,9.74,2022-10-27,48,10388.0,Closed,High
L004901,C10293,Business,312800.0,12.22,2023-12-03,36,136594.31,Defaulted,Medium
L004902,C04188,Home,392500.0,15.7,2024-02-10,48,328325.46,Overdue,Medium
L004903,C06678,Home,50000.0,6.99,2025-12-05,84,11368.3,Closed,High
L004904,C14241,Personal,50000.0,9.16,2025-10-28,12,23172.99,Active,Low
L004905,C07991,Personal,95600.0,13.36,2025-08-25,36,26127.04,Overdue,Medium
L004906,C05284,Home,50000.0,10.56,2024-05-01,180,33018.67,Active,Low
L004907,C03044,Personal,114000.0,6.98,2023-01-08,60,47077.35,Overdue,Medium
L004908,C02469,Auto,109800.0,13.98,2024-03-20,12,72624.66,Active,Medium
L004909,C04689,Education,67800.0,8.6,2024-08-06,12,56742.18,Active,Low
L004910,C05255,Home,528300.0,14.67,2022-03-03,84,355213.99,Closed,Low
L004911,C00296,Home,128100.0,14.53,2023-02-13,180,91596.52,Active,Low
L004912,C12119,Auto,126500.0,9.55,2022-11-09,180,89897.13,Defaulted,Low
L004913,C08253,Business,675700.0,6.7,2025-10-30,12,231302.0,Active,Low
L004914,C07598,Home,50000.0,6.62,2025-01-09,12,28774.32,Active,Low
L004915,C09536,Personal,136600.0,13.59,2022-09-16,84,17379.52,Active,Medium
L004916,C12937,Home,337000.0,10.68,2024-10-28,240,32025.57,Active,Low
L004917,C02167,Home,271000.0,9.08,2023-09-20,60,180827.62,Active,Low
L004918,C13508,Business,126500.0,10.12,2024-03-15,84,41641.26,Active,Medium
L004919,C05026,Business,285000.0,13.9,2022-07-31,180,247246.1,Active,Medium
L004920,C11328,Home,326500.0,7.06,2025-09-17,48,70761.33,Closed,Medium
L004921,C14647,Auto,184000.0,15.85,2024-01-10,180,58360.15,Active,Medium
L004922,C06240,Personal,163300.0,11.2,2024-12-09,24,101203.91,Active,High
L004923,C05942,Personal,50000.0,11.26,2025-05-18,120,9906.81,Active,Medium
L004924,C08834,Personal,185900.0,12.58,2022-12-14,24,66104.58,Active,Low
L004925,C09773,Personal,149600.0,10.59,2025-07-31,84,40486.82,Overdue,Medium
L004926,C14772,Home,50000.0,11.14,2024-07-11,240,36170.72,Active,Low
L004927,C00437,Auto,50000.0,15.79,2023-08-15,36,25558.67,Active,High
L004928,C07627,Auto,63800.0,13.14,2022-09-06,24,51786.61,Active,Medium
L004929,C06702,Auto,141500.0,13.41,2025-06-09,48,58097.86,Active,Low
L004930,C03632,Auto,131400.0,11.05,2022-07-11,180,107501.92,Overdue,Medium
L004931,C04563,Education,94800.0,14.79,2024-08-06,240,18760.13,Active,Low
L004932,C13749,Personal,110200.0,14.71,2022-01-07,60,51899.97,Active,Low
L004933,C11460,Auto,675400.0,10.06,2024-07-01,84,335980.2,Closed,Low
L004934,C10150,Auto,735700.0,16.4,2023-02-04,12,108411.61,Active,Medium
L004935,C07888,Home,316100.0,9.24,2022-01-12,84,166479.62,Overdue,Medium
L004936,C07826,Home,214900.0,8.36,2025-08-09,12,74626.18,Active,Low
L004937,C08192,Education,169200.0,9.31,2023-06-13,36,34470.81,Active,Low
L004938,C04525,Auto,92900.0,13.88,2022-11-23,180,57633.75,Active,Low
L004939,C06056,Home,130700.0,6.6,2023-11-06,84,55455.13,Active,Low
L004940,C09428,Personal,493000.0,15.52,2022-06-22,120,88910.77,Active,Low
L004941,C06697,Personal,102700.0,13.78,2022-10-08,48,8735.13,Active,High
L004942,C03197,Personal,336900.0,15.14,2024-07-14,12,246617.35,Overdue,Low
L004943,C02439,Home,50000.0,9.84,2025-11-10,240,13611.91,Closed,Medium
L004944,C07045,Auto,122200.0,9.69,2023-04-08,36,77199.1,Overdue,Low
L004945,C05573,Business,134400.0,14.92,2025-11-28,120,43419.23,Overdue,Low
L004946,C08746,Home,427100.0,14.49,2023-04-30,180,87040.12,Active,Low
L004947,C00377,Personal,187600.0,9.32,2023-08-18,180,18183.43,Active,Low
L004948,C08818,Home,516200.0,16.23,2022-08-30,180,479048.66,Active,Medium
L004949,C03626,Personal,336300.0,9.51,2022-06-06,12,50469.78,Active,Low
L004950,C02686,Home,143300.0,8.23,2025-12-16,84,44699.87,Active,Low
L004951,C09374,Home,215200.0,12.95,2022-03-21,36,36476.43,Active,Low
L004952,C07981,Business,269500.0,8.09,2024-09-09,180,17172.71,Closed,Low
L004953,C02343,Home,277800.0,11.95,2024-06-23,180,178977.77,Active,Medium
L004954,C08076,Education,66900.0,14.76,2023-11-17,12,6156.41,Active,Low
L004955,C07332,Auto,188400.0,14.9,2025-10-08,60,140638.06,Active,High
L004956,C01149,Home,277600.0,7.75,2023-02-05,60,62947.66,Active,Low
L004957,C06029,Personal,142500.0,16.21,2025-06-28,24,51775.26,Active,Low
L004958,C13686,Personal,501900.0,6.5,2022-11-16,36,350736.39,Active,Low
L004959,C04078,Personal,50000.0,9.45,2025-01-30,180,43825.75,Overdue,Low
L004960,C11089,Auto,206800.0,6.9,2023-12-24,12,12647.37,Closed,Low
L004961,C09192,Personal,102900.0,12.74,2025-08-25,24,45844.48,Overdue,Low
L004962,C12518,Personal,271700.0,6.76,2023-10-12,120,220411.2,Active,Low
L004963,C07996,Auto,203700.0,15.42,2025-04-22,48,119200.53,Active,Low
L004964,C01137,Home,107000.0,8.36,2024-12-15,36,31186.57,Active,Medium
L004965,C11894,Education,725900.0,9.83,2022-09-27,48,492637.41,Closed,High
L004966,C07085,Home,82900.0,15.78,2023-03-28,240,78681.24,Active,Medium
L004967,C02087,Auto,50000.0,6.68,2025-12-15,36,20915.44,Overdue,Medium
L004968,C00476,Education,533900.0,9.1,2024-10-08,24,492287.47,Closed,Low
L004969,C06576,Home,185400.0,14.56,2024-02-08,240,99253.6,Active,Low
L004970,C09133,Home,120000.0,12.09,2024-04-24,60,29985.72,Active,Low
L004971,C13470,Personal,191900.0,8.24,2023-04-25,48,143343.33,Closed,Low
L004972,C08565,Home,50000.0,13.01,2023-03-24,48,33394.63,Active,Low
L004973,C02787,Business,50000.0,13.85,2025-05-10,36,39980.88,Closed,Low
L004974,C11658,Home,136800.0,11.44,2022-11-03,120,53217.26,Overdue,Low
L004975,C00810,Home,310600.0,11.82,2023-03-29,180,80069.48,Closed,Medium
L004976,C14933,Auto,94700.0,10.8,2025-08-03,120,15362.68,Closed,Medium
L004977,C06677,Education,580900.0,11.7,2022-07-26,84,258492.05,Active,Medium
L004978,C00274,Home,226800.0,15.99,2022-08-31,240,214215.23,Active,Low
L004979,C05972,Home,144800.0,13.96,2024-11-23,48,93485.73,Closed,Low
L004980,C02433,Personal,158400.0,6.95,2025-05-16,24,58304.69,Closed,Low
L004981,C08265,Auto,129900.0,12.93,2024-10-02,12,85071.38,Active,Medium
L004982,C11463,Personal,85400.0,13.95,2024-04-05,24,43689.51,Active,Low
L004983,C00904,Business,288500.0,12.31,2023-05-26,180,201737.34,Active,Low
L004984,C14142,Business,354400.0,11.44,2023-09-12,240,252299.73,Closed,Medium
L004985,C00570,Home,122400.0,11.83,2022-10-05,180,64457.3,Active,Low
L004986,C13732,Business,704200.0,9.88,2023-01-15,180,93402.23,Closed,Low
L004987,C09679,Home,50000.0,11.24,2022-09-14,84,8842.51,Active,Medium
L004988,C02328,Auto,222400.0,13.68,2024-05-27,84,73287.98,Active,Low
L004989,C08832,Home,133500.0,13.76,2025-01-21,240,19115.62,Active,Low
L004990,C04149,Personal,150700.0,12.14,2025-01-30,48,80995.0,Closed,Low
L004991,C00860,Home,172400.0,13.01,2023-03-28,48,39809.31,Overdue,Low
L004992,C07357,Home,194900.0,15.57,2024-05-29,180,170453.78,Active,Medium
L004993,C07073,Home,129700.0,8.62,2022-01-08,36,90969.03,Active,Low
L004994,C06565,Personal,131900.0,15.14,2024-04-27,24,57846.95,Closed,Low
L004995,C07377,Home,160000.0,11.11,2022-10-27,48,146743.78,Active,Low
L004996,C01702,Personal,200000.0,16.23,2025-03-17,36,52866.49,Active,Low
L004997,C13943,Auto,130200.0,7.52,2024-08-04,120,34042.28,Active,Low
L004998,C02159,Home,114800.0,8.08,2022-02-21,60,91832.28,Active,Low
L004999,C14360,Auto,175300.0,16.39,2022-08-21,36,141638.36,Defaulted,Low
L005000,C09982,Personal,112500.0,15.73,2022-09-29,24,35607.68,Active,Low
L005001,C14833,Business,50000.0,13.0,2025-11-07,84,38051.22,Overdue,High
L005002,C11714,Business,140000.0,14.42,2022-11-26,60,118929.73,Overdue,Low
L005003,C03044,Home,600100.0,15.01,2024-06-06,84,253377.8,Active,High
L005004,C12764,Education,73900.0,7.11,2023-10-17,12,50692.57,Closed,Low
L005005,C01289,Home,156300.0,11.99,2023-07-18,180,61514.6,Overdue,Low
L005006,C00997,Home,329100.0,14.25,2022-05-26,48,82086.11,Active,Low
L005007,C06676,Personal,236600.0,9.95,2023-04-13,48,25978.01,Active,Medium
L005008,C01660,Business,107600.0,10.31,2022-06-25,36,97134.84,Active,Low
L005009,C00364,Personal,68700.0,8.02,2022-06-25,48,52304.1,Active,Low
L005010,C11934,Personal,162800.0,12.25,2024-04-24,12,35394.73,Overdue,Medium
L005011,C01692,Auto,177500.0,15.0,2024-02-26,48,100698.47,Closed,Medium
L005012,C02525,Personal,235500.0,13.06,2022-01-30,120,145535.38,Active,Low
L005013,C02556,Home,123700.0,10.07,2022-07-18,84,11956.0,Defaulted,Medium
L005014,C12338,Personal,97900.0,9.98,2025-04-11,60,5500.13,Active,Medium
L005015,C06471,Education,145400.0,14.39,2023-07-27,120,26421.43,Active,Low
L005016,C07210,Business,137100.0,14.01,2025-07-18,12,42365.81,Overdue,Low
L005017,C07675,Auto,69500.0,10.97,2022-10-18,240,44492.49,Defaulted,Low
L005018,C04794,Home,50000.0,10.97,2022-12-03,24,32570.85,Closed,High
L005019,C05324,Auto,416300.0,14.62,2023-06-26,240,85749.73,Closed,Medium
L005020,C07995,Personal,279600.0,12.32,2024-03-02,48,21026.03,Active,Medium
L005021,C14861,Auto,179100.0,9.34,2024-09-20,60,26795.47,Active,Low
L005022,C08183,Home,102500.0,14.58,2023-06-06,48,78436.44,Closed,Medium
L005023,C07761,Personal,127200.0,8.84,2022-06-18,240,76194.71,Active,Medium
L005024,C14625,Business,158300.0,8.4,2023-01-24,48,36363.51,Closed,High
L005025,C06933,Personal,88000.0,10.46,2023-12-15,12,51958.08,Active,Low
L005026,C07563,Auto,173500.0,14.36,2022-04-19,12,78651.7,Active,Low
L005027,C11882,Home,209800.0,11.35,2023-06-04,48,144328.0,Active,Medium
L005028,C08163,Home,76300.0,14.79,2023-08-24,36,28677.97,Active,Low
L005029,C12638,Home,361000.0,9.09,2023-11-14,60,274587.99,Closed,Low
L005030,C09222,Business,122900.0,7.03,2022-05-11,60,97839.92,Active,Medium
L005031,C03904,Business,166800.0,10.03,2023-09-07,120,115017.45,Overdue,Low
L005032,C12434,Personal,123500.0,10.46,2022-01-23,24,102807.97,Closed,Medium
L005033,C14398,Home,85300.0,9.82,2023-09-01,36,41821.9,Active,High
L005034,C03187,Home,366300.0,12.38,2025-11-15,48,104492.65,Overdue,Low
L005035,C07314,Personal,50000.0,13.6,2024-03-23,240,31491.74,Active,Low
L005036,C08665,Business,94500.0,13.31,2024-05-03,120,66422.65,Active,Medium
L005037,C01205,Business,307600.0,14.49,2023-08-04,24,283996.97,Overdue,Medium
L005038,C09723,Business,50000.0,12.37,2024-06-19,120,25993.34,Active,Low
L005039,C00795,Home,87600.0,14.66,2024-09-08,48,43273.38,Active,Low
L005040,C04628,Auto,249400.0,13.98,2022-01-05,24,178043.76,Active,High
L005041,C05365,Auto,198000.0,8.41,2025-11-24,36,175227.66,Active,Medium
L005042,C10119,Personal,93600.0,12.56,2025-10-13,36,87777.55,Active,Medium
L005043,C06656,Education,58900.0,14.01,2022-12-03,240,8637.01,Active,Low
L005044,C12928,Business,127700.0,8.38,2024-04-04,12,120813.25,Defaulted,Low
L005045,C03258,Personal,186800.0,11.42,2023-12-03,48,76691.68,Active,Medium
L005046,C13509,Home,102500.0,13.11,2022-12-09,120,8914.5,Active,Low
L005047,C13221,Personal,297000.0,16.2,2023-03-27,24,119519.12,Active,Low
L005048,C07446,Education,260300.0,10.43,2025-10-08,240,160121.86,Defaulted,Low
L005049,C07161,Education,321000.0,13.13,2022-02-07,240,73412.28,Defaulted,Low
L005050,C13491,Education,57700.0,13.46,2024-03-20,84,35495.07,Active,Low
L005051,C02405,Education,129700.0,11.4,2023-06-27,84,77233.91,Active,Low
L005052,C14735,Business,102300.0,8.04,2023-11-20,240,65072.51,Closed,Low
L005053,C14266,Auto,68500.0,10.9,2023-10-09,180,54088.72,Closed,Low
L005054,C13305,Home,159900.0,14.42,2025-11-22,120,118699.95,Active,Medium
L005055,C06135,Auto,51300.0,13.53,2025-05-30,84,45456.82,Active,Medium
L005056,C04744,Education,336300.0,11.7,2022-01-17,12,281810.77,Active,Low
L005057,C14234,Home,179300.0,10.14,2023-07-11,240,38281.07,Active,Medium
L005058,C03611,Personal,303600.0,7.18,2025-08-19,84,38513.1,Closed,Low
L005059,C08321,Home,50000.0,7.44,2025-11-13,180,44900.29,Overdue,Low
L005060,C06590,Home,167900.0,11.76,2022-07-18,12,139117.42,Active,High
L005061,C00811,Business,298100.0,12.43,2025-06-10,120,101363.53,Active,High
L005062,C05343,Home,288900.0,12.97,2025-07-03,36,256037.2,Active,Medium
L005063,C08366,Business,237500.0,8.97,2024-03-11,60,23120.54,Active,Low
L005064,C11200,Personal,50000.0,8.23,2023-08-08,12,25358.14,Closed,Low
L005065,C07308,Education,96700.0,6.89,2025-03-01,84,42363.87,Active,Low
L005066,C13014,Home,168200.0,13.75,2023-06-07,24,152933.2,Active,Medium
L005067,C12680,Personal,330700.0,16.34,2025-09-29,12,81125.3,Active,Low
L005068,C01804,Home,265700.0,9.44,2023-05-14,120,215346.26,Active,Medium
L005069,C01045,Business,87000.0,13.9,2025-09-07,48,8433.5,Overdue,Low
L005070,C02383,Education,101600.0,7.5,2024-10-14,24,7278.81,Closed,Low
L005071,C08171,Personal,114200.0,15.21,2023-09-14,48,28595.1,Active,Medium
L005072,C04534,Auto,375600.0,9.75,2022-07-26,36,42192.69,Active,Low
L005073,C11808,Personal,135600.0,9.55,2024-06-17,24,53618.71,Closed,Low
L005074,C14721,Home,92300.0,9.83,2022-10-06,36,69946.87,Closed,Medium
L005075,C13695,Personal,164200.0,15.25,2022-11-04,84,76617.83,Active,High
L005076,C14620,Personal,120800.0,15.82,2023-07-02,180,51378.13,Active,Low
L005077,C13830,Home,60800.0,10.95,2024-03-09,48,23402.47,Active,Low
L005078,C11558,Home,50000.0,12.8,2024-10-14,24,31127.91,Active,Low
L005079,C00402,Personal,123700.0,13.56,2025-09-08,24,95843.34,Active,High
L005080,C06393,Auto,386600.0,11.21,2023-07-28,180,176167.77,Overdue,Medium
L005081,C07857,Education,308300.0,8.8,2025-07-12,84,56046.5,Active,Medium
L005082,C05045,Auto,75100.0,8.78,2022-06-27,60,13243.55,Active,Low
L005083,C13181,Education,281000.0,12.66,2023-06-20,84,179022.05,Active,Low
L005084,C14942,Home,50000.0,6.74,2025-03-05,12,39765.14,Active,High
L005085,C12258,Home,310600.0,10.44,2023-03-12,60,117884.07,Active,Low
L005086,C05658,Personal,245400.0,10.34,2023-07-07,48,208490.15,Active,Medium
L005087,C12922,Home,140300.0,11.5,2022-07-22,84,83309.35,Active,Medium
L005088,C12422,Home,267400.0,13.12,2023-06-10,48,227738.44,Active,Medium
L005089,C07271,Home,121200.0,8.03,2024-05-19,84,26592.86,Overdue,Low
L005090,C06498,Education,230700.0,9.28,2025-09-22,48,204254.83,Overdue,Medium
L005091,C08636,Home,77000.0,10.27,2022-05-09,48,65113.68,Active,Medium
L005092,C11824,Home,66600.0,12.4,2023-08-08,12,24277.92,Active,Low
L005093,C12412,Personal,503300.0,11.09,2024-06-06,24,77304.42,Active,Low
L005094,C09980,Home,279500.0,12.1,2023-02-12,24,122066.22,Closed,Low
L005095,C13285,Auto,359800.0,8.35,2022-09-15,120,191544.02,Closed,Low
L005096,C11118,Personal,115200.0,8.87,2024-10-31,84,42050.22,Active,Low
L005097,C00208,Home,349200.0,15.67,2025-11-02,36,153181.89,Defaulted,Medium
L005098,C09080,Home,121600.0,16.27,2023-02-09,60,112828.3,Closed,Medium
L005099,C02579,Personal,117800.0,9.79,2023-12-18,120,86270.47,Active,Low
L005100,C03042,Auto,328300.0,10.79,2024-09-26,36,149411.21,Overdue,Medium
L005101,C01722,Auto,153100.0,8.85,2025-09-17,36,91480.1,Overdue,Medium
L005102,C08572,Auto,50000.0,7.35,2023-12-21,240,22709.08,Active,Low
L005103,C13500,Business,50000.0,9.7,2024-12-01,180,2730.07,Active,Low
L005104,C07593,Auto,449000.0,7.92,2025-05-26,12,192313.26,Closed,Low
L005105,C05117,Auto,719700.0,7.58,2025-02-12,240,408742.55,Active,Medium
L005106,C06763,Personal,635700.0,7.09,2025-04-19,84,389097.38,Active,Low
L005107,C03538,Home,63600.0,7.15,2023-08-03,24,13899.89,Overdue,High
L005108,C06755,Education,266500.0,14.89,2024-02-08,36,180800.66,Active,Medium
L005109,C07297,Home,135300.0,13.53,2025-08-17,12,119621.67,Active,Low
L005110,C00754,Business,94100.0,13.03,2023-06-26,60,59333.64,Active,Low
L005111,C12663,Business,111100.0,8.35,2023-02-22,60,97427.93,Active,Medium
L005112,C12747,Home,123100.0,12.77,2022-02-14,84,64385.69,Active,High
L005113,C00768,Personal,149800.0,13.24,2023-07-13,84,125676.01,Active,Medium
L005114,C12432,Personal,124500.0,14.03,2023-12-18,180,80072.27,Closed,Medium
L005115,C13415,Business,55600.0,9.49,2024-05-06,24,16880.74,Active,Low
L005116,C13439,Auto,66900.0,9.1,2024-03-19,240,40613.24,Active,Medium
L005117,C05792,Auto,139500.0,11.07,2022-10-08,180,97207.69,Active,Low
L005118,C01362,Home,151700.0,11.34,2025-03-08,12,86625.04,Active,Low
L005119,C02873,Personal,155400.0,13.01,2025-10-14,180,57676.36,Closed,Low
L005120,C01626,Home,91900.0,14.07,2023-06-16,84,52334.61,Active,Medium
L005121,C11172,Business,132300.0,13.83,2024-01-26,48,38113.62,Closed,Medium
L005122,C01889,Personal,127600.0,8.12,2023-07-28,60,66533.12,Active,Low
L005123,C07581,Personal,54100.0,11.41,2025-03-23,48,33493.89,Active,Medium
L005124,C03631,Home,152300.0,15.96,2025-08-06,180,102981.95,Active,Medium
L005125,C03160,Home,101100.0,14.64,2024-03-16,60,13364.75,Active,Low
L005126,C13343,Personal,104600.0,11.29,2022-09-09,240,71696.7,Active,Low
L005127,C00641,Home,208100.0,9.32,2025-07-19,120,124901.63,Active,Low
L005128,C00962,Personal,228100.0,13.67,2023-01-08,84,209083.57,Active,Medium
L005129,C01804,Personal,189600.0,11.48,2024-09-25,24,13364.3,Active,Medium
L005130,C07296,Education,90600.0,15.52,2025-10-15,24,4694.36,Closed,Low
L005131,C13208,Personal,242800.0,9.89,2022-04-22,12,63773.11,Active,Medium
L005132,C10717,Home,353600.0,13.71,2025-09-29,24,259022.28,Active,Medium
L005133,C09918,Personal,364400.0,11.14,2022-09-15,48,148959.55,Active,Low
L005134,C00913,Personal,475900.0,16.06,2022-06-26,84,60644.61,Active,Low
L005135,C03338,Personal,108100.0,16.2,2023-05-22,180,87530.61,Closed,Low
L005136,C11712,Home,918500.0,10.62,2022-11-08,84,657996.69,Active,High
L005137,C06278,Personal,98400.0,7.92,2024-02-14,36,81960.57,Active,Low
L005138,C11320,Home,607100.0,14.71,2024-07-22,180,107020.92,Active,High
L005139,C00331,Personal,67200.0,7.54,2025-07-10,12,28494.57,Closed,Medium
L005140,C09259,Home,215300.0,11.46,2023-04-09,84,141352.97,Active,Low
L005141,C12501,Personal,161900.0,10.26,2022-01-21,24,99074.8,Active,Low
L005142,C03887,Personal,58900.0,13.46,2022-05-05,60,22625.36,Overdue,Medium
L005143,C07669,Auto,432800.0,7.15,2022-11-07,180,302855.35,Overdue,Medium
L005144,C14447,Auto,72100.0,15.93,2025-12-18,60,68459.76,Active,Low
L005145,C12547,Auto,200200.0,15.07,2024-04-22,120,24925.77,Active,Medium
L005146,C12264,Education,365000.0,8.36,2022-05-04,240,89881.87,Active,Medium
L005147,C03069,Business,234800.0,14.06,2023-03-01,240,60751.91,Defaulted,Low
L005148,C07559,Home,424900.0,16.29,2025-12-06,12,24244.95,Active,Medium
L005149,C13456,Personal,109400.0,13.47,2023-08-11,36,52447.5,Overdue,Low
L005150,C04963,Personal,207400.0,9.71,2023-02-09,84,152044.07,Active,High
L005151,C07344,Auto,224700.0,14.35,2022-09-17,60,36707.36,Active,Low
L005152,C11272,Personal,330100.0,8.82,2023-03-09,36,127723.07,Closed,Low
L005153,C06918,Personal,136000.0,11.13,2025-01-02,180,36640.4,Active,High
L005154,C01451,Personal,354800.0,7.56,2025-12-02,60,286587.59,Active,High
L005155,C00090,Home,50000.0,10.36,2023-12-12,24,19306.18,Active,Low
L005156,C12159,Education,66900.0,8.92,2025-06-29,12,22883.16,Active,Low
L005157,C09088,Personal,72500.0,15.9,2022-06-15,12,35529.24,Closed,Low
L005158,C07834,Home,211200.0,10.38,2024-08-20,48,90029.71,Active,Low
L005159,C11518,Personal,248300.0,7.18,2022-11-06,60,43014.25,Overdue,Low
L005160,C01806,Home,140000.0,16.3,2025-10-29,12,74800.78,Active,Low
L005161,C12370,Auto,284300.0,8.29,2025-02-13,24,243892.25,Active,Low
L005162,C01750,Home,95900.0,13.79,2023-10-01,60,67784.74,Active,Low
L005163,C02657,Home,178200.0,11.95,2025-09-17,24,63761.99,Defaulted,Low
L005164,C03342,Business,931200.0,9.01,2024-11-25,120,572729.04,Active,Medium
L005165,C13319,Auto,102800.0,15.95,2024-07-12,84,41100.42,Active,Low
L005166,C01061,Business,106600.0,10.66,2024-04-01,60,95615.12,Overdue,Low
L005167,C12849,Auto,186400.0,8.95,2024-02-09,240,99710.98,Active,Medium
L005168,C07642,Auto,97800.0,13.74,2022-09-17,84,61677.71,Active,High
L005169,C08080,Home,300200.0,12.79,2023-02-15,24,34691.19,Active,Medium
L005170,C08875,Home,212400.0,13.33,2023-10-13,120,43237.12,Closed,High
L005171,C12300,Education,81300.0,14.68,2022-09-08,60,70745.18,Active,Low
L005172,C05746,Education,50000.0,8.74,2023-03-29,60,34122.26,Active,Low
L005173,C03455,Education,164000.0,7.95,2022-09-09,48,46776.32,Closed,Medium
L005174,C12916,Home,1217700.0,6.56,2023-04-10,120,822386.85,Active,Low
L005175,C10853,Personal,93500.0,6.59,2025-06-20,12,69197.49,Closed,Low
L005176,C01041,Education,70500.0,12.29,2022-12-05,60,44191.14,Closed,Low
L005177,C06192,Education,163700.0,8.66,2022-06-08,12,63901.8,Closed,Medium
L005178,C08557,Home,1121700.0,10.99,2024-05-19,120,764812.76,Active,Medium
L005179,C05143,Home,490000.0,12.42,2025-01-10,48,60974.55,Active,High
L005180,C08278,Business,206300.0,8.71,2025-10-13,60,19501.53,Overdue,Medium
L005181,C14294,Personal,207600.0,7.16,2024-09-08,48,173224.16,Active,Low
L005182,C13047,Auto,50200.0,14.43,2023-06-24,36,5862.47,Active,Low
L005183,C06529,Personal,209800.0,10.28,2025-02-01,36,29106.12,Active,Low
L005184,C12555,Auto,84900.0,8.11,2023-11-05,240,18309.26,Active,Low
L005185,C12856,Auto,86800.0,11.56,2024-11-10,12,39591.06,Active,Low
L005186,C13815,Personal,139400.0,15.77,2025-04-30,240,124541.61,Defaulted,Low
L005187,C04500,Auto,67900.0,6.86,2022-06-22,60,42169.68,Overdue,Low
L005188,C12835,Personal,70900.0,15.78,2024-08-02,12,44653.65,Active,Low
L005189,C13008,Home,259300.0,10.75,2022-07-18,12,48748.07,Active,Low
L005190,C14637,Personal,458900.0,13.14,2025-03-08,36,304553.56,Active,Medium
L005191,C04055,Education,152400.0,14.38,2022-06-01,180,120263.36,Active,Low
L005192,C01095,Personal,386600.0,10.37,2024-10-26,48,342208.24,Active,Medium
L005193,C03906,Education,391800.0,12.11,2023-07-10,24,148166.4,Active,Low
L005194,C09342,Personal,176600.0,7.47,2022-01-29,84,105924.86,Closed,Medium
L005195,C07253,Home,1151300.0,12.93,2024-07-27,36,310221.4,Active,High
L005196,C04516,Personal,83700.0,9.2,2022-07-27,180,36962.96,Active,Low
L005197,C11451,Personal,97200.0,11.85,2022-11-24,24,39392.76,Active,Low
L005198,C00278,Education,115700.0,13.68,2025-02-17,48,56813.86,Closed,Low
L005199,C03038,Personal,140900.0,13.16,2022-07-12,36,18157.18,Overdue,Low
L005200,C00531,Home,211100.0,11.24,2025-04-07,48,185164.05,Active,Low
L005201,C03983,Business,267000.0,16.3,2022-05-11,84,113116.92,Active,Low
L005202,C08846,Auto,224300.0,12.33,2025-03-21,120,192236.18,Closed,Low
L005203,C05575,Education,136700.0,6.98,2025-10-10,60,21537.97,Closed,Low
L005204,C07527,Education,404100.0,8.34,2024-06-26,120,149366.51,Active,Medium
L005205,C01184,Personal,396300.0,15.11,2024-08-22,48,20205.81,Closed,Low
L005206,C01668,Personal,123700.0,11.75,2022-02-10,24,11960.1,Active,Low
L005207,C01806,Auto,231200.0,12.63,2022-11-05,240,164695.88,Overdue,Medium
L005208,C07778,Home,81200.0,16.29,2024-03-29,48,75646.42,Active,Low
L005209,C04161,Business,855400.0,9.0,2022-01-13,240,69380.15,Active,High
L005210,C03503,Auto,705400.0,9.45,2025-07-14,12,128369.92,Active,Low
L005211,C12222,Home,69100.0,15.97,2024-10-03,48,46301.95,Active,Low
L005212,C08193,Home,50000.0,8.35,2024-12-10,120,8489.58,Active,Low
L005213,C09319,Home,176100.0,7.56,2025-09-04,48,39045.69,Active,Medium
L005214,C10563,Home,87400.0,8.56,2024-01-27,180,11941.49,Active,Medium
L005215,C00986,Personal,50000.0,10.0,2024-11-15,24,41531.91,Active,Low
L005216,C01029,Home,72200.0,9.34,2023-02-26,60,41668.35,Active,Low
L005217,C12419,Auto,50000.0,13.25,2022-01-24,60,39802.92,Active,Low
L005218,C00816,Personal,50000.0,12.81,2022-10-10,48,21603.89,Active,Medium
L005219,C11026,Business,397900.0,10.28,2023-09-19,12,63864.77,Defaulted,Low
L005220,C03990,Auto,50600.0,6.88,2024-07-31,24,35051.49,Active,High
L005221,C02194,Personal,184600.0,15.42,2022-09-07,240,122613.54,Active,High
L005222,C09483,Business,153000.0,10.14,2024-02-18,36,13993.04,Overdue,High
L005223,C10761,Personal,97100.0,13.0,2022-07-28,180,14462.27,Active,High
L005224,C08293,Personal,434500.0,10.57,2025-11-07,240,228209.56,Active,Low
L005225,C14362,Home,244300.0,13.91,2023-09-10,12,12238.67,Closed,Low
L005226,C04211,Personal,64400.0,8.53,2023-01-26,84,23033.48,Closed,Low
L005227,C09660,Personal,95300.0,10.99,2024-02-18,36,33797.87,Overdue,Low
L005228,C01911,Business,456500.0,9.6,2022-04-06,84,363194.49,Closed,High
L005229,C04728,Home,1916000.0,13.61,2024-12-22,60,1397449.41,Active,Medium
L005230,C11346,Business,93300.0,15.53,2023-03-21,60,57270.42,Active,Medium
L005231,C11274,Home,230700.0,11.59,2024-02-16,240,99031.39,Overdue,Low
L005232,C14275,Education,123700.0,12.75,2022-09-23,24,52898.25,Active,Low
L005233,C10303,Auto,106600.0,9.76,2025-01-27,180,98039.69,Active,Low
L005234,C01915,Business,139800.0,11.75,2023-06-19,12,11150.65,Overdue,Low
L005235,C09283,Home,84300.0,11.66,2024-10-17,48,23452.33,Active,Low
L005236,C04460,Home,109300.0,8.75,2023-04-27,240,51222.73,Closed,Medium
L005237,C07312,Personal,155900.0,11.89,2023-03-08,120,136224.53,Active,Low
L005238,C02446,Personal,86000.0,11.85,2022-06-10,24,24585.87,Active,Medium
L005239,C06504,Auto,179100.0,14.65,2024-04-11,240,95943.48,Active,Medium
L005240,C06928,Business,50000.0,15.88,2025-01-01,36,31028.27,Closed,Low
L005241,C08169,Auto,74300.0,13.44,2023-07-23,12,33272.29,Active,Medium
L005242,C10664,Education,82500.0,11.46,2023-07-15,180,64391.1,Active,Low
L005243,C13534,Personal,146700.0,12.23,2024-09-06,24,10276.28,Defaulted,Medium
L005244,C14651,Business,178100.0,8.63,2025-01-03,36,157125.1,Active,Low
L005245,C08619,Education,232200.0,15.19,2023-10-29,24,19040.3,Active,Medium
L005246,C08783,Home,177000.0,15.02,2024-11-30,24,44684.76,Active,Low
L005247,C09415,Personal,78100.0,14.47,2022-07-28,36,61949.66,Active,Low
L005248,C09496,Personal,176000.0,15.42,2024-01-15,180,77667.68,Active,Low
L005249,C07823,Auto,377100.0,15.07,2024-09-15,48,291156.01,Active,Medium
L005250,C13607,Home,333100.0,10.44,2023-03-27,24,180819.76,Active,Medium
L005251,C11728,Education,519000.0,16.13,2025-05-20,24,71168.54,Active,Medium
L005252,C10854,Home,154000.0,16.15,2024-10-03,24,94063.88,Active,Low
L005253,C05884,Education,503600.0,9.52,2023-02-22,48,155687.71,Overdue,Medium
L005254,C01188,Personal,50000.0,16.04,2023-09-02,12,23919.82,Active,Medium
L005255,C14620,Business,132900.0,10.25,2023-11-24,240,88884.81,Active,Low
L005256,C04312,Home,193100.0,7.53,2024-02-28,12,143303.32,Active,Medium
L005257,C12906,Home,203600.0,14.79,2024-11-10,84,102083.37,Active,Low
L005258,C04557,Home,121800.0,14.4,2022-03-04,60,39041.55,Active,Low
L005259,C03768,Home,155400.0,6.72,2024-03-22,12,16071.0,Active,Low
L005260,C12568,Home,99800.0,11.32,2023-04-05,60,45844.83,Active,Low
L005261,C12193,Home,51000.0,11.59,2024-04-11,12,7115.0,Active,Low
L005262,C01658,Home,192100.0,14.25,2025-09-25,36,169974.73,Active,Low
L005263,C07739,Personal,210900.0,11.77,2025-01-16,84,166194.22,Active,Medium
L005264,C07472,Business,92200.0,13.23,2023-11-12,36,44919.34,Active,Medium
L005265,C02053,Personal,203200.0,12.81,2023-01-24,24,113702.36,Active,Low
L005266,C10115,Business,69400.0,14.04,2022-07-14,60,23071.09,Defaulted,Medium
L005267,C03590,Personal,457500.0,9.08,2022-05-27,240,428274.02,Active,Low
L005268,C09265,Home,274300.0,6.74,2025-10-15,60,182209.9,Closed,Low
L005269,C11052,Home,721400.0,7.59,2024-06-19,12,154441.44,Active,Low
L005270,C08220,Home,311300.0,11.79,2024-02-09,12,251503.64,Active,Low
L005271,C07045,Business,198700.0,6.74,2022-08-12,60,18451.18,Active,Low
L005272,C06597,Personal,86000.0,9.61,2025-02-22,60,72997.63,Active,Low
L005273,C01107,Home,86800.0,13.37,2023-06-21,60,61938.49,Active,Low
L005274,C11400,Home,210200.0,9.87,2024-06-21,12,88632.92,Overdue,Low
L005275,C03497,Auto,305900.0,9.82,2023-11-16,48,220869.27,Active,Low
L005276,C03359,Personal,245600.0,13.48,2022-10-20,180,158269.21,Closed,Low
L005277,C08813,Education,128600.0,9.57,2024-08-02,84,13638.83,Active,Low
L005278,C10008,Auto,50000.0,11.8,2024-10-07,240,44568.85,Active,Medium
L005279,C05723,Home,272600.0,14.83,2023-08-17,24,81763.7,Active,Low
L005280,C08001,Home,77400.0,7.68,2025-06-05,60,59487.84,Active,Low
L005281,C11947,Personal,964700.0,9.28,2023-10-05,240,408119.69,Active,Medium
L005282,C06592,Auto,474700.0,11.17,2022-11-08,240,304733.13,Overdue,Low
L005283,C09649,Personal,199800.0,7.5,2022-03-17,24,29859.6,Active,Low
L005284,C12260,Personal,219700.0,14.98,2023-10-21,120,149893.77,Active,Medium
L005285,C10401,Home,105000.0,11.6,2024-06-18,180,23946.19,Active,Medium
L005286,C03603,Personal,129000.0,7.27,2022-01-05,240,13103.71,Closed,Medium
L005287,C03471,Auto,494100.0,7.91,2024-06-30,240,24887.92,Closed,Medium
L005288,C08995,Home,153600.0,10.72,2025-10-16,36,131080.93,Active,Medium
L005289,C01055,Business,258900.0,10.84,2025-07-22,24,123858.89,Defaulted,High
L005290,C07649,Personal,405600.0,10.57,2024-01-21,84,307917.22,Active,Low
L005291,C05761,Business,188400.0,15.77,2023-05-27,60,150501.16,Active,High
L005292,C07141,Education,50000.0,12.29,2024-04-27,84,46760.17,Active,Low
L005293,C06020,Business,160600.0,10.39,2022-11-24,36,151900.57,Active,Medium
L005294,C06462,Auto,164100.0,11.98,2023-01-22,12,37747.03,Active,Low
L005295,C14493,Business,100800.0,12.93,2023-07-29,24,57899.59,Active,Low
L005296,C03582,Personal,50000.0,7.2,2024-11-13,240,29897.33,Closed,Low
L005297,C01454,Personal,213200.0,11.68,2023-04-08,180,98922.09,Active,High
L005298,C12218,Personal,388800.0,12.68,2025-12-31,120,90717.95,Active,Medium
L005299,C01050,Auto,194300.0,7.19,2025-03-26,24,66597.05,Active,Low
L005300,C10847,Home,162100.0,13.19,2025-09-22,240,28260.4,Active,Medium
L005301,C09037,Home,234700.0,7.83,2023-08-29,120,189624.48,Active,Low
L005302,C01824,Home,50000.0,12.63,2022-09-04,180,47347.08,Active,Medium
L005303,C06906,Home,222000.0,6.96,2023-05-21,36,54907.25,Closed,High
L005304,C03973,Home,135700.0,10.46,2022-04-02,240,10473.23,Closed,Low
L005305,C02599,Personal,124000.0,13.15,2022-01-09,84,77704.5,Active,Low
L005306,C02220,Home,702100.0,11.35,2023-11-05,120,71681.49,Closed,Low
L005307,C04119,Personal,55700.0,9.99,2025-07-18,120,40647.97,Active,Medium
L005308,C00106,Auto,194200.0,13.71,2025-01-26,84,54860.37,Active,Medium
L005309,C03526,Personal,92600.0,16.19,2022-10-11,240,19763.34,Active,Low
L005310,C04295,Home,235000.0,14.76,2022-05-15,84,110509.1,Closed,Low
L005311,C13634,Business,66800.0,14.17,2025-04-30,180,27846.48,Active,Low
L005312,C05857,Auto,271500.0,12.9,2025-01-29,240,165107.35,Active,Low
L005313,C12313,Home,65200.0,9.53,2022-05-07,84,50499.37,Closed,Medium
L005314,C07150,Personal,652600.0,13.68,2024-06-23,120,238585.18,Active,Medium
L005315,C04463,Personal,64900.0,7.48,2025-02-01,24,37051.24,Active,Low
L005316,C00854,Personal,201000.0,15.28,2022-09-16,84,47559.11,Active,Low
L005317,C11574,Personal,147200.0,13.2,2023-09-06,60,96509.27,Closed,Medium
L005318,C11094,Home,168300.0,11.11,2022-01-08,36,93171.3,Active,Low
L005319,C00137,Personal,127600.0,9.6,2022-06-25,60,61201.41,Overdue,Low
L005320,C13822,Education,323400.0,14.86,2024-02-23,240,270944.39,Active,Medium
L005321,C02796,Education,50000.0,16.23,2022-08-30,84,24029.35,Active,High
L005322,C04549,Business,86400.0,15.94,2024-11-14,240,29948.61,Active,Medium
L005323,C14679,Home,63200.0,11.01,2023-10-07,48,27504.18,Active,Medium
L005324,C09403,Personal,576000.0,9.14,2023-02-23,24,62538.27,Active,Medium
L005325,C11648,Home,332400.0,7.37,2024-09-06,24,42328.4,Active,Low
L005326,C13088,Auto,53100.0,14.2,2023-10-31,60,18630.75,Closed,Low
L005327,C02948,Home,97300.0,15.97,2024-10-30,12,75786.92,Overdue,Low
L005328,C04008,Auto,625700.0,13.64,2023-09-03,12,257157.28,Active,High
L005329,C11876,Personal,595200.0,12.8,2023-03-12,180,345305.33,Overdue,Low
L005330,C12656,Home,1050500.0,15.18,2024-09-14,180,518422.1,Overdue,Low
L005331,C10417,Personal,228200.0,14.73,2024-01-22,12,38375.36,Closed,Low
L005332,C02438,Personal,68400.0,10.82,2024-12-10,180,25585.08,Active,Low
L005333,C07976,Personal,216600.0,16.17,2025-06-30,180,65380.09,Closed,Medium
L005334,C03403,Home,120800.0,12.3,2022-09-07,12,44325.17,Active,Low
L005335,C13618,Personal,77900.0,15.38,2022-04-17,120,67452.42,Active,Medium
L005336,C04823,Home,436800.0,11.81,2025-10-08,12,216840.91,Active,Low
L005337,C02166,Auto,108200.0,7.49,2024-08-08,48,52500.79,Closed,High
L005338,C04849,Auto,121700.0,9.36,2022-07-26,84,26703.37,Active,Medium
L005339,C01189,Home,847400.0,9.27,2022-07-22,36,709416.89,Active,Low
L005340,C09040,Education,57000.0,9.59,2025-05-08,24,35685.25,Active,Low
L005341,C05195,Auto,306700.0,15.37,2022-07-28,180,109307.5,Closed,Medium
L005342,C00805,Personal,50000.0,8.81,2024-07-26,84,15991.51,Overdue,Low
L005343,C14807,Business,63400.0,13.82,2024-10-24,240,45394.21,Active,Medium
L005344,C02726,Auto,87400.0,10.11,2024-09-05,24,47418.54,Active,Low
L005345,C01281,Auto,405100.0,11.85,2023-10-05,180,129738.64,Active,Medium
L005346,C10477,Home,295000.0,10.09,2024-06-19,60,189743.69,Active,Low
L005347,C10955,Business,57200.0,14.11,2024-11-09,240,11603.84,Active,High
L005348,C11309,Business,127600.0,14.75,2025-06-11,180,50644.02,Closed,High
L005349,C06340,Personal,437600.0,6.87,2024-05-01,60,58140.31,Closed,Low
L005350,C10383,Home,50000.0,7.16,2025-10-10,84,42395.36,Active,Low
L005351,C07865,Home,50000.0,11.41,2022-04-17,84,30320.41,Closed,High
L005352,C02076,Home,246100.0,13.29,2025-05-15,60,144315.75,Closed,Low
L005353,C01752,Home,51200.0,15.02,2025-08-06,180,2933.86,Overdue,High
L005354,C10179,Auto,50000.0,8.9,2025-05-17,180,23892.4,Active,Medium
L005355,C13742,Auto,452200.0,12.51,2023-03-19,84,234988.48,Active,Medium
L005356,C10436,Auto,171100.0,15.54,2023-11-05,60,44882.86,Active,Low
L005357,C05960,Personal,52200.0,11.46,2024-11-26,24,3367.22,Active,Low
L005358,C08418,Home,349200.0,9.85,2022-09-04,120,102688.4,Defaulted,Low
L005359,C10622,Home,185100.0,7.96,2023-01-03,240,169591.07,Active,Low
L005360,C05661,Business,55200.0,14.05,2023-04-02,180,29212.78,Active,Low
L005361,C08198,Home,461300.0,16.41,2025-05-17,60,57869.07,Active,Medium
L005362,C07359,Personal,212100.0,14.09,2024-11-17,240,109547.19,Closed,Medium
L005363,C00442,Home,95300.0,14.4,2023-06-10,180,88554.07,Active,Low
L005364,C05241,Education,158200.0,12.61,2022-10-13,120,88529.23,Active,Medium
L005365,C13157,Auto,262700.0,15.13,2022-08-02,48,193293.64,Active,High
L005366,C02690,Personal,90900.0,7.21,2024-05-14,48,39324.03,Closed,Low
L005367,C13912,Personal,152900.0,7.45,2023-06-08,48,142509.93,Active,Low
L005368,C00247,Business,111000.0,16.04,2022-05-04,84,86285.85,Active,Medium
L005369,C08106,Auto,69300.0,7.58,2025-11-01,48,52957.43,Active,Medium
L005370,C01331,Auto,99200.0,15.2,2022-10-12,36,93928.59,Closed,Low
L005371,C04574,Home,82500.0,7.32,2024-07-22,240,72679.6,Active,Low
L005372,C01048,Home,79300.0,12.52,2022-02-18,60,65338.06,Closed,Low
L005373,C09530,Business,229500.0,7.07,2025-06-06,240,72135.59,Active,Low
L005374,C13050,Education,447900.0,12.33,2023-10-14,48,267546.92,Active,Low
L005375,C06291,Personal,50000.0,15.86,2023-03-20,120,45799.73,Closed,Medium
L005376,C14010,Education,161500.0,16.28,2023-03-28,180,78388.61,Active,High
L005377,C05941,Auto,71800.0,15.88,2022-02-26,24,20978.02,Active,Low
L005378,C05753,Home,437800.0,8.98,2023-03-20,60,355664.06,Active,Low
L005379,C11326,Home,164800.0,9.65,2023-01-09,120,125841.01,Active,Low
L005380,C09767,Business,145100.0,14.0,2025-07-13,120,15831.3,Active,High
L005381,C10338,Personal,370100.0,12.43,2022-02-24,12,57681.46,Active,Medium
L005382,C08664,Education,152700.0,16.2,2023-05-15,180,63281.65,Active,Low
L005383,C13924,Personal,479100.0,12.39,2025-09-19,36,335096.87,Active,Low
L005384,C02735,Education,105600.0,7.89,2025-09-22,240,73586.15,Active,Low
L005385,C11373,Business,232100.0,11.03,2022-02-03,240,157242.61,Active,Medium
L005386,C08707,Home,69700.0,13.15,2024-04-19,180,61675.6,Active,Medium
L005387,C14279,Education,424700.0,14.74,2024-08-03,240,140047.72,Active,Low
L005388,C09801,Auto,747100.0,11.29,2023-10-24,240,297358.13,Defaulted,Medium
L005389,C13365,Home,470400.0,9.82,2024-06-08,48,189942.52,Active,Medium
L005390,C05155,Auto,168500.0,11.54,2025-07-14,48,16038.31,Closed,Medium
L005391,C02618,Personal,72100.0,12.41,2023-06-28,12,19583.6,Active,Medium
L005392,C08503,Auto,333700.0,10.91,2023-05-08,60,75772.76,Active,Low
L005393,C01234,Auto,197100.0,14.96,2022-09-16,12,126109.92,Active,Low
L005394,C05288,Personal,685300.0,8.02,2022-03-10,240,256782.45,Closed,Medium
L005395,C12405,Business,120900.0,8.8,2022-07-07,120,33248.98,Closed,Low
L005396,C08499,Personal,324100.0,10.51,2024-01-18,240,30956.21,Active,Low
L005397,C12406,Auto,412900.0,7.19,2023-02-02,60,39676.87,Active,Medium
L005398,C09182,Home,327200.0,16.37,2025-07-30,180,184146.96,Active,Low
L005399,C02472,Auto,105900.0,12.84,2024-01-19,36,62944.13,Active,Low
L005400,C09126,Personal,111800.0,10.97,2024-04-03,36,72596.65,Overdue,Low
L005401,C08745,Education,50000.0,6.63,2025-10-27,48,26994.93,Active,Low
L005402,C07535,Home,88300.0,11.27,2023-02-27,24,53595.5,Active,High
L005403,C07569,Personal,56500.0,14.08,2023-06-05,60,37076.45,Active,Medium
L005404,C13962,Auto,594600.0,12.5,2025-09-26,240,470017.15,Active,High
L005405,C02582,Home,239900.0,8.78,2024-10-08,60,25609.94,Active,Medium
L005406,C01020,Auto,50000.0,7.84,2023-01-18,60,13008.26,Closed,Medium
L005407,C08645,Education,174500.0,15.52,2025-06-23,180,127713.29,Active,Medium
L005408,C10640,Education,423300.0,7.96,2022-12-26,180,61716.34,Active,Low
L005409,C07140,Home,131600.0,13.59,2024-03-29,12,17520.22,Overdue,Medium
L005410,C03197,Business,251700.0,8.85,2022-09-26,24,32132.14,Active,Low
L005411,C13133,Home,135400.0,11.0,2023-02-23,180,33296.54,Overdue,Medium
L005412,C05424,Business,150500.0,7.26,2025-08-19,180,131473.73,Closed,Low
L005413,C12394,Auto,206400.0,10.35,2022-02-25,36,54014.96,Overdue,Low
L005414,C14011,Auto,335400.0,10.32,2023-01-24,12,122229.67,Closed,High
L005415,C04058,Personal,223500.0,13.96,2025-04-26,60,152079.82,Active,Medium
L005416,C09781,Personal,76200.0,7.41,2024-03-06,60,13528.51,Active,Low
L005417,C08925,Personal,246300.0,12.99,2022-06-04,48,198693.97,Active,Medium
L005418,C13482,Personal,182300.0,14.12,2023-02-06,180,31645.65,Defaulted,Medium
L005419,C05534,Auto,325000.0,10.15,2023-05-27,36,206907.11,Active,Low
L005420,C02214,Business,56300.0,10.09,2022-01-03,36,52943.67,Active,Medium
L005421,C03589,Auto,199100.0,9.65,2022-10-04,120,96982.39,Active,Low
L005422,C05316,Home,78900.0,14.66,2025-12-03,240,43977.84,Active,Low
L005423,C06363,Home,149400.0,12.35,2025-03-02,48,41477.05,Active,Low
L005424,C12689,Home,294500.0,15.87,2025-07-27,240,175202.79,Active,Low
L005425,C13617,Auto,85200.0,16.11,2024-11-10,180,73695.73,Active,Low
L005426,C02359,Home,144300.0,12.69,2025-01-09,120,101271.76,Active,Medium
L005427,C12144,Auto,358100.0,15.25,2024-03-28,240,201136.94,Closed,Low
L005428,C09171,Personal,344300.0,12.77,2025-08-18,120,82436.03,Active,Low
L005429,C05815,Auto,245900.0,6.58,2024-11-25,120,226523.24,Active,Low
L005430,C05435,Home,183900.0,14.18,2022-12-06,12,47406.15,Closed,Low
L005431,C10765,Home,202900.0,8.08,2023-02-11,84,151574.6,Active,Low
L005432,C12823,Home,449000.0,8.69,2023-11-14,24,319436.94,Closed,Medium
L005433,C09986,Business,263800.0,15.86,2022-07-08,240,245203.44,Overdue,Low
L005434,C03098,Education,255900.0,8.25,2022-02-23,24,100266.99,Closed,Medium
L005435,C13854,Home,235200.0,12.22,2022-11-10,84,118740.48,Active,Low
L005436,C09264,Personal,460200.0,10.73,2024-05-03,36,392435.66,Active,Low
L005437,C01158,Home,114500.0,6.51,2024-05-19,12,98778.39,Closed,Low
L005438,C02410,Home,72100.0,10.29,2025-07-24,48,12534.61,Active,High
L005439,C13834,Auto,114400.0,10.42,2023-01-10,120,24325.78,Active,Low
L005440,C14413,Home,91300.0,15.91,2022-11-28,36,57227.5,Closed,Low
L005441,C12612,Home,253600.0,10.91,2023-10-09,24,21392.09,Active,Low
L005442,C05834,Personal,135100.0,6.76,2022-05-06,36,69589.43,Active,Low
L005443,C01418,Home,251900.0,14.13,2025-03-15,24,28332.4,Defaulted,Medium
L005444,C12116,Home,343400.0,12.82,2025-02-11,36,318794.72,Overdue,Low
L005445,C08249,Auto,275700.0,12.77,2022-05-29,60,219070.33,Active,Low
L005446,C10799,Home,103600.0,8.5,2025-02-13,48,27834.9,Active,Low
L005447,C05779,Personal,156100.0,11.11,2023-02-02,84,122035.31,Active,Medium
L005448,C14818,Auto,87900.0,7.41,2024-07-23,48,26669.24,Active,High
L005449,C02942,Home,203800.0,7.14,2025-02-05,36,95440.93,Overdue,Medium
L005450,C10935,Auto,408700.0,14.11,2022-01-04,180,335495.3,Active,Medium
L005451,C00571,Auto,173300.0,11.21,2024-08-24,24,62820.7,Closed,Low
L005452,C02834,Home,353200.0,8.2,2025-06-13,48,310047.54,Active,Low
L005453,C05715,Personal,246000.0,15.0,2023-07-14,12,47744.11,Active,High
L005454,C10346,Auto,67400.0,10.38,2023-05-14,48,36874.57,Active,Low
L005455,C07414,Auto,88400.0,11.75,2023-06-09,12,32672.18,Active,Medium
L005456,C13487,Auto,88300.0,13.99,2022-12-30,84,56489.48,Active,Low
L005457,C08065,Personal,219500.0,11.06,2023-04-01,120,156067.48,Closed,Medium
L005458,C04629,Business,143400.0,13.52,2025-02-20,84,13553.54,Closed,Low
L005459,C09166,Education,98100.0,11.73,2024-10-08,120,72189.28,Overdue,Low
L005460,C04261,Home,50000.0,12.15,2025-02-20,12,41941.95,Closed,Low
L005461,C11311,Personal,429800.0,10.56,2024-03-05,48,358200.44,Active,Medium
L005462,C14729,Home,84000.0,13.17,2022-02-19,12,65204.19,Closed,Medium
L005463,C08229,Home,111300.0,9.12,2025-06-20,60,37963.68,Active,High
L005464,C07203,Home,50000.0,15.76,2025-03-17,84,9630.43,Active,Low
L005465,C06742,Home,50000.0,16.13,2024-12-16,240,42010.44,Active,Low
L005466,C02370,Personal,102200.0,7.43,2025-09-26,12,34146.39,Active,Low
L005467,C00680,Home,532900.0,8.51,2023-03-04,36,314281.26,Active,Low
L005468,C06065,Education,145400.0,11.84,2024-08-23,60,75570.97,Active,High
L005469,C06572,Home,202700.0,12.86,2024-11-15,36,31165.75,Active,Low
L005470,C06206,Personal,170500.0,8.42,2024-11-29,120,103982.41,Defaulted,Low
L005471,C08377,Business,57700.0,8.77,2022-04-22,240,24119.87,Active,Low
L005472,C06126,Education,120700.0,12.26,2024-10-17,24,34119.33,Active,High
L005473,C13075,Business,65100.0,16.31,2023-05-04,36,39444.41,Active,Low
L005474,C04929,Home,383800.0,15.73,2024-12-30,36,361384.74,Active,High
L005475,C04464,Education,135300.0,8.96,2023-01-21,24,78875.72,Closed,Low
L005476,C03975,Home,129100.0,7.79,2025-08-03,240,118715.15,Active,Low
L005477,C09104,Education,704100.0,9.68,2023-07-18,48,42373.44,Active,Low
L005478,C07817,Education,233000.0,9.66,2022-01-03,36,186261.57,Closed,Medium
L005479,C04130,Personal,50000.0,10.17,2022-08-26,240,45936.27,Active,Low
L005480,C11540,Business,192800.0,8.6,2024-04-04,84,175705.2,Overdue,Medium
L005481,C14380,Home,305200.0,14.01,2023-08-27,60,115324.47,Active,Medium
L005482,C07654,Home,132700.0,11.56,2024-10-31,36,107349.85,Active,Low
L005483,C06435,Auto,127700.0,11.06,2022-08-25,84,51309.57,Active,High
L005484,C08237,Personal,76800.0,16.11,2024-12-27,48,16451.31,Active,Medium
L005485,C11811,Auto,69500.0,12.32,2022-03-09,36,49376.69,Active,Medium
L005486,C09723,Auto,384900.0,15.31,2024-04-03,36,263732.22,Active,Low
L005487,C01915,Home,50000.0,10.64,2022-07-06,60,33706.33,Active,Low
L005488,C05410,Personal,127900.0,16.41,2022-09-26,240,104323.52,Active,High
L005489,C00083,Home,641200.0,6.66,2022-09-12,84,605394.89,Active,Low
L005490,C07998,Personal,1446500.0,12.74,2023-05-08,60,332253.45,Active,Medium
L005491,C00235,Home,184600.0,15.84,2024-05-18,120,158940.29,Overdue,High
L005492,C13769,Business,219400.0,14.41,2022-06-12,84,198992.94,Active,Medium
L005493,C03654,Personal,160200.0,12.29,2025-02-14,240,62041.43,Overdue,Medium
L005494,C03739,Business,245300.0,14.31,2024-04-06,180,227881.7,Overdue,Low
L005495,C07338,Home,80700.0,6.88,2024-06-30,84,50222.16,Active,Low
L005496,C12584,Personal,953900.0,15.43,2024-05-05,84,430317.2,Closed,High
L005497,C07606,Home,1149500.0,9.44,2023-04-07,36,606000.16,Closed,Low
L005498,C04725,Business,194200.0,7.9,2025-11-16,240,92014.82,Active,Low
L005499,C02188,Personal,189400.0,9.65,2022-01-11,180,21380.06,Active,Medium
L005500,C04318,Auto,111900.0,9.45,2024-10-23,120,30865.29,Closed,Low
L005501,C01666,Home,50000.0,15.15,2022-01-05,84,19604.81,Closed,Medium
L005502,C01982,Personal,558200.0,15.02,2023-11-19,36,96739.86,Active,Low
L005503,C12130,Auto,167800.0,15.27,2024-12-03,36,98898.68,Active,Medium
L005504,C01160,Personal,179600.0,10.71,2022-01-16,12,166971.78,Overdue,Low
L005505,C13260,Auto,125100.0,13.69,2025-12-01,60,70363.1,Active,Low
L005506,C00412,Personal,102100.0,16.23,2025-11-24,60,36295.86,Active,Low
L005507,C08080,Business,52700.0,15.7,2022-07-03,24,33504.77,Active,Medium
L005508,C04102,Personal,364700.0,15.69,2022-11-02,12,338594.08,Closed,Medium
L005509,C07656,Business,140200.0,10.8,2023-04-12,36,7640.09,Defaulted,Medium
L005510,C03839,Auto,592100.0,12.41,2022-11-04,180,337738.21,Active,Low
L005511,C01635,Education,111300.0,15.52,2024-09-14,60,97137.52,Active,Low
L005512,C12192,Education,118200.0,12.24,2023-01-21,48,65251.81,Active,High
L005513,C08408,Education,50000.0,15.35,2023-08-29,36,29776.11,Closed,Low
L005514,C14902,Personal,65900.0,15.84,2025-06-19,240,32683.87,Closed,Low
L005515,C07477,Home,127800.0,9.05,2023-08-26,84,87917.53,Active,Medium
L005516,C11448,Education,263200.0,11.08,2022-06-22,180,160276.92,Active,Medium
L005517,C07316,Home,160300.0,14.98,2024-06-11,84,111672.16,Closed,Low
L005518,C04639,Personal,165900.0,11.67,2024-01-30,48,101266.95,Active,Medium
L005519,C07573,Business,209300.0,8.67,2025-01-14,120,170927.99,Closed,Low
L005520,C01581,Personal,99200.0,15.42,2024-01-16,48,80688.88,Active,Medium
L005521,C14991,Auto,183900.0,9.92,2023-02-27,180,78618.31,Overdue,Medium
L005522,C11683,Home,283500.0,12.58,2022-09-27,36,84872.49,Active,Low
L005523,C04081,Personal,273000.0,15.65,2023-04-15,36,60448.99,Active,Low
L005524,C14522,Education,190500.0,10.38,2024-08-15,120,142181.32,Active,Low
L005525,C10104,Home,149200.0,6.88,2024-09-07,48,56620.71,Overdue,Medium
L005526,C11439,Education,102100.0,7.65,2022-06-01,12,76799.46,Active,Low
L005527,C07679,Education,132800.0,12.33,2023-01-23,180,48868.52,Closed,Low
L005528,C14730,Business,181800.0,15.47,2022-10-26,12,137069.04,Active,Low
L005529,C11934,Personal,171100.0,12.98,2024-05-12,24,129976.97,Overdue,Low
L005530,C04943,Personal,155800.0,6.95,2022-05-06,24,26966.07,Overdue,Medium
L005531,C12813,Auto,159800.0,9.48,2024-10-16,120,87184.69,Active,Low
L005532,C07310,Home,214600.0,10.36,2025-08-03,60,146372.05,Active,Low
L005533,C04318,Auto,449100.0,13.97,2022-08-15,60,204563.63,Active,Low
L005534,C02726,Business,50400.0,7.14,2023-09-21,180,22289.12,Active,Low
L005535,C05892,Personal,929200.0,15.38,2022-03-16,120,91462.72,Active,Low
L005536,C03011,Home,244200.0,16.27,2024-10-20,120,39917.32,Overdue,Low
L005537,C05594,Personal,210500.0,14.13,2025-02-11,24,58394.59,Closed,Medium
L005538,C07180,Business,255600.0,16.38,2025-06-13,48,171645.58,Active,Low
L005539,C09957,Auto,148000.0,9.81,2023-10-20,120,8044.73,Active,Low
L005540,C11415,Personal,462100.0,8.16,2024-02-14,180,428314.86,Active,Low
L005541,C12303,Personal,558800.0,13.21,2023-05-31,12,529680.82,Active,Low
L005542,C05154,Home,156900.0,15.77,2023-07-31,36,61684.91,Overdue,Low
L005543,C10238,Personal,256100.0,11.41,2024-05-14,180,100274.94,Active,Low
L005544,C06815,Business,50000.0,13.86,2023-12-21,84,9932.79,Overdue,Medium
L005545,C00600,Home,191100.0,14.88,2022-02-13,180,30564.54,Defaulted,Low
L005546,C13369,Home,141900.0,15.18,2022-09-17,180,129854.56,Active,Medium
L005547,C04785,Education,192400.0,12.95,2023-07-13,240,39997.82,Closed,Low
L005548,C14348,Education,265000.0,9.92,2022-10-18,84,147704.72,Active,Low
L005549,C07309,Personal,151800.0,8.21,2025-03-04,36,32106.88,Active,Medium
L005550,C09832,Home,80000.0,7.73,2024-07-18,48,30641.36,Active,Low
L005551,C10283,Business,540500.0,7.77,2025-10-16,120,131546.4,Active,Medium
L005552,C02103,Personal,138500.0,7.77,2024-08-03,60,123659.76,Active,Medium
L005553,C10403,Personal,374000.0,10.21,2025-02-23,36,288312.12,Active,Low
L005554,C14113,Education,218900.0,11.25,2024-05-24,180,50338.07,Active,Medium
L005555,C02076,Education,702400.0,8.87,2022-06-30,180,643448.58,Active,Medium
L005556,C12115,Business,121200.0,11.06,2024-03-24,180,88285.57,Active,Low
L005557,C00505,Personal,170500.0,11.0,2023-02-17,120,37018.54,Closed,Low
L005558,C02314,Education,115200.0,15.82,2025-07-17,84,53027.8,Active,Low
L005559,C04537,Home,245000.0,7.79,2024-02-16,120,64810.41,Active,Low
L005560,C10127,Personal,50000.0,15.01,2022-11-22,240,40604.92,Closed,Low
L005561,C02678,Auto,361900.0,15.62,2022-10-13,180,340577.26,Closed,Low
L005562,C02199,Auto,194800.0,11.16,2024-04-11,48,91724.08,Active,Low
L005563,C12632,Business,186800.0,11.11,2023-10-25,36,172467.47,Closed,Medium
L005564,C10657,Personal,50000.0,9.58,2023-01-09,12,37863.03,Overdue,Medium
L005565,C03589,Home,144400.0,12.89,2023-04-28,180,69184.41,Active,Low
L005566,C00862,Education,50000.0,12.55,2024-09-21,36,8310.01,Active,Low
L005567,C10578,Personal,160900.0,12.21,2023-10-24,240,37530.43,Active,Low
L005568,C12620,Business,249800.0,7.54,2024-12-05,240,56766.91,Active,Medium
L005569,C01854,Home,244400.0,7.42,2024-04-12,180,146215.02,Active,Low
L005570,C00823,Personal,415300.0,14.13,2024-03-18,84,52161.71,Active,High
L005571,C02802,Home,337300.0,12.28,2023-07-15,84,182630.91,Overdue,Low
L005572,C13038,Personal,115100.0,12.64,2024-06-21,48,7323.3,Active,Medium
L005573,C14058,Personal,223100.0,12.02,2023-09-06,240,84274.68,Closed,Low
L005574,C00650,Education,94500.0,8.35,2022-10-02,36,73129.49,Active,Low
L005575,C03672,Home,118600.0,13.99,2024-07-13,60,16028.35,Overdue,Low
L005576,C11503,Home,793900.0,15.98,2022-10-23,240,375148.23,Defaulted,Medium
L005577,C12652,Personal,465000.0,10.41,2022-10-12,240,360439.6,Closed,Low
L005578,C09738,Personal,245700.0,9.82,2024-05-22,12,65952.08,Closed,Low
L005579,C14977,Auto,337300.0,11.5,2023-09-05,60,32290.65,Overdue,Low
L005580,C12491,Home,153600.0,11.64,2025-12-13,36,145725.01,Active,Medium
L005581,C06403,Business,256900.0,10.37,2022-08-06,84,80858.24,Active,Medium
L005582,C08448,Personal,91000.0,12.1,2023-11-08,180,20283.44,Closed,Low
L005583,C11591,Auto,128200.0,13.37,2025-06-18,36,46199.5,Active,High
L005584,C14683,Auto,165300.0,6.9,2025-09-30,84,107012.01,Active,Medium
L005585,C12160,Personal,525900.0,12.62,2025-06-13,36,159241.81,Closed,Low
L005586,C13684,Home,831600.0,10.67,2024-09-15,36,78070.82,Active,Low
L005587,C03038,Auto,220300.0,13.04,2022-01-13,180,130895.36,Active,Medium
L005588,C04200,Personal,77400.0,13.07,2022-10-11,36,17856.73,Active,Low
L005589,C03709,Home,104700.0,7.46,2022-03-07,120,68760.67,Active,Medium
L005590,C02733,Home,121600.0,8.11,2022-08-25,84,25694.58,Overdue,Low
L005591,C13812,Personal,419400.0,15.87,2025-09-12,48,181312.87,Active,Medium
L005592,C02500,Education,50000.0,8.29,2025-05-12,180,28712.78,Active,Medium
L005593,C02210,Home,292200.0,7.98,2023-06-24,12,27584.25,Active,Medium
L005594,C08411,Auto,122000.0,15.38,2022-10-06,24,23201.67,Active,Low
L005595,C06059,Auto,296700.0,10.48,2023-01-28,12,124971.68,Active,Low
L005596,C13414,Auto,156800.0,9.66,2023-07-07,12,23572.37,Active,Medium
L005597,C07058,Personal,119800.0,7.14,2022-03-22,240,80828.45,Active,Low
L005598,C13769,Personal,343000.0,12.85,2023-04-25,36,306469.01,Closed,Low
L005599,C10451,Home,431000.0,15.0,2022-01-11,36,162879.44,Overdue,Medium
L005600,C02262,Personal,376300.0,15.09,2024-07-29,36,127478.01,Closed,Medium
L005601,C12657,Auto,379600.0,13.45,2024-10-08,24,71428.83,Closed,Low
L005602,C05441,Auto,60100.0,13.33,2024-12-25,60,27633.21,Active,Low
L005603,C06421,Education,174700.0,9.21,2024-08-11,36,87536.96,Closed,Low
L005604,C04068,Personal,152200.0,11.18,2025-02-19,36,103581.2,Active,Low
L005605,C12544,Business,1105300.0,11.78,2025-12-13,12,1023684.89,Defaulted,Low
L005606,C06177,Home,101400.0,11.72,2025-03-15,12,33558.42,Active,Low
L005607,C10220,Auto,57200.0,14.3,2024-05-31,12,10324.69,Overdue,Low
L005608,C13350,Personal,100500.0,11.4,2022-09-07,240,38716.93,Active,Low
L005609,C14391,Personal,194300.0,10.38,2025-11-14,24,66358.48,Active,Low
L005610,C13000,Personal,735100.0,8.9,2025-10-30,48,694264.03,Active,Medium
L005611,C06157,Business,572600.0,6.63,2025-07-31,60,476876.48,Active,Medium
L005612,C08706,Education,90700.0,11.05,2024-10-26,12,72689.6,Active,Medium
L005613,C06417,Home,87500.0,10.1,2024-12-12,180,4455.54,Active,Medium
L005614,C00140,Personal,151600.0,13.48,2025-08-10,36,27362.22,Active,High
L005615,C02228,Auto,188500.0,13.41,2023-03-21,120,25741.29,Active,Medium
L005616,C00743,Business,308500.0,10.69,2025-08-18,120,198598.08,Active,Medium
L005617,C04832,Education,77200.0,8.35,2025-12-27,120,48864.24,Closed,Low
L005618,C07753,Personal,50000.0,9.2,2023-04-09,84,3211.59,Active,Medium
L005619,C12881,Home,110700.0,8.84,2023-05-13,24,25287.25,Active,Low
L005620,C05365,Personal,415900.0,9.52,2025-10-08,180,369743.93,Active,Low
L005621,C05860,Home,159500.0,13.17,2024-06-20,120,135564.7,Active,Low
L005622,C07898,Home,317600.0,15.14,2025-08-08,36,242116.31,Active,Low
L005623,C13688,Education,152000.0,7.92,2025-12-13,84,138743.88,Overdue,Medium
L005624,C05536,Personal,136500.0,8.35,2024-02-28,84,47556.82,Active,Medium
L005625,C01878,Auto,205400.0,15.31,2023-03-26,48,26103.41,Active,Medium
L005626,C05725,Auto,238700.0,8.0,2022-09-26,60,117918.59,Closed,Low
L005627,C08384,Personal,107400.0,11.13,2023-06-02,36,83686.09,Active,Low
L005628,C09356,Auto,259900.0,15.74,2023-09-05,48,199310.78,Active,Low
L005629,C03604,Personal,50000.0,11.86,2025-09-10,48,18622.34,Active,Low
L005630,C08204,Home,296200.0,16.24,2024-12-10,60,269617.12,Active,Low
L005631,C07982,Personal,160800.0,11.87,2022-05-23,12,85267.97,Closed,Medium
L005632,C03958,Home,174600.0,7.36,2025-04-02,12,143068.79,Active,High
L005633,C14140,Personal,574000.0,6.75,2025-12-12,84,321369.33,Active,Low
L005634,C02935,Auto,194800.0,7.33,2024-08-03,84,48980.95,Active,High
L005635,C10348,Auto,73500.0,16.41,2025-09-04,84,14640.6,Active,Medium
L005636,C02223,Home,158000.0,7.45,2025-09-22,180,89995.2,Active,Low
L005637,C04170,Auto,76800.0,16.32,2023-09-06,240,39742.23,Active,Low
L005638,C06617,Business,129400.0,6.86,2022-12-15,60,71848.65,Active,Low
L005639,C03274,Business,50000.0,8.13,2022-11-03,12,25604.25,Active,Medium
L005640,C10168,Auto,245900.0,6.62,2024-03-17,24,48950.62,Active,Medium
L005641,C00049,Home,124200.0,7.83,2023-07-30,48,65319.0,Closed,Medium
L005642,C05773,Personal,72000.0,13.65,2025-08-26,240,32689.45,Active,Low
L005643,C05181,Home,183900.0,6.84,2023-05-28,120,38042.31,Active,Low
L005644,C01214,Home,145100.0,13.25,2025-07-12,84,19097.3,Active,Low
L005645,C01644,Personal,295800.0,6.57,2022-10-14,48,82026.68,Active,Low
L005646,C14595,Personal,552500.0,9.31,2023-07-30,60,152893.24,Active,High
L005647,C14215,Auto,120900.0,7.27,2025-07-05,24,91360.46,Active,Low
L005648,C08039,Home,145200.0,9.33,2023-11-18,48,73896.26,Active,Low
L005649,C02312,Auto,117900.0,9.85,2022-02-21,36,33268.38,Active,Low
L005650,C12829,Personal,299100.0,8.47,2022-09-26,120,89881.99,Closed,Medium
L005651,C10576,Personal,112500.0,11.22,2023-03-02,12,55935.41,Active,Low
L005652,C11972,Auto,50000.0,8.54,2025-08-14,240,37996.11,Active,Medium
L005653,C03738,Business,277600.0,12.77,2022-11-30,48,163251.09,Active,Medium
L005654,C12916,Auto,498300.0,9.65,2024-03-10,48,152852.29,Closed,Medium
L005655,C13307,Personal,459000.0,7.71,2024-11-16,48,166344.62,Active,High
L005656,C02394,Personal,86800.0,8.13,2022-07-15,36,43970.88,Active,Low
L005657,C03148,Education,260400.0,8.78,2023-11-08,60,165570.76,Overdue,Low
L005658,C04752,Personal,221700.0,14.74,2022-10-24,240,100701.05,Active,Low
L005659,C04564,Personal,176700.0,9.96,2024-04-04,24,82713.56,Active,High
L005660,C01513,Personal,334800.0,14.63,2024-11-14,180,83781.11,Active,Low
L005661,C06052,Home,50000.0,16.23,2022-11-23,180,12370.75,Defaulted,Medium
L005662,C00475,Home,184400.0,15.24,2024-02-13,36,153066.97,Active,Medium
L005663,C01216,Personal,262600.0,15.24,2025-12-09,84,113151.39,Active,High
L005664,C04385,Business,159600.0,7.6,2025-03-11,84,36593.71,Active,High
L005665,C12599,Education,159300.0,15.56,2025-12-12,84,129335.75,Active,Low
L005666,C03285,Education,124400.0,6.58,2025-11-11,240,46700.77,Active,Medium
L005667,C06386,Home,201200.0,7.62,2023-02-03,60,62738.1,Active,Medium
L005668,C00893,Education,138700.0,12.32,2024-06-26,180,93939.19,Overdue,Medium
L005669,C01255,Home,127300.0,11.42,2022-10-03,84,43135.81,Active,Low
L005670,C04911,Home,108300.0,12.0,2023-06-19,84,54705.54,Active,Low
L005671,C11464,Personal,84700.0,13.52,2022-03-18,240,40194.84,Active,High
L005672,C09775,Business,178100.0,13.37,2025-05-14,12,44315.79,Active,Low
L005673,C02635,Home,437900.0,10.58,2023-12-24,24,189160.1,Active,Medium
L005674,C14395,Business,110000.0,13.88,2025-03-21,120,41254.16,Active,Low
L005675,C07097,Education,115300.0,11.75,2022-03-06,48,98531.04,Active,High
L005676,C13115,Education,143300.0,14.86,2025-04-08,48,24328.72,Active,Low
L005677,C06509,Personal,103200.0,11.35,2025-07-27,48,21040.53,Active,Low
L005678,C09509,Personal,167500.0,8.43,2022-10-28,180,104083.44,Active,Low
L005679,C08203,Personal,672500.0,14.24,2025-12-16,240,419813.63,Active,Low
L005680,C08781,Education,161600.0,8.89,2024-02-07,180,117434.03,Closed,Low
L005681,C06367,Business,72000.0,14.38,2025-04-23,24,57356.42,Overdue,Low
L005682,C06631,Personal,183000.0,6.77,2024-06-01,36,14251.64,Active,Medium
L005683,C01187,Personal,395000.0,8.62,2023-04-07,60,296088.13,Overdue,Low
L005684,C10805,Personal,198500.0,15.22,2025-04-21,12,106183.74,Active,Low
L005685,C02899,Business,122400.0,9.2,2024-12-30,120,57675.46,Active,Medium
L005686,C02368,Home,62100.0,13.7,2023-08-17,24,39171.08,Active,Medium
L005687,C07503,Personal,172700.0,15.12,2025-07-13,180,113193.77,Closed,Low
L005688,C08200,Home,265500.0,9.78,2022-11-24,180,40506.59,Closed,Medium
L005689,C01051,Personal,412100.0,14.93,2024-05-22,120,126956.39,Active,Low
L005690,C11393,Business,182400.0,10.21,2024-10-13,48,95026.63,Active,Low
L005691,C04227,Business,78300.0,12.04,2025-05-11,24,57773.65,Active,High
L005692,C08493,Personal,761400.0,9.41,2023-09-11,180,243802.86,Active,Medium
L005693,C02365,Business,412900.0,9.87,2024-12-11,60,42434.46,Overdue,High
L005694,C12674,Personal,138700.0,15.17,2024-02-03,180,34190.1,Active,Low
L005695,C02925,Home,64100.0,8.35,2023-03-27,60,26795.36,Overdue,Medium
L005696,C06923,Home,111800.0,7.75,2023-09-09,48,74225.1,Active,Low
L005697,C09572,Home,280500.0,9.23,2024-08-07,48,39541.48,Overdue,Medium
L005698,C13648,Personal,193800.0,15.82,2024-08-12,240,171570.65,Closed,Low
L005699,C00249,Auto,93800.0,10.46,2025-03-23,120,30623.78,Active,Medium
L005700,C02493,Auto,130400.0,14.13,2025-08-25,24,41228.14,Active,Low
L005701,C02061,Education,413000.0,8.87,2024-03-28,36,27832.91,Active,Medium
L005702,C10139,Home,184100.0,15.69,2024-04-15,36,55804.64,Active,Medium
L005703,C03492,Personal,50000.0,13.06,2024-02-08,12,20972.71,Closed,Low
L005704,C01925,Personal,271100.0,12.64,2025-08-23,24,83996.35,Closed,Low
L005705,C08611,Auto,231300.0,11.68,2025-05-21,240,34046.72,Active,Low
L005706,C14000,Home,205600.0,8.96,2025-02-21,60,56314.82,Active,Low
L005707,C12506,Home,257600.0,15.91,2023-12-04,36,90105.18,Active,Medium
L005708,C07839,Home,211800.0,6.53,2023-03-22,36,90271.69,Closed,Low
L005709,C12119,Home,355700.0,6.88,2022-04-16,120,88818.31,Overdue,Low
L005710,C02399,Home,236700.0,14.95,2022-05-24,84,126161.91,Closed,Medium
L005711,C07950,Business,130700.0,14.65,2023-12-26,12,88587.14,Active,High
L005712,C12427,Home,139600.0,12.92,2024-12-10,12,88864.13,Closed,Medium
L005713,C11422,Auto,136400.0,12.02,2022-04-05,24,119095.37,Active,Low
L005714,C14215,Business,77200.0,6.94,2024-08-13,180,51058.02,Active,Low
L005715,C06807,Education,319000.0,10.85,2023-03-28,180,274012.48,Active,High
L005716,C03889,Home,258200.0,11.31,2022-09-29,48,71466.66,Closed,Medium
L005717,C05589,Auto,326500.0,10.68,2022-09-26,48,279786.78,Active,Low
L005718,C03706,Personal,151500.0,9.33,2024-01-19,240,80398.92,Active,Medium
L005719,C02794,Auto,341100.0,6.99,2022-02-23,36,187159.0,Active,Low
L005720,C12052,Education,139500.0,14.6,2024-01-19,24,130602.28,Active,Medium
L005721,C11734,Personal,180200.0,6.95,2023-09-06,48,105922.89,Active,Low
L005722,C14579,Business,368800.0,12.39,2024-01-13,180,98434.33,Active,Low
L005723,C12018,Auto,424800.0,9.25,2024-07-02,24,333202.13,Closed,Medium
L005724,C12172,Auto,271800.0,16.15,2023-07-19,180,174244.31,Closed,Low
L005725,C03467,Auto,242500.0,15.77,2023-02-01,48,147544.66,Active,Low
L005726,C14522,Personal,50000.0,14.89,2023-12-20,24,3888.44,Overdue,Medium
L005727,C14096,Home,79200.0,13.13,2022-04-10,240,27389.68,Defaulted,Medium
L005728,C13686,Personal,80000.0,7.93,2022-09-27,36,56299.24,Active,Low
L005729,C05240,Auto,103300.0,10.11,2025-02-23,48,46181.11,Active,Low
L005730,C10039,Home,178000.0,6.78,2024-07-23,12,154988.49,Overdue,Medium
L005731,C03050,Personal,133500.0,10.95,2023-05-24,84,24381.54,Overdue,Low
L005732,C13554,Personal,53100.0,16.24,2024-12-03,24,35283.44,Active,Medium
L005733,C03789,Personal,641700.0,11.86,2024-12-09,240,311577.74,Active,Medium
L005734,C05896,Personal,197000.0,16.27,2024-01-12,240,129122.85,Overdue,Low
L005735,C04605,Personal,218900.0,12.25,2025-10-31,60,190237.52,Active,Low
L005736,C11877,Education,192600.0,14.65,2025-11-05,60,114423.02,Closed,Low
L005737,C12354,Home,154900.0,11.62,2025-03-31,48,102048.9,Active,Low
L005738,C12129,Home,162400.0,6.75,2023-09-21,120,135687.3,Defaulted,Low
L005739,C04188,Education,148900.0,9.07,2022-08-21,12,36614.74,Active,High
L005740,C01676,Home,306700.0,9.42,2023-07-16,36,277757.91,Active,Medium
L005741,C01489,Home,86400.0,6.89,2022-09-13,12,78486.42,Active,Medium
L005742,C07782,Personal,51600.0,13.2,2024-11-06,60,8424.52,Active,Medium
L005743,C13175,Personal,99000.0,13.69,2024-12-11,36,26135.38,Active,Medium
L005744,C14590,Personal,211600.0,10.66,2023-05-31,48,130577.18,Active,Medium
L005745,C09963,Home,50000.0,9.84,2024-02-21,24,13470.55,Active,Medium
L005746,C05643,Business,336300.0,8.0,2023-05-10,120,252173.31,Active,High
L005747,C06585,Auto,100100.0,11.02,2022-11-01,36,7044.82,Active,Medium
L005748,C05938,Auto,259700.0,12.67,2022-10-29,60,100412.62,Closed,High
L005749,C08148,Home,297900.0,10.26,2022-02-19,36,33193.18,Active,Low
L005750,C03807,Home,393000.0,7.55,2023-12-25,120,208051.71,Active,Low
L005751,C13719,Business,800800.0,16.05,2024-12-14,24,359676.12,Active,Medium
L005752,C03601,Personal,77100.0,8.7,2022-08-06,36,13885.6,Active,Low
L005753,C08359,Auto,150500.0,9.84,2022-09-30,180,76349.1,Active,Medium
L005754,C06556,Home,72700.0,15.81,2024-04-02,36,54385.49,Active,Medium
L005755,C06336,Personal,178700.0,15.4,2024-01-24,12,100455.84,Active,Low
L005756,C09739,Home,283200.0,14.69,2022-09-22,12,137377.37,Active,High
L005757,C06090,Auto,191400.0,15.94,2025-10-02,36,92217.51,Overdue,Low
L005758,C07027,Personal,668600.0,7.79,2023-04-17,36,67454.35,Active,Low
L005759,C02251,Home,63100.0,11.91,2023-08-25,60,13146.97,Overdue,Low
L005760,C10098,Auto,135500.0,13.93,2024-07-01,60,74244.74,Overdue,Low
L005761,C00947,Home,72800.0,13.75,2023-05-05,36,41668.79,Overdue,High
L005762,C11574,Business,211900.0,6.54,2023-09-03,84,20526.98,Active,Low
L005763,C12929,Education,119500.0,13.99,2025-05-19,36,25008.17,Active,Low
L005764,C07568,Home,200500.0,8.93,2022-07-04,12,136496.28,Active,High
L005765,C06678,Personal,108400.0,11.43,2025-04-18,12,91847.53,Active,Low
L005766,C00183,Home,176000.0,9.7,2024-05-28,12,53788.25,Active,Low
L005767,C11482,Home,170000.0,11.65,2022-06-22,120,21519.24,Active,High
L005768,C08220,Personal,50000.0,8.66,2022-10-18,240,44189.94,Active,Low
L005769,C14812,Personal,50000.0,12.43,2025-04-06,60,5244.27,Active,High
L005770,C06718,Business,93900.0,14.35,2025-12-05,84,29552.08,Closed,Medium
L005771,C13112,Education,130400.0,11.92,2022-09-20,60,57757.31,Active,Low
L005772,C11595,Home,453900.0,15.93,2025-02-09,120,125439.04,Closed,Medium
L005773,C02579,Business,78900.0,12.44,2025-09-06,240,24102.97,Active,Low
L005774,C05566,Personal,263800.0,9.02,2023-10-30,36,151840.64,Closed,Medium
L005775,C12987,Personal,50000.0,16.31,2023-02-12,180,26693.36,Active,Medium
L005776,C12717,Home,154100.0,7.09,2022-12-30,180,128111.92,Active,Low
L005777,C06555,Home,174400.0,16.11,2023-10-30,48,121076.79,Active,Medium
L005778,C01179,Business,188300.0,9.19,2022-03-09,120,26277.36,Active,Medium
L005779,C01753,Personal,116600.0,10.49,2023-11-25,36,58403.25,Active,Low
L005780,C04251,Personal,63100.0,6.53,2022-12-30,60,54328.91,Active,Low
L005781,C07695,Business,518900.0,12.39,2023-12-17,180,78516.22,Active,Medium
L005782,C01490,Auto,536100.0,14.83,2023-08-08,12,59332.99,Defaulted,Low
L005783,C01465,Home,175300.0,13.45,2023-06-02,12,138103.77,Active,Low
L005784,C00050,Home,289100.0,7.5,2024-02-19,180,148265.36,Active,Medium
L005785,C00668,Auto,269600.0,14.6,2022-07-13,12,221740.3,Closed,Low
L005786,C14153,Education,216800.0,7.49,2025-12-07,12,60276.69,Active,Low
L005787,C05100,Personal,498700.0,9.04,2025-06-16,48,334263.17,Closed,Low
L005788,C13583,Home,75800.0,7.98,2025-06-06,12,58997.4,Active,Medium
L005789,C04433,Auto,855100.0,12.55,2024-03-12,84,113439.57,Active,Low
L005790,C11691,Auto,82500.0,16.11,2023-11-02,36,42538.99,Active,Low
L005791,C07253,Business,122300.0,12.55,2024-06-24,12,86283.51,Defaulted,Low
L005792,C03730,Personal,305000.0,16.48,2022-04-22,60,64772.72,Active,Low
L005793,C11777,Business,186900.0,13.46,2024-04-22,120,86374.67,Active,Low
L005794,C04617,Education,132700.0,12.72,2023-11-19,180,52629.23,Active,Low
L005795,C14580,Personal,192300.0,9.83,2025-02-25,12,77360.88,Active,Low
L005796,C12907,Home,687700.0,8.0,2023-04-20,36,126586.28,Closed,Low
L005797,C06258,Education,107000.0,11.69,2022-05-09,120,15460.5,Active,Low
L005798,C01892,Business,276600.0,9.62,2025-11-08,84,110411.84,Active,Low
L005799,C05799,Business,249900.0,12.51,2024-11-12,180,222628.47,Active,Low
L005800,C10132,Business,262000.0,11.55,2025-07-12,12,61555.59,Active,Low
L005801,C14854,Auto,87700.0,6.99,2024-09-08,84,49172.81,Active,Medium
L005802,C14817,Business,108500.0,10.71,2024-08-20,24,63025.14,Active,Medium
L005803,C05445,Personal,81900.0,7.83,2022-06-14,120,11388.28,Overdue,Medium
L005804,C03852,Home,147200.0,10.64,2023-09-14,12,9542.99,Active,Low
L005805,C10080,Education,130000.0,10.98,2024-12-27,84,95893.64,Active,Low
L005806,C10396,Auto,239900.0,9.68,2023-04-26,240,94704.88,Active,Medium
L005807,C14926,Home,230100.0,9.66,2024-05-11,12,162359.72,Active,Medium
L005808,C13355,Personal,142200.0,13.4,2022-09-21,60,94273.48,Active,High
L005809,C10143,Auto,137200.0,8.81,2024-02-04,180,42565.41,Closed,Medium
L005810,C11851,Auto,321400.0,10.86,2025-11-09,60,285387.94,Active,Medium
L005811,C05629,Business,102200.0,7.94,2022-12-28,240,29767.29,Active,Medium
L005812,C00582,Education,83200.0,7.12,2025-04-17,24,14167.91,Active,Low
L005813,C00699,Education,71900.0,13.85,2022-07-06,36,53756.18,Active,Low
L005814,C04608,Home,158600.0,15.49,2024-07-16,84,127721.88,Overdue,Medium
L005815,C11711,Home,99600.0,7.34,2025-09-18,36,8614.05,Active,Medium
L005816,C09725,Personal,322600.0,12.46,2025-12-08,12,113101.52,Closed,Low
L005817,C09806,Auto,60300.0,9.83,2024-04-28,120,47919.82,Active,Medium
L005818,C02226,Personal,162300.0,7.54,2024-07-18,60,48327.07,Overdue,Low
L005819,C02728,Business,268800.0,14.07,2025-09-25,120,167517.48,Active,High
L005820,C13959,Education,165600.0,14.94,2025-11-18,180,146087.19,Active,Medium
L005821,C02724,Auto,395000.0,14.17,2022-07-11,12,190866.48,Active,Low
L005822,C05988,Personal,52800.0,10.46,2022-04-13,24,10758.89,Active,Medium
L005823,C12646,Business,160400.0,13.24,2022-12-22,84,146530.52,Active,Low
L005824,C05815,Business,274900.0,10.18,2023-08-17,48,96017.77,Closed,Medium
L005825,C14414,Personal,96200.0,16.09,2025-03-26,84,61735.52,Closed,Medium
L005826,C03498,Auto,373400.0,9.22,2024-08-25,60,77495.36,Active,Medium
L005827,C08926,Business,382600.0,10.09,2024-02-12,60,21323.31,Closed,Low
L005828,C07725,Personal,265200.0,6.92,2024-05-24,84,27237.89,Overdue,Low
L005829,C12972,Business,134900.0,12.28,2024-08-06,12,83543.43,Active,Medium
L005830,C01067,Business,355000.0,10.2,2025-08-09,12,321898.68,Active,Low
L005831,C05533,Home,199500.0,14.58,2024-01-22,240,123190.6,Overdue,Low
L005832,C05687,Home,50000.0,13.43,2025-03-05,60,39371.87,Active,Low
L005833,C07171,Personal,1499600.0,13.41,2024-03-23,120,511999.51,Active,Medium
L005834,C12492,Home,215200.0,13.29,2022-07-15,12,84812.54,Active,Low
L005835,C04261,Home,109600.0,11.55,2023-05-05,84,10393.49,Overdue,Low
L005836,C06117,Home,273400.0,9.24,2022-05-14,240,198282.08,Closed,Low
L005837,C04132,Education,50000.0,9.22,2023-02-05,180,13518.46,Active,High
L005838,C03489,Home,103800.0,7.78,2023-08-07,180,39860.46,Closed,Low
L005839,C08086,Business,137900.0,11.08,2022-03-06,36,29390.58,Active,Medium
L005840,C14509,Home,101800.0,14.02,2025-07-18,12,73115.36,Active,Low
L005841,C00551,Home,206300.0,8.89,2023-02-10,12,61027.19,Overdue,Low
L005842,C08015,Auto,232500.0,9.93,2024-07-28,120,146602.8,Closed,Low
L005843,C07533,Personal,100600.0,15.4,2022-12-25,180,59889.59,Active,Low
L005844,C06170,Auto,310000.0,11.74,2025-11-10,36,170508.7,Active,Medium
L005845,C00398,Education,265900.0,14.5,2025-03-07,120,138455.85,Closed,Medium
L005846,C06177,Home,91300.0,13.63,2022-12-03,240,59837.52,Active,Medium
L005847,C03042,Auto,89900.0,12.51,2024-10-04,84,46399.22,Active,Low
L005848,C11984,Auto,95500.0,6.87,2025-12-25,240,46320.44,Active,Low
L005849,C07108,Personal,66500.0,15.5,2024-10-24,180,52571.9,Active,Low
L005850,C03904,Home,348300.0,15.03,2023-09-23,120,150057.46,Active,Low
L005851,C06581,Home,111800.0,15.52,2023-02-06,84,41978.62,Overdue,Low
L005852,C14752,Home,730600.0,10.52,2024-11-29,48,211527.0,Closed,High
L005853,C09726,Business,81200.0,13.84,2025-12-31,84,44231.14,Active,Low
L005854,C01917,Personal,190600.0,15.51,2023-05-24,240,107565.35,Active,Medium
L005855,C12385,Personal,106300.0,14.32,2023-05-18,180,7282.56,Active,Low
L005856,C06721,Home,284700.0,14.12,2022-01-27,60,135503.21,Active,Low
L005857,C10143,Home,50000.0,15.33,2022-04-26,120,13138.87,Active,Medium
L005858,C05475,Auto,151300.0,10.29,2025-07-22,60,64673.1,Active,Low
L005859,C07329,Home,70300.0,7.66,2025-07-22,48,37932.14,Active,Low
L005860,C03718,Personal,276200.0,10.53,2022-06-22,84,179778.32,Active,High
L005861,C03822,Home,125700.0,11.0,2023-08-04,180,46113.95,Closed,Low
L005862,C05850,Auto,193800.0,7.48,2024-10-29,24,183344.15,Overdue,Low
L005863,C05759,Personal,417100.0,8.19,2025-05-06,12,242798.42,Active,Medium
L005864,C10532,Business,276100.0,11.28,2024-01-10,120,143039.21,Closed,Low
L005865,C03859,Personal,130600.0,15.73,2025-03-27,60,52289.17,Active,High
L005866,C01828,Education,127100.0,16.14,2022-12-30,120,110475.18,Active,High
L005867,C01770,Home,307200.0,16.18,2023-03-20,240,48295.29,Overdue,Medium
L005868,C12516,Auto,186000.0,15.4,2024-08-20,24,167427.9,Active,Low
L005869,C03414,Auto,53000.0,10.48,2025-04-14,84,4594.09,Active,Medium
L005870,C00391,Personal,461200.0,11.43,2024-11-16,60,354776.86,Overdue,Medium
L005871,C02946,Home,172300.0,10.14,2025-02-03,240,103475.07,Closed,Medium
L005872,C13941,Auto,87700.0,13.91,2024-06-30,84,17872.9,Active,Low
L005873,C08925,Home,138000.0,15.56,2023-12-12,84,92826.75,Active,Low
L005874,C00740,Auto,113400.0,13.94,2022-09-19,84,21390.53,Active,Low
L005875,C12391,Home,79800.0,10.0,2022-11-15,60,41912.27,Overdue,Low
L005876,C01956,Personal,92800.0,8.48,2022-12-31,48,16035.85,Active,Medium
L005877,C02087,Business,50000.0,8.14,2025-12-17,48,17037.67,Active,Medium
L005878,C04498,Business,152100.0,11.64,2022-09-08,180,48335.4,Defaulted,Low
L005879,C08364,Auto,154800.0,10.41,2022-02-19,36,61996.51,Closed,Low
L005880,C12388,Personal,106400.0,8.32,2024-03-18,12,31830.08,Active,Low
L005881,C12185,Personal,143800.0,7.18,2023-04-05,84,115738.92,Active,Low
L005882,C03786,Personal,375500.0,12.91,2023-11-18,84,108546.55,Active,High
L005883,C04562,Education,366200.0,10.49,2024-11-19,48,204244.07,Active,High
L005884,C14998,Auto,140800.0,14.15,2024-01-05,84,33720.76,Closed,Medium
L005885,C07559,Home,86900.0,10.25,2022-12-30,84,66357.34,Active,Medium
L005886,C09454,Business,191300.0,15.03,2022-08-15,84,165902.3,Closed,Low
L005887,C00916,Auto,113000.0,16.26,2022-07-20,84,73057.83,Active,Low
L005888,C01304,Personal,329300.0,13.63,2023-05-31,180,73604.34,Active,Low
L005889,C08106,Home,407100.0,14.32,2025-10-16,12,207836.97,Overdue,Medium
L005890,C02352,Personal,140800.0,6.85,2024-04-20,120,115941.97,Active,Low
L005891,C14676,Education,151200.0,14.09,2023-05-04,240,11374.22,Active,High
L005892,C10625,Home,114100.0,10.11,2025-01-12,60,90943.75,Closed,Low
L005893,C01999,Business,50000.0,15.07,2022-07-18,240,43277.39,Overdue,Low
L005894,C09271,Personal,50000.0,11.43,2024-01-26,180,43239.4,Active,High
L005895,C01499,Home,164500.0,14.73,2023-03-13,120,84468.77,Closed,High
L005896,C06169,Home,83900.0,15.33,2024-04-15,60,37359.72,Active,Low
L005897,C09247,Personal,63000.0,8.72,2022-08-01,48,39127.22,Active,Low
L005898,C12376,Home,68000.0,9.23,2023-06-09,120,8550.83,Active,Medium
L005899,C07647,Home,50000.0,8.57,2023-10-31,36,6039.36,Active,Low
L005900,C11574,Home,50000.0,7.92,2025-02-13,240,17655.75,Active,Low
L005901,C13377,Home,50000.0,10.72,2022-12-07,48,23644.8,Active,Low
L005902,C09049,Auto,50000.0,9.39,2023-07-21,84,24101.56,Active,Medium
L005903,C11159,Business,50000.0,9.84,2023-10-01,180,5356.24,Active,Medium
L005904,C02382,Home,197700.0,11.39,2022-07-03,12,14240.38,Closed,Medium
L005905,C10562,Personal,190500.0,11.69,2023-05-30,84,111236.03,Active,Low
L005906,C11207,Auto,228400.0,14.85,2024-10-27,60,140753.12,Overdue,Low
L005907,C03936,Education,50000.0,9.19,2025-12-29,24,35383.56,Active,Medium
L005908,C09109,Personal,319200.0,12.92,2024-08-29,36,24255.65,Active,Low
L005909,C14934,Personal,466100.0,14.16,2024-07-20,120,414654.0,Defaulted,Low
L005910,C10973,Home,193200.0,6.58,2023-07-28,84,179728.39,Closed,High
L005911,C00543,Home,568100.0,9.39,2023-09-28,240,526206.41,Overdue,Low
L005912,C11483,Auto,51800.0,9.47,2023-01-27,36,33467.89,Active,Low
L005913,C04968,Personal,1009300.0,11.61,2023-06-10,240,611661.89,Active,Medium
L005914,C12061,Home,201700.0,8.55,2024-03-24,48,141800.26,Active,Medium
L005915,C01903,Home,257000.0,14.69,2025-11-20,36,108925.37,Closed,Low
L005916,C00629,Education,90700.0,16.03,2022-04-28,84,56604.8,Closed,Medium
L005917,C11998,Auto,85500.0,13.11,2025-11-29,84,5105.67,Active,Medium
L005918,C10812,Education,51500.0,7.83,2023-09-22,60,46594.12,Closed,Low
L005919,C13291,Home,179200.0,7.78,2025-07-15,36,119814.57,Active,Low
L005920,C05048,Personal,75700.0,8.66,2023-12-23,60,40577.3,Defaulted,Low
L005921,C08362,Home,131200.0,15.29,2022-12-19,36,76535.21,Closed,Medium
L005922,C00120,Personal,643100.0,9.41,2024-05-20,12,108116.15,Active,High
L005923,C11932,Education,118800.0,9.69,2022-06-20,60,59038.98,Active,Low
L005924,C12717,Education,604400.0,11.7,2022-10-08,36,556642.13,Closed,High
L005925,C04892,Home,678200.0,13.13,2024-05-16,60,184143.54,Closed,Medium
L005926,C10886,Auto,50700.0,10.97,2022-05-01,180,34110.78,Active,Medium
L005927,C04645,Business,135900.0,6.56,2023-12-01,12,121434.71,Active,Low
L005928,C03484,Personal,99400.0,16.01,2024-06-19,120,93676.59,Closed,Low
L005929,C04706,Auto,50000.0,12.74,2023-09-19,60,35992.09,Active,Low
L005930,C09756,Home,217600.0,11.05,2025-11-03,48,37976.46,Active,Medium
L005931,C02470,Home,136100.0,6.88,2025-02-05,120,44328.26,Overdue,Low
L005932,C10779,Personal,610100.0,10.59,2023-10-26,240,225856.84,Active,Low
L005933,C05088,Personal,50000.0,7.45,2024-03-22,120,24455.35,Active,Low
L005934,C00190,Business,96600.0,8.57,2023-06-21,180,27918.52,Active,Medium
L005935,C10149,Auto,160700.0,10.98,2023-09-22,48,93748.8,Active,Medium
L005936,C07825,Home,166300.0,16.15,2025-03-22,12,75676.53,Overdue,High
L005937,C01261,Home,122500.0,11.33,2024-08-15,48,116011.74,Closed,Low
L005938,C10860,Auto,110200.0,8.21,2023-12-31,60,62986.83,Active,Low
L005939,C08929,Business,88700.0,15.33,2024-04-05,240,34375.42,Active,Low
L005940,C08574,Business,221200.0,8.6,2023-07-12,240,154404.77,Active,Low
L005941,C05968,Personal,50000.0,14.16,2025-03-30,48,41913.17,Active,Medium
L005942,C00317,Home,142000.0,8.77,2023-08-31,240,23230.24,Active,Low
L005943,C12952,Personal,102400.0,15.06,2022-05-03,60,62092.45,Closed,Low
L005944,C03410,Education,50400.0,14.55,2024-06-25,48,36171.93,Active,Low
L005945,C00608,Personal,208600.0,7.84,2025-06-02,12,53572.08,Closed,Low
L005946,C01871,Auto,78800.0,10.12,2022-06-11,48,4105.23,Closed,Low
L005947,C11860,Personal,57100.0,7.1,2023-07-15,60,53762.0,Active,Low
L005948,C06661,Home,138200.0,7.21,2024-06-29,48,127050.32,Overdue,Medium
L005949,C13200,Personal,920300.0,16.03,2023-08-11,240,229953.59,Active,Low
L005950,C01778,Personal,212300.0,15.92,2025-03-29,12,145161.6,Active,Medium
L005951,C11442,Personal,119400.0,8.59,2022-02-21,84,90544.92,Closed,Low
L005952,C13516,Business,151800.0,16.0,2025-07-22,24,125064.52,Active,Low
L005953,C02372,Home,179600.0,9.22,2024-03-25,120,108906.36,Active,Low
L005954,C02134,Business,92700.0,12.85,2023-08-14,84,5070.71,Active,Medium
L005955,C13618,Auto,336800.0,11.04,2025-05-25,48,45777.38,Active,Medium
L005956,C03790,Personal,68300.0,12.56,2025-06-26,24,62062.68,Active,Low
L005957,C06326,Home,165200.0,15.44,2024-11-23,12,66431.96,Active,Medium
L005958,C03660,Education,57000.0,8.0,2024-11-19,84,8706.28,Closed,Low
L005959,C09989,Business,140900.0,12.58,2024-04-19,60,41610.52,Active,Medium
L005960,C05587,Personal,196900.0,14.08,2023-08-24,120,27027.32,Closed,Medium
L005961,C12116,Auto,188900.0,13.17,2022-03-22,60,105458.46,Closed,Medium
L005962,C07590,Personal,113900.0,12.77,2025-07-03,180,59268.67,Defaulted,Low
L005963,C10724,Business,181200.0,6.97,2024-02-18,180,33758.77,Closed,Low
L005964,C14667,Business,108900.0,10.41,2025-08-19,36,96534.62,Active,Medium
L005965,C11466,Personal,118100.0,15.09,2024-10-14,240,40711.23,Closed,High
L005966,C09747,Business,226400.0,12.02,2022-08-21,12,47595.08,Defaulted,Low
L005967,C02655,Home,73700.0,13.18,2022-01-23,120,51863.25,Closed,Medium
L005968,C04766,Business,167000.0,9.0,2023-06-08,36,60734.3,Active,Low
L005969,C03476,Home,88500.0,12.49,2023-07-25,240,14860.82,Closed,Low
L005970,C11802,Home,550200.0,7.57,2022-03-01,12,142912.8,Active,Low
L005971,C00423,Auto,542700.0,9.67,2022-06-01,180,501110.54,Closed,Medium
L005972,C02226,Home,151100.0,15.65,2024-03-12,240,35351.59,Active,Low
L005973,C08264,Business,73300.0,7.47,2022-06-03,180,47081.51,Active,Medium
L005974,C05770,Business,85200.0,6.61,2023-03-03,36,76908.22,Defaulted,Low
L005975,C09593,Home,50000.0,9.19,2024-09-25,24,16837.61,Overdue,Low
L005976,C02485,Personal,127000.0,12.62,2023-08-26,24,88745.24,Overdue,Low
L005977,C07996,Personal,236900.0,16.08,2022-12-15,120,163308.69,Active,Low
L005978,C13974,Personal,50000.0,6.61,2025-01-19,12,5004.33,Active,Low
L005979,C06691,Personal,201100.0,9.14,2022-04-17,12,51253.35,Active,Medium
L005980,C14601,Personal,378500.0,9.23,2024-01-08,48,35962.2,Closed,Low
L005981,C04468,Personal,164700.0,7.58,2022-09-05,84,62749.33,Active,Low
L005982,C12889,Business,81000.0,10.22,2024-04-30,60,56853.77,Active,Medium
L005983,C00109,Home,51300.0,15.3,2025-01-29,12,21327.7,Active,High
L005984,C04749,Personal,374500.0,13.81,2022-05-18,60,239496.53,Overdue,Medium
L005985,C09564,Personal,50000.0,12.9,2022-06-28,180,29979.21,Active,Medium
L005986,C07902,Home,118100.0,14.16,2025-04-27,180,17720.7,Active,Low
L005987,C11049,Education,52600.0,14.23,2022-10-15,24,42518.26,Closed,Low
L005988,C03970,Education,216300.0,7.83,2024-01-10,180,18144.25,Active,Low
L005989,C05956,Auto,107000.0,13.63,2025-07-13,36,31256.18,Active,Medium
L005990,C12336,Home,129100.0,9.96,2024-04-17,36,80896.14,Active,High
L005991,C01518,Home,398700.0,9.57,2023-01-17,120,317803.6,Active,Low
L005992,C02581,Auto,285900.0,9.04,2025-05-16,180,92537.26,Closed,Low
L005993,C04059,Auto,284200.0,11.65,2023-07-12,36,32180.06,Active,Low
L005994,C10047,Education,124900.0,16.48,2023-12-31,24,83680.49,Active,Medium
L005995,C06122,Personal,130900.0,6.64,2023-01-23,120,60591.36,Active,Medium
L005996,C09819,Home,271600.0,10.95,2022-07-08,24,121973.79,Active,Low
L005997,C06486,Personal,88300.0,16.31,2022-11-17,12,66294.09,Overdue,Medium
L005998,C07825,Personal,202000.0,8.95,2025-03-15,24,66949.08,Active,Medium
L005999,C06184,Home,569800.0,7.32,2025-09-23,120,500000.58,Overdue,Medium
L006000,C09455,Auto,215400.0,11.98,2023-01-19,48,114810.06,Closed,Medium
L006001,C08073,Auto,434200.0,12.71,2024-02-22,48,79405.89,Active,Medium
L006002,C09006,Business,120700.0,14.21,2023-02-24,240,87660.92,Active,Low
L006003,C10921,Business,359800.0,6.52,2023-04-12,48,83126.22,Defaulted,Medium
L006004,C07757,Personal,189500.0,9.84,2022-08-05,60,66019.67,Active,High
L006005,C01509,Business,147400.0,6.84,2023-03-20,12,72922.78,Closed,Medium
L006006,C05436,Personal,450700.0,15.28,2024-01-15,120,308882.41,Active,Low
L006007,C02712,Business,116800.0,11.62,2025-02-01,180,53300.19,Active,Medium
L006008,C07755,Personal,130500.0,9.12,2023-09-10,240,30763.2,Active,Low
L006009,C14887,Home,459600.0,8.78,2024-04-26,12,206707.54,Active,Medium
L006010,C09161,Personal,167900.0,9.13,2023-06-18,24,117540.54,Active,High
L006011,C02929,Personal,218300.0,15.81,2024-09-10,36,181328.48,Active,Medium
L006012,C04085,Home,95800.0,9.56,2025-04-13,36,90554.05,Active,Low
L006013,C13857,Personal,56200.0,15.94,2023-04-16,12,39173.79,Active,Low
L006014,C02148,Education,583400.0,11.68,2025-12-18,180,273669.64,Active,Low
L006015,C05183,Home,202900.0,12.62,2022-04-18,12,64336.06,Closed,Low
L006016,C11415,Personal,55700.0,11.78,2024-04-28,24,36820.07,Active,Low
L006017,C09226,Home,100000.0,13.06,2024-10-06,12,77122.87,Active,Low
L006018,C06098,Personal,232400.0,9.72,2022-11-02,240,192263.32,Closed,Medium
L006019,C03108,Personal,381600.0,9.38,2024-08-29,48,327608.15,Overdue,Medium
L006020,C09069,Education,516400.0,7.03,2025-07-06,180,163355.84,Active,High
L006021,C12816,Home,214300.0,8.83,2023-05-04,180,151801.41,Overdue,Medium
L006022,C07072,Business,146700.0,7.7,2025-06-21,24,22683.85,Active,High
L006023,C11854,Personal,171200.0,11.73,2022-04-25,36,47142.2,Closed,Low
L006024,C12531,Auto,138900.0,15.61,2025-04-26,60,10979.04,Active,Low
L006025,C02499,Auto,237100.0,11.47,2022-06-15,36,178928.54,Active,Medium
L006026,C11174,Education,104200.0,12.52,2024-11-14,36,50489.51,Overdue,Low
L006027,C08679,Business,538100.0,11.23,2023-05-06,180,73795.69,Active,Low
L006028,C07841,Business,289200.0,10.24,2025-09-26,180,255011.13,Active,Low
L006029,C01149,Home,178400.0,11.3,2022-06-13,12,105115.32,Closed,Medium
L006030,C03018,Personal,229600.0,10.22,2025-07-18,120,115856.34,Active,Medium
L006031,C05518,Auto,235500.0,10.17,2025-06-05,60,67717.88,Defaulted,Low
L006032,C06352,Home,202100.0,14.23,2024-05-21,12,150680.85,Active,Low
L006033,C10118,Personal,99100.0,7.31,2023-10-07,24,72495.03,Closed,Medium
L006034,C14659,Business,105500.0,9.79,2023-01-06,12,14182.34,Active,Medium
L006035,C10219,Auto,362300.0,12.82,2024-09-19,120,215589.78,Closed,Medium
L006036,C07547,Business,83500.0,8.54,2023-01-04,180,44707.37,Active,Medium
L006037,C12235,Business,193700.0,16.08,2023-11-04,240,114468.98,Active,Medium
L006038,C00648,Auto,166400.0,10.52,2025-07-21,240,21089.13,Closed,Low
L006039,C00625,Personal,237500.0,14.49,2022-07-04,24,40517.35,Active,Low
L006040,C06706,Education,269000.0,10.25,2024-05-31,36,163581.97,Closed,High
L006041,C08465,Home,120900.0,9.82,2023-06-30,240,113949.64,Closed,Low
L006042,C09983,Home,450100.0,6.5,2022-03-04,48,267303.09,Overdue,Low
L006043,C01744,Home,215600.0,6.75,2024-03-21,36,50078.66,Active,Low
L006044,C04254,Home,634900.0,6.79,2023-07-18,36,81817.46,Closed,Low
L006045,C10221,Home,107600.0,11.29,2025-01-30,12,28282.83,Active,Low
L006046,C02788,Home,1372700.0,16.24,2024-01-07,180,1150881.82,Closed,Low
L006047,C00863,Home,197300.0,12.3,2024-11-06,60,107920.2,Active,Low
L006048,C04475,Personal,475400.0,15.48,2024-11-19,180,73924.52,Active,Medium
L006049,C06049,Personal,194100.0,11.28,2024-04-04,48,85910.07,Active,Low
L006050,C04795,Auto,770500.0,14.2,2024-11-17,84,451247.31,Active,Medium
L006051,C13163,Home,62000.0,14.47,2024-03-12,84,42920.47,Closed,Medium
L006052,C14333,Auto,144800.0,14.07,2022-09-02,84,32368.03,Active,Low
L006053,C03409,Personal,278200.0,11.07,2023-11-08,12,28654.14,Active,High
L006054,C01886,Home,894600.0,7.09,2024-02-16,240,659337.71,Active,Low
L006055,C08583,Personal,275400.0,11.19,2025-02-05,12,61167.25,Closed,Medium
L006056,C10300,Personal,384000.0,13.25,2022-12-05,12,352451.99,Active,Low
L006057,C07791,Home,116700.0,11.16,2024-06-08,36,81171.58,Active,Medium
L006058,C03074,Auto,118900.0,14.27,2025-01-14,12,48708.61,Closed,Low
L006059,C04149,Home,75500.0,10.52,2024-03-21,84,44919.03,Overdue,Medium
L006060,C07152,Auto,67700.0,10.72,2023-05-14,36,39956.66,Active,Medium
L006061,C14404,Auto,52900.0,10.79,2024-01-24,24,2729.6,Overdue,Low
L006062,C03773,Personal,137600.0,11.43,2024-07-14,180,17108.5,Active,Low
L006063,C09624,Home,173200.0,10.27,2024-12-05,180,144868.63,Overdue,Low
L006064,C03296,Personal,398200.0,14.15,2025-08-26,240,338201.33,Active,Low
L006065,C07721,Home,305200.0,12.63,2024-02-18,240,222302.91,Active,Low
L006066,C00496,Personal,654300.0,13.51,2025-04-13,12,324083.46,Active,Low
L006067,C04040,Home,140800.0,7.0,2025-08-30,84,61259.0,Closed,Medium
L006068,C13322,Home,202300.0,6.81,2022-11-10,120,131347.97,Active,High
L006069,C06207,Home,79700.0,13.71,2023-01-11,24,40570.92,Closed,Medium
L006070,C01339,Personal,245500.0,8.32,2024-03-03,120,79791.88,Active,Low
L006071,C14829,Personal,214000.0,7.06,2025-09-28,48,174518.13,Closed,Low
L006072,C06985,Personal,72700.0,10.48,2022-07-04,84,17913.58,Active,Low
L006073,C11847,Personal,87700.0,10.65,2023-07-30,180,24825.74,Active,Low
L006074,C07101,Home,320700.0,11.85,2022-06-28,180,158115.72,Closed,Medium
L006075,C02997,Auto,92100.0,13.58,2023-05-05,48,52161.33,Closed,Low
L006076,C13718,Home,281400.0,11.97,2024-07-31,48,236142.9,Active,Low
L006077,C04822,Education,173000.0,13.08,2025-08-29,24,44876.45,Overdue,Medium
L006078,C12229,Business,618000.0,14.98,2025-02-18,48,79593.25,Active,Low
L006079,C06251,Auto,206000.0,9.17,2022-07-12,36,156703.21,Closed,High
L006080,C12649,Auto,258400.0,8.64,2025-04-07,48,16045.52,Active,Low
L006081,C11228,Auto,251400.0,8.12,2023-06-21,48,108354.65,Active,Low
L006082,C03470,Education,50000.0,7.85,2022-01-04,12,32879.83,Overdue,Medium
L006083,C04797,Personal,371800.0,15.73,2025-02-10,240,255682.59,Overdue,Low
L006084,C07212,Personal,343100.0,15.13,2022-04-19,120,248367.25,Active,Low
L006085,C13268,Education,86100.0,13.14,2022-02-09,24,60680.47,Active,High
L006086,C13954,Home,68400.0,12.21,2023-06-03,48,56958.27,Active,Low
L006087,C01972,Personal,97900.0,15.42,2024-11-05,180,65704.78,Active,Medium
L006088,C14248,Home,480100.0,10.26,2022-01-26,36,379793.53,Active,Low
L006089,C07372,Home,50000.0,7.12,2022-10-23,84,38346.16,Active,Low
L006090,C09621,Home,160800.0,8.34,2024-03-20,180,25087.52,Active,Low
L006091,C12515,Personal,181400.0,10.96,2023-08-04,12,18471.74,Active,Low
L006092,C05808,Home,217400.0,16.35,2024-12-24,84,168945.86,Active,Medium
L006093,C09830,Personal,266500.0,7.61,2025-12-24,12,247905.35,Overdue,Low
L006094,C11916,Personal,81000.0,10.21,2023-11-03,180,66701.98,Active,Low
L006095,C00372,Auto,106900.0,13.39,2022-03-18,60,33597.81,Closed,Low
L006096,C14465,Personal,134900.0,8.2,2025-08-15,180,63578.37,Active,Low
L006097,C09673,Personal,268000.0,7.19,2022-02-03,24,152329.24,Active,Low
L006098,C04200,Home,628900.0,14.75,2024-04-28,84,136902.27,Active,Low
L006099,C02084,Auto,416900.0,16.19,2022-03-11,24,134495.65,Closed,High
L006100,C00585,Home,467300.0,7.22,2024-09-18,12,191292.0,Active,Medium
L006101,C10660,Auto,176000.0,7.97,2023-12-13,180,141080.83,Active,Low
L006102,C01623,Business,80200.0,14.48,2022-12-11,240,20612.93,Closed,Low
L006103,C14961,Auto,144600.0,16.18,2022-01-01,120,16614.53,Active,Low
L006104,C07818,Business,81600.0,11.61,2023-11-28,12,16968.39,Active,Low
L006105,C11442,Business,94100.0,8.57,2025-05-07,48,27572.18,Closed,Low
L006106,C11132,Business,58700.0,12.53,2023-07-03,12,39984.17,Overdue,Medium
L006107,C10622,Home,227400.0,6.56,2024-03-24,120,122966.62,Closed,Medium
L006108,C14788,Home,98700.0,9.54,2022-10-09,84,66921.82,Closed,Low
L006109,C06217,Auto,126800.0,12.8,2022-04-10,120,54511.95,Active,Medium
L006110,C02747,Personal,161000.0,11.61,2025-08-20,60,123882.11,Overdue,Medium
L006111,C04507,Auto,50000.0,13.75,2022-07-05,180,40570.5,Active,High
L006112,C01398,Home,241700.0,14.06,2023-01-07,24,112213.04,Closed,Medium
L006113,C06539,Education,230300.0,8.76,2025-05-31,60,74580.09,Active,Low
L006114,C05864,Personal,351500.0,10.56,2022-11-16,180,303555.94,Defaulted,Low
L006115,C14441,Auto,101300.0,7.86,2023-01-24,180,94935.61,Active,High
L006116,C07263,Auto,735800.0,9.89,2024-03-14,180,580527.24,Active,Low
L006117,C01624,Home,94100.0,10.89,2025-08-18,48,32786.49,Active,Medium
L006118,C05734,Home,559900.0,9.0,2022-05-03,120,99252.22,Active,Low
L006119,C13995,Auto,86900.0,8.26,2023-08-20,36,52334.38,Active,Low
L006120,C02507,Home,455700.0,15.48,2024-04-11,180,161071.04,Active,Medium
L006121,C00907,Personal,183900.0,9.17,2025-01-19,12,22501.46,Active,Low
L006122,C06976,Personal,375700.0,12.05,2023-12-13,24,102884.71,Closed,Medium
L006123,C13236,Business,244000.0,7.67,2022-05-11,60,183331.83,Active,Medium
L006124,C05253,Personal,431000.0,14.78,2024-12-01,84,221277.89,Defaulted,Low
L006125,C12940,Auto,174200.0,13.84,2025-07-07,12,19948.61,Active,Low
L006126,C03870,Auto,53700.0,8.35,2023-09-10,60,40532.1,Overdue,Low
L006127,C11712,Home,139800.0,8.51,2023-01-01,240,74612.58,Active,Low
L006128,C01709,Home,62400.0,7.61,2024-05-15,120,8449.23,Overdue,Low
L006129,C14008,Personal,133200.0,6.93,2022-08-26,12,76302.03,Closed,Medium
L006130,C14635,Auto,138200.0,10.14,2022-01-15,180,68606.8,Active,Low
L006131,C12551,Auto,520700.0,13.9,2022-04-22,24,482596.61,Defaulted,Medium
L006132,C01233,Personal,189300.0,12.64,2025-08-18,120,88323.1,Active,Medium
L006133,C04253,Education,54000.0,12.56,2024-08-20,12,49756.59,Active,Medium
L006134,C07421,Personal,239200.0,9.4,2025-07-25,84,110316.12,Closed,Low
L006135,C03226,Personal,96800.0,14.9,2024-03-13,84,13332.3,Defaulted,Medium
L006136,C10752,Education,222100.0,13.92,2024-12-23,180,77384.32,Active,Low
L006137,C01923,Auto,296600.0,12.05,2022-03-18,48,229189.33,Active,Low
L006138,C01668,Personal,160200.0,15.75,2022-02-01,84,137798.55,Overdue,Low
L006139,C03404,Education,280100.0,11.5,2023-11-18,180,204992.73,Active,Low
L006140,C13661,Home,100800.0,14.31,2025-09-22,240,27957.99,Active,Low
L006141,C09970,Business,940200.0,15.51,2024-04-13,36,284707.79,Active,Medium
L006142,C12654,Business,269700.0,6.56,2024-10-29,36,231102.79,Active,Medium
L006143,C02339,Personal,83100.0,13.28,2025-10-14,84,58858.83,Active,Low
L006144,C04264,Education,68300.0,15.74,2024-01-26,12,48295.43,Closed,Low
L006145,C01151,Home,244500.0,14.46,2023-12-30,24,230015.69,Active,Low
L006146,C13546,Personal,50000.0,6.85,2023-07-25,120,25084.64,Active,Low
L006147,C05293,Home,123900.0,12.39,2022-12-27,120,103695.53,Active,Low
L006148,C02579,Education,111900.0,15.73,2022-09-22,60,84527.38,Active,Medium
L006149,C11514,Auto,306400.0,12.28,2023-02-18,60,63582.61,Active,Medium
L006150,C11401,Auto,67900.0,15.33,2025-08-09,240,34264.71,Active,High
L006151,C13276,Home,204000.0,8.62,2023-08-30,60,107604.71,Active,Medium
L006152,C06655,Personal,199400.0,14.92,2024-05-27,24,49779.44,Active,Medium
L006153,C01198,Business,417700.0,15.57,2023-12-20,84,354382.88,Active,Medium
L006154,C11138,Home,137700.0,13.45,2022-04-01,12,82382.79,Active,Low
L006155,C14734,Business,178400.0,11.85,2023-03-16,240,101869.02,Active,Medium
L006156,C05385,Personal,154900.0,7.94,2023-09-27,36,142605.87,Closed,Low
L006157,C04194,Home,555300.0,15.85,2024-02-14,120,454899.56,Active,Low
L006158,C14296,Education,538700.0,12.42,2023-07-03,12,477481.33,Active,Low
L006159,C11527,Education,75400.0,10.61,2023-08-25,48,43451.32,Active,Low
L006160,C05009,Business,314400.0,6.8,2024-12-27,84,281383.2,Overdue,Low
L006161,C05802,Business,152000.0,7.02,2025-07-15,48,35665.67,Closed,Low
L006162,C11579,Personal,145100.0,16.28,2023-06-05,180,125942.32,Closed,High
L006163,C12764,Home,100300.0,15.57,2022-03-05,240,30067.14,Active,Medium
L006164,C01858,Personal,107300.0,8.41,2022-08-02,12,75140.14,Active,Low
L006165,C10566,Home,326000.0,11.33,2022-12-28,60,161834.96,Active,Medium
L006166,C02991,Business,156700.0,10.32,2025-09-23,180,121415.75,Active,Low
L006167,C08841,Personal,217100.0,14.3,2023-06-15,48,24109.74,Active,Medium
L006168,C09615,Education,200400.0,12.95,2024-08-03,240,66307.76,Active,Low
L006169,C04032,Business,192800.0,9.51,2022-10-15,60,158112.84,Active,Low
L006170,C07579,Home,1140900.0,10.55,2025-10-11,36,329479.6,Closed,Medium
L006171,C12341,Auto,162000.0,12.76,2023-05-13,84,90746.83,Overdue,Low
L006172,C02861,Home,263600.0,8.2,2022-05-01,36,71138.07,Active,Medium
L006173,C02397,Personal,95200.0,13.11,2022-10-29,240,85163.04,Active,High
L006174,C04262,Home,629200.0,8.44,2022-08-17,60,549182.08,Active,Low
L006175,C01935,Personal,371500.0,11.14,2024-01-10,36,187871.57,Active,Medium
L006176,C14108,Education,107900.0,7.57,2022-07-07,36,10650.48,Active,Low
L006177,C04942,Personal,239900.0,8.03,2023-09-04,60,170468.5,Active,Low
L006178,C10670,Business,87400.0,11.26,2024-12-04,60,55096.94,Defaulted,Medium
L006179,C12088,Home,50000.0,12.95,2025-10-01,120,13739.97,Active,Low
L006180,C00268,Personal,221800.0,10.87,2023-12-13,48,138627.46,Active,Low
L006181,C04296,Personal,395100.0,16.12,2022-10-10,120,345648.45,Closed,Low
L006182,C10110,Home,116300.0,15.92,2025-01-14,24,38608.28,Active,Low
L006183,C05679,Personal,209000.0,15.98,2025-07-28,240,81627.1,Closed,Low
L006184,C13302,Personal,314300.0,9.12,2025-11-05,120,104914.28,Closed,High
L006185,C05918,Personal,199900.0,11.67,2024-08-20,240,186832.72,Active,Low
L006186,C07036,Personal,80600.0,9.97,2025-01-09,48,59338.51,Overdue,High
L006187,C14594,Home,137500.0,15.21,2025-12-25,180,119486.71,Overdue,Low
L006188,C00177,Personal,470300.0,11.33,2024-09-24,12,242882.92,Active,Medium
L006189,C06151,Home,148500.0,14.57,2023-05-23,12,15483.28,Active,Low
L006190,C13167,Business,90800.0,7.51,2024-11-22,60,83866.69,Defaulted,Medium
L006191,C04443,Home,62900.0,12.27,2022-01-26,120,31089.02,Closed,Low
L006192,C04645,Business,166000.0,16.1,2022-09-14,48,80741.97,Active,Low
L006193,C13940,Personal,111100.0,10.23,2024-08-13,60,81931.96,Active,Low
L006194,C08547,Business,85800.0,16.25,2024-08-05,120,28260.36,Closed,Low
L006195,C08829,Auto,140500.0,12.77,2022-06-08,60,35835.62,Active,Medium
L006196,C13230,Home,163300.0,13.1,2024-07-04,240,127752.59,Closed,Low
L006197,C06799,Home,67700.0,10.23,2025-05-26,240,17705.39,Closed,Low
L006198,C05562,Home,370800.0,13.39,2024-04-27,24,278228.09,Active,Low
L006199,C02039,Business,104100.0,8.21,2022-02-17,36,98707.75,Active,Low
L006200,C01907,Personal,70000.0,14.5,2024-10-12,12,28393.74,Active,Medium
L006201,C08932,Education,139100.0,14.05,2024-11-28,120,34525.28,Active,Low
L006202,C10045,Education,204800.0,8.49,2022-08-12,12,147150.41,Active,Low
L006203,C14165,Home,277800.0,8.88,2024-08-02,60,31838.95,Active,Medium
L006204,C09447,Home,261100.0,10.47,2023-01-30,12,195331.63,Overdue,Medium
L006205,C12151,Home,516800.0,12.62,2024-12-15,240,193500.8,Closed,Low
L006206,C04445,Auto,77500.0,7.73,2025-07-03,180,22333.71,Active,Low
L006207,C08378,Education,55200.0,14.17,2023-10-10,84,51514.4,Active,Medium
L006208,C00853,Personal,53500.0,8.03,2024-06-29,84,29548.65,Closed,Medium
L006209,C06985,Home,147600.0,12.96,2022-03-18,12,16379.68,Active,Low
L006210,C08777,Personal,127600.0,12.86,2023-12-27,60,54720.23,Active,Low
L006211,C01482,Personal,158700.0,6.66,2024-02-01,120,69948.19,Active,High
L006212,C07602,Home,50000.0,6.86,2022-10-05,48,27832.45,Active,Low
L006213,C02579,Home,156200.0,6.67,2025-07-23,60,98537.81,Closed,Low
L006214,C04924,Home,437600.0,16.2,2024-03-27,12,46567.04,Active,Low
L006215,C05552,Business,171200.0,14.73,2022-06-26,48,87679.09,Active,Low
L006216,C07878,Home,278500.0,15.22,2024-02-17,84,19882.49,Overdue,Medium
L006217,C06266,Auto,81500.0,13.79,2024-08-27,60,70222.42,Overdue,Low
L006218,C11076,Home,164700.0,9.59,2025-05-30,12,14823.23,Active,Medium
L006219,C13335,Auto,50000.0,10.97,2023-09-23,84,25470.8,Active,Medium
L006220,C08008,Auto,230000.0,15.11,2023-08-17,120,12211.31,Closed,Low
L006221,C11795,Home,89900.0,15.43,2024-05-23,240,74369.37,Defaulted,Medium
L006222,C07648,Personal,277500.0,15.3,2025-12-30,180,129056.51,Active,High
L006223,C08572,Home,94000.0,15.38,2025-09-16,48,72321.19,Active,Low
L006224,C09967,Home,138000.0,10.98,2023-09-15,84,91115.67,Closed,Medium
L006225,C00018,Personal,195000.0,6.8,2022-04-10,12,159738.65,Closed,Low
L006226,C14349,Personal,50000.0,6.52,2024-11-22,84,20621.99,Overdue,Medium
L006227,C10144,Home,67000.0,8.02,2024-05-26,240,41335.57,Active,Low
L006228,C03321,Business,134200.0,10.0,2025-12-22,60,53217.28,Active,Medium
L006229,C12260,Home,319000.0,9.19,2023-05-29,48,21406.9,Active,Low
L006230,C03541,Education,57200.0,15.46,2024-02-03,12,4912.17,Overdue,Low
L006231,C02790,Auto,292100.0,15.64,2024-01-07,84,215892.46,Closed,Medium
L006232,C06953,Personal,232600.0,10.09,2023-07-13,24,213581.59,Active,High
L006233,C12431,Home,194300.0,10.53,2023-05-10,60,48104.35,Active,Low
L006234,C00427,Home,299800.0,13.48,2023-10-07,60,164946.07,Active,Medium
L006235,C06825,Personal,319800.0,16.14,2025-12-05,12,39591.38,Overdue,Low
L006236,C05414,Personal,297300.0,10.49,2024-05-08,60,138171.8,Active,Low
L006237,C10831,Home,56900.0,8.18,2023-03-22,120,44490.47,Active,Medium
L006238,C07772,Business,102300.0,12.73,2025-10-05,60,21886.78,Active,Medium
L006239,C05718,Personal,284500.0,8.7,2024-02-20,36,125216.92,Active,Low
L006240,C00845,Home,152500.0,8.73,2022-01-18,180,124736.75,Active,Low
L006241,C06411,Home,78600.0,11.3,2024-08-13,240,68979.56,Active,Medium
L006242,C03158,Home,190400.0,7.33,2023-09-13,240,37661.85,Active,Low
L006243,C02899,Personal,107500.0,10.89,2024-08-26,12,32946.26,Overdue,Low
L006244,C05549,Personal,173500.0,9.53,2022-11-25,12,150770.82,Closed,Medium
L006245,C04204,Home,249800.0,12.27,2024-09-16,120,73759.66,Active,Low
L006246,C01406,Home,50000.0,7.77,2022-01-27,180,2617.04,Closed,Low
L006247,C02946,Home,87900.0,14.51,2023-03-09,180,75198.34,Defaulted,Medium
L006248,C12039,Personal,111300.0,8.08,2024-07-10,48,34827.54,Active,Low
L006249,C12631,Personal,576000.0,8.94,2023-09-21,12,340619.14,Active,Low
L006250,C07055,Home,124500.0,10.05,2022-05-23,48,87216.14,Active,Medium
L006251,C05840,Auto,146400.0,10.77,2024-06-25,12,104746.58,Overdue,Low
L006252,C04371,Education,425900.0,10.25,2022-07-25,240,353178.48,Active,Medium
L006253,C06095,Home,86700.0,7.24,2024-05-12,240,27934.01,Active,High
L006254,C01308,Home,142600.0,14.37,2022-11-14,48,35355.56,Active,High
L006255,C04838,Business,683200.0,10.07,2023-07-02,180,622054.66,Active,Low
L006256,C14158,Home,305000.0,15.71,2023-12-16,60,190146.08,Closed,Low
L006257,C14686,Business,403100.0,6.72,2024-07-23,240,216966.39,Overdue,Low
L006258,C07653,Personal,509400.0,15.77,2023-06-09,180,143912.91,Active,Medium
L006259,C07517,Auto,182000.0,11.16,2023-03-20,48,24201.15,Active,Low
L006260,C10641,Home,50000.0,7.94,2025-09-27,36,42856.7,Active,Low
L006261,C01903,Auto,1145300.0,15.19,2022-01-16,12,596713.82,Active,Low
L006262,C02923,Auto,50000.0,10.62,2024-03-24,24,44183.6,Defaulted,Low
L006263,C03495,Personal,95900.0,15.15,2023-08-23,60,37353.89,Closed,Low
L006264,C06870,Education,107400.0,13.25,2024-05-13,48,80806.42,Active,Low
L006265,C05586,Auto,127700.0,7.4,2022-02-27,120,89830.29,Closed,Low
L006266,C03213,Home,117800.0,13.02,2022-09-05,180,7422.06,Closed,Low
L006267,C00109,Home,50000.0,8.1,2023-06-29,48,2975.59,Active,Low
L006268,C00499,Home,602600.0,7.12,2024-01-24,48,481933.16,Overdue,High
L006269,C06268,Home,57000.0,14.43,2022-04-09,48,8481.17,Closed,Low
L006270,C06501,Auto,75900.0,14.77,2024-11-06,180,44656.9,Overdue,Medium
L006271,C09869,Business,115200.0,15.19,2025-04-18,60,42856.07,Active,Low
L006272,C00705,Business,177600.0,13.24,2024-05-09,180,121002.98,Closed,Medium
L006273,C08735,Business,189700.0,15.06,2024-07-07,60,116561.43,Active,High
L006274,C14430,Business,141500.0,12.25,2025-04-17,48,76978.68,Active,Medium
L006275,C13641,Home,277400.0,13.84,2022-09-27,48,226251.04,Active,Low
L006276,C04994,Home,132100.0,14.8,2023-07-21,240,119277.76,Overdue,Medium
L006277,C12875,Business,79300.0,15.91,2024-06-07,12,60870.46,Overdue,Medium
L006278,C03091,Personal,586600.0,10.04,2025-03-29,120,298642.05,Active,Medium
L006279,C13811,Education,227200.0,16.03,2022-09-11,12,186623.34,Active,Low
L006280,C02873,Home,92900.0,10.47,2024-04-05,60,42359.78,Defaulted,Medium
L006281,C05359,Auto,592000.0,6.62,2025-08-27,48,407799.03,Closed,Low
L006282,C06504,Business,152000.0,9.77,2025-05-26,24,99493.35,Active,Medium
L006283,C04723,Personal,169300.0,10.44,2023-08-20,240,150914.83,Active,Low
L006284,C04652,Home,365900.0,11.89,2025-09-22,24,118691.57,Active,Medium
L006285,C08741,Home,316700.0,16.12,2022-02-12,12,181066.8,Active,Low
L006286,C00676,Auto,50000.0,8.35,2024-01-03,48,32642.2,Active,Low
L006287,C07654,Home,57500.0,14.15,2023-06-26,60,46656.39,Closed,Medium
L006288,C14752,Home,211200.0,12.5,2025-11-17,120,175141.83,Closed,Medium
L006289,C03726,Personal,617400.0,10.72,2023-01-29,120,232442.3,Closed,Medium
L006290,C03301,Home,76900.0,14.24,2024-01-19,48,72814.98,Active,High
L006291,C04044,Education,173000.0,8.26,2022-07-04,36,61285.44,Active,Low
L006292,C03872,Auto,160000.0,8.22,2024-03-06,48,70658.67,Active,Medium
L006293,C02632,Personal,87700.0,15.67,2023-07-30,12,53685.41,Active,Low
L006294,C06749,Home,50000.0,8.38,2024-02-28,240,26013.97,Defaulted,Medium
L006295,C14443,Business,145900.0,10.69,2025-02-26,120,19687.54,Active,Low
L006296,C06917,Personal,415100.0,13.12,2025-11-13,180,69875.52,Active,Low
L006297,C05820,Personal,298600.0,14.89,2023-02-23,36,152189.89,Overdue,Low
L006298,C02401,Education,50000.0,8.95,2025-12-10,12,8445.75,Active,Low
L006299,C04246,Personal,50000.0,8.94,2024-07-26,84,21807.67,Active,Low
L006300,C02365,Personal,267900.0,15.4,2025-12-24,240,204126.6,Closed,Low
L006301,C10678,Auto,345100.0,8.29,2023-07-28,120,248519.56,Active,Low
L006302,C03554,Personal,51500.0,11.7,2024-01-28,120,44315.95,Active,Medium
L006303,C01833,Home,251000.0,14.27,2023-11-17,36,55442.52,Closed,Low
L006304,C01750,Business,161500.0,14.61,2023-09-07,240,23875.21,Closed,Low
L006305,C09803,Home,142700.0,10.48,2025-03-07,24,34481.42,Active,Low
L006306,C00156,Home,457900.0,7.19,2024-02-06,48,23847.61,Active,Low
L006307,C11072,Personal,65000.0,7.66,2024-10-26,180,41461.48,Active,Medium
L006308,C08327,Auto,365200.0,12.1,2022-10-12,120,82092.72,Active,Low
L006309,C12629,Personal,286900.0,8.85,2024-12-08,180,246297.72,Active,Medium
L006310,C06782,Home,50000.0,10.04,2024-09-05,60,32897.12,Active,Low
L006311,C03525,Personal,50000.0,13.11,2022-08-25,12,38623.67,Closed,High
L006312,C07029,Personal,50000.0,13.58,2023-04-28,36,10004.91,Active,Medium
L006313,C09389,Personal,133800.0,13.82,2024-09-17,84,17136.36,Active,Medium
L006314,C02535,Home,199300.0,7.76,2022-06-02,12,34076.69,Active,Low
L006315,C10276,Personal,108500.0,6.74,2023-11-11,60,31953.66,Active,Low
L006316,C00110,Home,435900.0,13.92,2024-02-24,24,294941.14,Closed,Low
L006317,C00696,Business,495400.0,7.42,2025-06-19,36,378043.93,Active,Medium
L006318,C10228,Personal,297500.0,7.59,2024-09-14,12,198169.1,Active,Medium
L006319,C13585,Home,75800.0,15.12,2022-08-05,60,49126.35,Closed,Low
L006320,C01648,Home,50000.0,7.99,2024-12-02,84,7009.28,Overdue,Medium
L006321,C00755,Auto,51200.0,7.41,2023-04-25,180,15849.93,Active,Low
L006322,C12979,Personal,124800.0,10.45,2022-01-13,48,9622.48,Active,Low
L006323,C04460,Personal,150000.0,9.58,2023-10-23,12,120861.7,Active,Low
L006324,C12316,Home,151600.0,13.93,2025-06-19,12,132168.12,Active,Low
L006325,C11931,Education,130500.0,11.21,2025-03-27,48,88601.6,Overdue,Low
L006326,C09527,Auto,87200.0,8.05,2022-05-11,84,57877.62,Active,Low
L006327,C08736,Personal,179600.0,15.43,2024-01-17,48,158632.33,Active,Medium
L006328,C06731,Personal,99400.0,13.65,2025-02-15,48,26417.13,Overdue,Medium
L006329,C06398,Home,405400.0,16.36,2022-07-01,60,136264.83,Closed,Medium
L006330,C07660,Business,80000.0,13.4,2024-03-14,12,52938.16,Active,Low
L006331,C01650,Home,789300.0,14.98,2025-12-21,60,231383.75,Active,Medium
L006332,C04212,Education,503800.0,9.87,2025-11-04,36,403602.45,Closed,Medium
L006333,C10010,Education,112700.0,15.68,2022-02-16,36,75685.21,Active,Low
L006334,C08314,Home,160200.0,11.96,2025-03-06,180,40703.78,Closed,Low
L006335,C10009,Home,95100.0,14.61,2024-07-02,60,20269.63,Active,Low
L006336,C00853,Personal,325800.0,7.51,2025-12-24,48,132155.12,Active,Low
L006337,C13855,Personal,398700.0,10.09,2025-06-23,36,143900.82,Closed,Low
L006338,C01926,Auto,150400.0,13.5,2025-07-19,36,20701.9,Active,Medium
L006339,C05728,Home,151300.0,14.62,2025-02-11,24,57318.6,Active,High
L006340,C03708,Personal,447600.0,8.44,2022-10-20,12,314651.01,Closed,High
L006341,C05206,Business,372900.0,15.31,2025-03-22,180,344539.03,Overdue,Low
L006342,C11807,Education,89300.0,9.85,2025-11-04,12,79717.91,Closed,Low
L006343,C14169,Personal,216100.0,13.33,2022-01-24,48,30068.41,Closed,Low
L006344,C02272,Home,168500.0,15.04,2022-04-15,120,26783.15,Active,Low
L006345,C05857,Home,71300.0,16.04,2025-10-08,36,11571.43,Closed,Medium
L006346,C02321,Education,488800.0,12.74,2024-02-25,60,203998.38,Active,Low
L006347,C12997,Business,183500.0,6.53,2022-02-19,180,150981.41,Active,Low
L006348,C03684,Auto,103300.0,7.45,2024-02-13,36,64446.43,Closed,Medium
L006349,C09756,Auto,305100.0,15.03,2025-10-18,36,96950.23,Active,Low
L006350,C10926,Auto,78100.0,7.81,2024-03-03,240,72033.13,Active,Medium
L006351,C11309,Personal,148500.0,6.51,2023-07-06,120,130802.92,Active,Low
L006352,C06777,Home,101500.0,7.46,2023-04-21,60,45445.36,Closed,Low
L006353,C00198,Auto,65500.0,15.93,2022-05-23,60,39351.57,Active,Low
L006354,C11752,Home,135900.0,15.94,2022-05-23,24,27299.77,Active,Low
L006355,C06655,Business,1473600.0,12.99,2024-01-02,180,863403.09,Active,High
L006356,C00281,Personal,307500.0,11.3,2022-06-27,60,192703.92,Overdue,Low
L006357,C12354,Home,71600.0,9.39,2025-09-01,24,28686.86,Active,Medium
L006358,C03910,Education,692000.0,14.68,2023-12-31,240,144033.78,Active,High
L006359,C00325,Personal,103700.0,15.74,2023-09-14,36,63444.52,Active,Low
L006360,C14535,Home,50000.0,12.8,2025-08-09,48,16270.66,Active,Medium
L006361,C06550,Auto,96700.0,7.99,2022-03-01,240,23361.6,Active,Low
L006362,C06352,Personal,305100.0,15.82,2022-05-11,180,56132.88,Closed,Low
L006363,C04885,Home,408100.0,13.62,2024-06-16,120,77734.13,Active,Low
L006364,C07468,Education,97500.0,13.37,2023-02-25,36,28772.92,Active,Low
L006365,C10935,Home,604100.0,6.92,2022-11-21,36,271586.75,Active,Low
L006366,C02588,Personal,241300.0,13.59,2024-01-17,12,174975.09,Closed,Low
L006367,C08843,Personal,251700.0,8.87,2022-02-26,24,46730.99,Active,Low
L006368,C12076,Personal,134300.0,15.52,2022-02-23,240,74976.28,Active,Medium
L006369,C12207,Business,188900.0,13.24,2022-08-02,84,114254.42,Closed,Low
L006370,C04821,Personal,236500.0,9.85,2025-12-02,180,195449.73,Active,Low
L006371,C07381,Education,299600.0,14.2,2023-10-14,36,208765.05,Active,Low
L006372,C07390,Auto,122200.0,7.85,2025-08-13,180,40928.38,Closed,Low
L006373,C07332,Personal,305600.0,6.93,2023-06-04,84,273384.19,Active,Low
L006374,C00430,Business,50000.0,16.05,2024-12-15,48,26939.78,Active,Medium
L006375,C07608,Education,150900.0,11.0,2023-03-24,84,61880.23,Active,Medium
L006376,C09559,Personal,74100.0,10.42,2025-09-22,48,56231.61,Closed,High
L006377,C07192,Home,167100.0,9.37,2022-04-20,24,33181.63,Active,Low
L006378,C03139,Business,189400.0,9.06,2022-11-24,36,18653.45,Active,Low
L006379,C00641,Education,129700.0,13.39,2023-03-18,180,96907.53,Active,Medium
L006380,C06902,Home,109300.0,16.13,2025-03-27,180,94800.23,Active,Medium
L006381,C09518,Education,302800.0,11.49,2023-07-29,120,194874.04,Active,Low
L006382,C08469,Home,66600.0,13.01,2022-12-20,84,7671.39,Active,Low
L006383,C03399,Auto,98500.0,9.17,2025-03-09,180,17657.99,Active,Low
L006384,C01346,Auto,50000.0,14.7,2024-12-24,24,5120.63,Active,Low
L006385,C10216,Auto,50000.0,16.47,2022-12-26,240,39410.66,Active,Low
L006386,C12488,Education,549600.0,6.59,2024-12-22,84,129901.92,Closed,Medium
L006387,C05281,Home,321700.0,14.45,2024-01-30,120,130881.91,Closed,Low
L006388,C08405,Personal,226200.0,16.44,2022-12-22,84,63257.71,Closed,Medium
L006389,C04086,Business,420100.0,8.7,2022-03-10,120,43183.58,Active,Low
L006390,C11312,Education,111800.0,11.62,2022-05-11,180,102189.43,Active,Medium
L006391,C05175,Business,872600.0,9.84,2022-03-27,60,814171.12,Active,Medium
L006392,C07574,Education,83800.0,12.08,2022-03-28,24,8052.6,Active,Low
L006393,C10409,Home,240300.0,13.68,2023-07-10,84,199705.09,Closed,Low
L006394,C01055,Home,227200.0,13.11,2024-12-01,24,33121.97,Active,Low
L006395,C09052,Business,121200.0,14.03,2023-11-09,120,94874.5,Closed,Low
L006396,C14433,Business,734400.0,13.07,2023-08-30,60,622095.37,Active,Low
L006397,C02672,Personal,350100.0,9.86,2023-02-06,12,190113.08,Defaulted,Low
L006398,C03766,Education,93200.0,12.71,2024-02-01,60,76999.07,Active,Medium
L006399,C12140,Personal,404200.0,14.03,2023-09-21,48,380139.48,Active,Medium
L006400,C11523,Home,442200.0,12.19,2025-08-07,240,227192.43,Active,High
L006401,C13972,Personal,165100.0,12.06,2022-12-21,84,83690.4,Active,Medium
L006402,C04216,Home,506000.0,10.02,2024-06-08,240,233570.42,Closed,Low
L006403,C01914,Home,61400.0,14.88,2025-08-12,180,53882.45,Active,High
L006404,C02885,Personal,128000.0,15.35,2023-05-21,24,115002.67,Active,Medium
L006405,C14233,Business,220800.0,15.54,2022-09-04,24,46672.75,Closed,Low
L006406,C11462,Business,67800.0,10.75,2022-12-30,48,24713.69,Active,Medium
L006407,C01474,Business,276800.0,7.94,2023-08-05,84,74478.91,Overdue,Low
L006408,C09318,Personal,243900.0,14.37,2023-04-12,24,62664.3,Active,Medium
L006409,C08372,Personal,422200.0,12.87,2022-05-14,36,397788.48,Overdue,Low
L006410,C06336,Home,280600.0,9.51,2022-07-06,84,259617.47,Active,Low
L006411,C11116,Personal,260600.0,12.54,2023-08-15,48,205973.74,Active,Low
L006412,C06037,Personal,50000.0,14.38,2025-01-31,24,39940.09,Active,Low
L006413,C14773,Education,196500.0,12.43,2024-05-06,36,20307.7,Overdue,Low
L006414,C09818,Education,320800.0,7.95,2023-04-17,84,165828.19,Active,Medium
L006415,C09238,Personal,303400.0,13.23,2025-10-21,48,97324.94,Active,Low
L006416,C03013,Home,88700.0,14.51,2024-06-25,180,52754.07,Active,Medium
L006417,C07762,Personal,75800.0,12.79,2025-12-29,60,50772.2,Active,Medium
L006418,C00115,Home,121800.0,8.55,2023-02-09,48,61411.7,Active,Low
L006419,C11760,Home,215800.0,13.3,2022-06-02,48,78266.89,Active,Low
L006420,C09111,Personal,298600.0,7.59,2024-07-11,84,58217.29,Active,High
L006421,C01191,Business,103900.0,7.88,2023-02-21,12,59845.24,Active,Medium
L006422,C13629,Personal,710300.0,10.21,2023-11-08,180,467637.65,Active,High
L006423,C01534,Personal,149000.0,13.67,2022-07-25,60,57174.75,Overdue,Low
L006424,C07511,Personal,70200.0,13.07,2023-04-12,12,6824.21,Active,High
L006425,C10347,Personal,146800.0,13.07,2023-01-03,60,97404.62,Active,Low
L006426,C14589,Personal,1161700.0,12.67,2023-01-23,84,555710.22,Closed,Medium
L006427,C11053,Personal,205800.0,11.68,2025-07-14,48,183891.45,Active,Low
L006428,C08165,Personal,192800.0,10.44,2025-03-28,84,121030.54,Closed,Medium
L006429,C13236,Personal,1379400.0,13.7,2023-08-08,36,1228908.69,Overdue,Low
L006430,C00952,Home,133000.0,13.09,2022-11-15,60,74096.09,Closed,Medium
L006431,C03601,Personal,97400.0,7.16,2022-06-18,120,18360.89,Active,Medium
L006432,C05007,Home,206300.0,15.61,2023-03-20,48,193294.11,Closed,Low
L006433,C01317,Auto,302400.0,11.24,2025-08-05,180,240382.57,Defaulted,Low
L006434,C01995,Personal,125300.0,14.74,2024-11-08,24,86999.18,Closed,Medium
L006435,C14932,Education,150700.0,14.9,2024-01-02,180,114266.11,Overdue,Low
L006436,C00378,Education,65100.0,9.71,2022-04-08,12,19492.02,Defaulted,Low
L006437,C10033,Education,109500.0,15.01,2023-12-18,180,61322.41,Active,Medium
L006438,C14283,Auto,441100.0,10.77,2025-09-08,120,45912.38,Closed,Medium
L006439,C08724,Business,63000.0,9.09,2025-07-03,36,41059.67,Active,Low
L006440,C07785,Home,110000.0,12.97,2024-08-23,84,33408.45,Active,Medium
L006441,C00143,Home,50000.0,7.08,2024-07-29,120,27034.34,Active,Low
L006442,C07739,Personal,74000.0,8.9,2025-02-15,36,40083.13,Active,Medium
L006443,C09518,Home,497800.0,13.15,2025-01-26,60,147937.98,Active,Low
L006444,C12601,Auto,91400.0,10.5,2023-10-23,12,22094.43,Active,Low
L006445,C08802,Personal,215000.0,8.96,2023-09-18,48,60020.1,Overdue,High
L006446,C14403,Personal,220600.0,10.93,2025-09-21,36,32970.33,Active,Low
L006447,C02501,Education,122200.0,14.99,2023-06-30,48,112551.2,Overdue,Low
L006448,C00618,Auto,133300.0,16.24,2022-09-18,12,32774.17,Active,Low
L006449,C08199,Personal,288300.0,11.17,2025-02-28,48,125370.37,Active,Low
L006450,C13408,Education,69600.0,12.57,2023-06-18,60,64398.79,Active,Medium
L006451,C12767,Personal,258800.0,12.66,2022-08-24,180,174217.67,Active,Low
L006452,C14260,Personal,271000.0,14.2,2024-05-21,120,144137.8,Closed,High
L006453,C14034,Business,311400.0,9.38,2025-05-12,180,30342.21,Active,Low
L006454,C12978,Personal,681200.0,12.62,2024-08-03,48,85839.07,Defaulted,Low
L006455,C12210,Personal,117900.0,15.75,2022-08-04,120,43311.61,Active,High
L006456,C08073,Personal,1386700.0,16.2,2023-08-24,120,142530.57,Active,Medium
L006457,C05636,Personal,555400.0,6.79,2024-05-28,24,226657.45,Closed,Low
L006458,C12750,Home,324600.0,9.42,2022-05-19,36,109691.34,Active,Low
L006459,C03474,Auto,271900.0,11.16,2022-09-04,180,92322.71,Active,Low
L006460,C13460,Home,343000.0,13.57,2023-10-14,12,48971.2,Active,High
L006461,C14437,Education,298800.0,11.11,2023-11-19,36,26012.78,Active,Medium
L006462,C09954,Personal,107700.0,14.91,2022-04-19,12,33624.73,Active,High
L006463,C05338,Auto,584400.0,12.0,2025-02-23,60,526268.56,Overdue,High
L006464,C06327,Personal,201900.0,8.31,2025-07-15,36,148528.13,Active,Medium
L006465,C10421,Auto,210500.0,7.92,2024-03-05,12,186648.19,Overdue,Medium
L006466,C04971,Home,68700.0,13.74,2024-08-27,180,64321.35,Closed,Low
L006467,C05358,Personal,209700.0,13.4,2024-10-19,48,103516.26,Active,Medium
L006468,C11040,Auto,580000.0,12.37,2023-06-05,60,357478.82,Active,Low
L006469,C08727,Auto,162200.0,12.48,2022-08-10,24,60481.27,Active,Low
L006470,C10316,Education,234000.0,10.93,2023-04-01,84,161434.9,Closed,Low
L006471,C14422,Personal,53400.0,7.56,2024-02-05,240,43716.18,Active,Medium
L006472,C03846,Education,230800.0,12.28,2022-02-25,48,125322.31,Closed,Medium
L006473,C08775,Auto,757700.0,12.25,2025-10-25,60,454139.22,Overdue,Low
L006474,C13935,Personal,133500.0,8.84,2025-01-16,60,35738.05,Active,High
L006475,C06410,Business,50000.0,8.05,2025-05-05,60,27141.4,Closed,Medium
L006476,C09470,Personal,62800.0,15.22,2023-09-27,12,41853.27,Active,Low
L006477,C04416,Home,428700.0,9.56,2023-05-11,120,234033.34,Active,Low
L006478,C03159,Personal,137500.0,11.86,2025-06-28,120,116172.81,Active,Medium
L006479,C08491,Auto,316400.0,8.21,2024-04-15,180,63355.24,Active,Low
L006480,C01995,Home,152400.0,16.26,2025-07-06,24,84569.4,Active,Low
L006481,C12797,Home,263300.0,9.9,2025-09-11,12,98988.54,Active,Low
L006482,C10758,Home,50000.0,10.91,2023-08-30,120,7611.56,Closed,Low
L006483,C06895,Home,330200.0,8.46,2024-04-07,180,50017.76,Closed,High
L006484,C01967,Personal,156300.0,12.92,2022-07-08,180,35342.61,Active,Medium
L006485,C07834,Business,132700.0,8.3,2024-06-15,48,94543.33,Active,Low
L006486,C09054,Business,1004800.0,11.19,2024-04-22,84,825662.27,Active,Low
L006487,C14015,Education,212700.0,8.09,2022-09-05,60,17783.29,Active,Medium
L006488,C05876,Business,75500.0,16.31,2023-05-01,84,29726.13,Active,Medium
L006489,C07292,Home,231800.0,16.44,2022-06-06,48,153564.39,Defaulted,Low
L006490,C02988,Auto,111100.0,8.33,2023-01-23,60,53648.84,Overdue,Medium
L006491,C00246,Personal,57300.0,13.53,2022-10-01,84,53309.03,Overdue,High
L006492,C05335,Personal,107400.0,14.26,2025-11-03,120,86848.5,Defaulted,Medium
L006493,C00283,Business,360000.0,13.48,2025-05-31,12,172885.3,Active,Low
L006494,C13395,Home,111300.0,13.27,2022-06-05,84,91133.16,Active,Medium
L006495,C04577,Business,50000.0,12.99,2024-02-08,60,46895.58,Active,Low
L006496,C12133,Auto,123300.0,12.93,2025-02-28,240,79666.05,Closed,Medium
L006497,C06966,Business,112600.0,16.43,2022-03-20,60,87066.41,Closed,Medium
L006498,C07014,Auto,64500.0,13.72,2022-02-17,24,16315.32,Overdue,Medium
L006499,C01892,Home,50000.0,12.72,2022-12-13,36,3862.47,Active,High
L006500,C02067,Home,183200.0,11.11,2022-04-18,12,84460.56,Active,High
L006501,C05795,Business,94600.0,14.22,2022-02-14,36,5426.41,Closed,Medium
L006502,C10289,Personal,200000.0,11.8,2024-10-30,240,112671.34,Overdue,Low
L006503,C06728,Personal,143500.0,9.21,2022-03-20,180,62681.62,Active,High
L006504,C04231,Home,72700.0,6.83,2024-04-16,24,56596.77,Active,Low
L006505,C01581,Personal,56700.0,9.48,2024-06-03,180,26026.59,Active,Medium
L006506,C09346,Personal,169900.0,14.22,2023-08-06,48,42697.0,Active,Medium
L006507,C07863,Auto,114200.0,12.14,2024-03-27,24,86133.4,Active,Low
L006508,C00830,Auto,55700.0,15.31,2024-04-21,240,52509.05,Active,Low
L006509,C09696,Home,162900.0,10.65,2023-08-07,84,135384.66,Active,Medium
L006510,C05930,Business,378200.0,15.9,2023-03-01,12,199498.47,Active,Low
L006511,C06508,Personal,199400.0,13.31,2024-10-20,48,158362.36,Active,Low
L006512,C12583,Personal,423900.0,9.06,2024-10-27,24,220222.8,Active,Medium
L006513,C10751,Auto,75500.0,9.28,2022-07-11,36,44378.07,Closed,Low
L006514,C05408,Auto,240700.0,10.26,2023-10-16,180,59794.95,Active,Low
L006515,C05174,Personal,50000.0,7.04,2025-05-17,84,46100.13,Active,Low
L006516,C12978,Home,247900.0,8.99,2025-12-12,84,126324.73,Closed,Low
L006517,C02961,Business,50000.0,7.61,2024-01-13,120,18035.37,Closed,Low
L006518,C04123,Auto,207800.0,10.3,2025-03-02,24,165570.92,Active,High
L006519,C10875,Home,603800.0,7.48,2023-06-08,84,107459.55,Active,Medium
L006520,C14774,Auto,275900.0,14.94,2022-08-01,180,84319.76,Active,Low
L006521,C06871,Home,253500.0,7.6,2022-07-31,84,194365.82,Active,Low
L006522,C01207,Home,142300.0,15.83,2024-07-28,84,88388.53,Active,Medium
L006523,C09211,Home,50000.0,10.4,2025-01-26,240,41139.77,Overdue,Medium
L006524,C10987,Personal,126400.0,11.49,2024-07-17,240,6810.09,Active,Low
L006525,C04642,Business,72700.0,10.86,2022-10-06,60,21539.96,Closed,High
L006526,C04080,Home,140600.0,11.36,2024-01-02,12,76586.05,Active,Medium
L006527,C00309,Business,50000.0,14.6,2025-08-14,48,18396.53,Active,Low
L006528,C09957,Home,114200.0,9.89,2024-08-21,84,90390.73,Defaulted,Low
L006529,C06019,Education,153600.0,11.69,2022-04-21,84,131117.94,Closed,Low
L006530,C12586,Auto,155200.0,10.54,2022-08-30,36,51628.6,Active,Low
L006531,C10744,Personal,320200.0,11.83,2023-01-20,12,29604.69,Active,Medium
L006532,C02418,Business,184400.0,12.72,2024-09-12,120,45639.88,Active,Low
L006533,C01857,Personal,174800.0,11.56,2023-09-19,84,106523.31,Closed,Low
L006534,C02099,Personal,112200.0,10.29,2025-03-31,240,55598.7,Active,Medium
L006535,C09342,Education,187000.0,14.53,2023-01-19,24,122165.63,Closed,Medium
L006536,C06035,Education,218600.0,14.59,2022-10-12,48,113582.58,Overdue,Medium
L006537,C01611,Home,1022400.0,12.04,2025-12-31,84,363578.9,Overdue,High
L006538,C04722,Education,240800.0,11.69,2025-12-26,120,139797.58,Active,Medium
L006539,C00352,Personal,54200.0,7.37,2022-01-15,36,44594.27,Defaulted,Low
L006540,C10261,Home,74700.0,9.97,2024-09-06,240,64556.84,Closed,Low
L006541,C01252,Home,126400.0,9.63,2025-03-20,12,62338.49,Active,Low
L006542,C03820,Auto,172700.0,10.11,2023-01-01,180,34380.91,Overdue,Medium
L006543,C01561,Home,109800.0,12.39,2022-08-09,180,7357.23,Overdue,Medium
L006544,C03211,Business,371000.0,13.93,2023-09-20,84,40730.91,Active,Medium
L006545,C10404,Home,128000.0,12.63,2022-04-13,48,49370.07,Active,Medium
L006546,C10690,Personal,540600.0,8.34,2025-11-03,120,401916.67,Active,Low
L006547,C02279,Home,170300.0,10.67,2025-08-02,120,113120.2,Active,Low
L006548,C06480,Home,287300.0,7.29,2023-01-18,48,236851.05,Active,Medium
L006549,C11497,Home,278900.0,7.58,2022-05-07,120,158384.23,Closed,Medium
L006550,C04327,Home,74700.0,12.43,2025-10-19,12,5090.23,Active,High
L006551,C12654,Auto,190800.0,8.01,2024-10-24,84,82303.7,Active,Low
L006552,C05306,Personal,251900.0,10.59,2023-09-06,60,115160.58,Active,Low
L006553,C06700,Business,285300.0,10.73,2025-10-18,120,267156.14,Closed,Low
L006554,C13518,Home,782700.0,12.73,2024-09-17,180,89211.36,Closed,Low
L006555,C01251,Auto,51000.0,11.13,2024-03-28,240,11474.38,Closed,Medium
L006556,C08514,Home,64400.0,11.14,2024-03-23,180,58396.07,Active,Low
L006557,C09190,Personal,74000.0,14.93,2022-05-20,36,67203.63,Active,Medium
L006558,C12905,Home,1210100.0,15.49,2022-11-02,60,1011797.13,Active,Low
L006559,C02280,Home,118900.0,16.09,2025-10-02,12,39986.86,Active,Medium
L006560,C04610,Education,456500.0,16.03,2023-02-17,48,325168.91,Active,Medium
L006561,C12758,Personal,236600.0,10.62,2023-08-27,24,116163.61,Active,Low
L006562,C08416,Home,286400.0,7.12,2025-09-16,180,260278.33,Overdue,Low
L006563,C00032,Auto,118800.0,15.46,2023-01-08,180,29750.37,Active,Low
L006564,C09654,Auto,371600.0,10.62,2023-03-17,12,76072.04,Closed,Low
L006565,C06415,Business,103900.0,10.29,2022-07-03,48,71313.76,Defaulted,Low
L006566,C11327,Home,392100.0,14.9,2022-10-22,48,327365.84,Active,Medium
L006567,C11828,Home,1278200.0,7.29,2025-05-12,240,78438.0,Active,Low
L006568,C04755,Personal,125000.0,13.66,2023-02-23,36,19444.65,Active,Medium
L006569,C14352,Personal,266900.0,12.46,2024-07-08,240,241048.88,Active,Low
L006570,C08527,Personal,111600.0,12.97,2022-10-02,12,21270.72,Active,Low
L006571,C11949,Home,50000.0,16.28,2023-03-03,36,18806.33,Active,Medium
L006572,C07541,Business,193600.0,11.74,2023-12-13,24,147798.49,Closed,Low
L006573,C03817,Personal,240100.0,12.22,2024-02-14,24,157949.94,Closed,Low
L006574,C12991,Personal,63600.0,11.46,2024-11-27,12,16025.77,Active,High
L006575,C11556,Business,503200.0,12.59,2023-11-29,84,279112.82,Active,Low
L006576,C08965,Home,140900.0,10.22,2024-03-19,12,108597.54,Closed,Low
L006577,C04689,Business,75400.0,9.52,2023-05-28,60,56584.56,Active,High
L006578,C08993,Education,78100.0,14.69,2022-06-19,36,51433.29,Closed,Medium
L006579,C00604,Business,136600.0,13.67,2023-06-23,60,25787.79,Active,High
L006580,C14895,Business,59600.0,14.49,2024-08-28,36,39012.27,Active,Medium
L006581,C00995,Home,50700.0,14.23,2025-12-30,120,18085.81,Active,Medium
L006582,C06572,Personal,50000.0,10.13,2023-12-01,60,47101.19,Active,Low
L006583,C11574,Education,355700.0,10.02,2024-09-19,60,213801.29,Closed,Low
L006584,C13831,Personal,50000.0,10.93,2024-05-05,12,41481.82,Active,Low
L006585,C11463,Education,408800.0,7.64,2024-10-04,12,384869.96,Overdue,Low
L006586,C05635,Business,575100.0,10.06,2022-05-20,84,251648.57,Active,Low
L006587,C09924,Personal,136900.0,14.85,2023-03-11,24,56975.21,Active,Medium
L006588,C04207,Auto,209000.0,10.71,2022-12-26,24,46423.75,Active,High
L006589,C06362,Personal,75300.0,12.69,2023-10-13,24,48531.87,Overdue,Low
L006590,C12331,Auto,90900.0,9.2,2025-07-18,24,23946.06,Defaulted,Low
L006591,C03811,Business,91800.0,14.73,2022-11-22,24,42264.07,Defaulted,High
L006592,C12933,Home,113500.0,12.22,2023-08-03,240,72689.73,Closed,Low
L006593,C00055,Education,50000.0,7.67,2022-03-07,24,34272.15,Active,Low
L006594,C11773,Education,109600.0,12.64,2024-12-20,60,28693.16,Active,Low
L006595,C09182,Personal,50000.0,10.63,2025-06-27,36,45840.63,Active,Low
L006596,C02322,Home,162600.0,10.11,2023-05-01,180,60740.17,Active,Medium
L006597,C12452,Auto,71000.0,14.83,2023-05-13,240,48594.51,Closed,High
L006598,C06007,Personal,966200.0,10.94,2023-07-11,12,261100.26,Active,Low
L006599,C11723,Personal,233700.0,9.74,2023-07-24,24,201428.11,Active,Low
L006600,C14979,Business,77800.0,13.27,2024-10-27,240,42316.18,Defaulted,Low
L006601,C06528,Home,259600.0,13.49,2023-06-14,60,88842.66,Active,Medium
L006602,C14796,Home,70900.0,12.97,2025-09-13,120,23952.9,Overdue,Medium
L006603,C00986,Home,549400.0,15.86,2022-09-25,12,187500.11,Active,Low
L006604,C04972,Business,723500.0,8.22,2025-08-01,12,423115.63,Active,Low
L006605,C00402,Education,260600.0,8.78,2025-02-16,60,24231.95,Active,Medium
L006606,C03776,Auto,416500.0,13.08,2025-01-21,24,21734.32,Active,Medium
L006607,C08744,Auto,164100.0,12.45,2022-05-12,240,139139.05,Closed,Low
L006608,C10600,Education,268500.0,8.01,2022-08-02,180,159247.4,Closed,Low
L006609,C07565,Home,73600.0,7.98,2023-12-06,24,21058.37,Active,Medium
L006610,C00287,Education,50000.0,12.59,2025-11-08,36,30489.85,Active,Low
L006611,C03893,Personal,326500.0,15.51,2023-05-10,24,307894.47,Active,Low
L006612,C04890,Personal,585700.0,12.47,2023-07-11,36,478473.54,Active,Low
L006613,C02874,Home,168400.0,14.79,2022-09-20,12,122749.17,Active,Low
L006614,C00524,Education,74400.0,15.5,2023-02-16,60,52758.64,Active,High
L006615,C06196,Home,136400.0,12.24,2023-11-08,48,110317.37,Active,Low
L006616,C04393,Auto,66700.0,10.73,2022-12-20,84,46582.5,Active,Low
L006617,C05956,Education,82600.0,6.76,2024-02-24,24,46044.87,Active,Medium
L006618,C13583,Personal,336100.0,11.01,2024-04-27,36,184441.82,Active,Low
L006619,C12518,Home,74300.0,11.35,2024-07-19,12,53089.54,Active,Medium
L006620,C02506,Personal,74600.0,8.46,2024-11-19,12,38216.79,Active,Low
L006621,C06351,Auto,145800.0,11.07,2024-09-04,36,60823.86,Closed,Low
L006622,C12291,Personal,133300.0,10.55,2023-08-04,36,89134.57,Active,Low
L006623,C04456,Personal,50000.0,10.96,2024-03-24,120,9584.53,Active,Low
L006624,C14976,Auto,145400.0,11.11,2025-10-22,36,97067.53,Closed,Low
L006625,C02488,Personal,1191900.0,7.98,2023-03-30,180,1090915.43,Active,Medium
L006626,C08444,Personal,117100.0,9.3,2024-08-07,48,15877.02,Closed,Low
L006627,C00859,Personal,94300.0,14.65,2023-06-25,84,52103.59,Active,Medium
L006628,C14478,Auto,116400.0,12.88,2023-07-21,60,98686.66,Closed,Medium
L006629,C00816,Personal,205000.0,15.06,2022-01-22,24,128291.02,Closed,Low
L006630,C02512,Home,495900.0,12.68,2025-01-23,24,268363.93,Active,High
L006631,C07587,Home,231100.0,8.38,2022-09-01,180,185021.47,Active,Low
L006632,C02552,Business,734700.0,11.02,2025-04-07,60,672530.5,Active,Medium
L006633,C14089,Education,180400.0,9.57,2023-12-19,36,128654.22,Closed,Low
L006634,C13055,Auto,1322300.0,7.58,2022-09-29,36,903735.47,Active,Medium
L006635,C11698,Personal,79000.0,16.13,2022-03-18,120,74822.82,Closed,Medium
L006636,C03817,Personal,108300.0,12.21,2024-08-27,120,72443.19,Active,Low
L006637,C02225,Education,111900.0,16.41,2025-12-15,180,28085.21,Active,High
L006638,C10161,Personal,979800.0,9.86,2023-06-01,36,223611.14,Active,High
L006639,C01848,Home,574100.0,11.23,2022-06-19,60,48559.53,Active,Low
L006640,C07818,Personal,113600.0,12.97,2025-07-28,240,54478.34,Active,Low
L006641,C00559,Home,289900.0,6.92,2022-04-14,24,231167.61,Active,Medium
L006642,C04801,Personal,140700.0,9.67,2024-11-07,120,58697.04,Active,Medium
L006643,C04993,Home,229400.0,12.0,2025-09-12,24,107770.3,Active,Low
L006644,C11029,Auto,139400.0,16.44,2023-09-30,180,24482.58,Overdue,Medium
L006645,C12528,Home,368300.0,14.74,2022-10-15,60,263147.57,Closed,High
L006646,C06713,Personal,233200.0,12.89,2024-03-18,48,216271.54,Active,Low
L006647,C10928,Business,102000.0,10.56,2023-03-31,180,11924.97,Active,Low
L006648,C00092,Auto,89200.0,15.43,2025-07-22,240,64009.83,Active,Medium
L006649,C05420,Education,91100.0,12.14,2023-06-06,120,42961.84,Active,Low
L006650,C13517,Home,66500.0,13.59,2023-03-28,60,57065.28,Active,High
L006651,C09494,Education,95400.0,11.92,2024-03-28,48,75673.87,Overdue,Medium
L006652,C01276,Business,101300.0,13.21,2023-06-21,120,67873.79,Active,Low
L006653,C01321,Auto,127100.0,7.56,2025-07-07,120,99638.27,Overdue,Low
L006654,C06763,Home,183000.0,15.11,2022-08-17,84,136299.34,Closed,Low
L006655,C05031,Home,132500.0,7.09,2025-05-18,240,56937.92,Active,Medium
L006656,C10233,Home,110300.0,12.61,2024-07-10,180,47343.19,Active,Low
L006657,C11786,Auto,757600.0,13.15,2024-12-04,24,672193.28,Active,Low
L006658,C01824,Personal,52500.0,8.71,2025-12-07,12,24501.58,Active,High
L006659,C02191,Home,103900.0,10.87,2024-12-13,12,6543.83,Overdue,Medium
L006660,C03947,Business,185600.0,6.83,2024-08-15,36,133057.79,Active,High
L006661,C00138,Education,629900.0,8.62,2024-09-29,84,81057.12,Closed,High
L006662,C11155,Auto,166200.0,11.62,2025-02-23,12,154561.29,Active,Medium
L006663,C06729,Home,276900.0,7.29,2022-10-27,84,241424.02,Active,Medium
L006664,C05142,Personal,139000.0,8.46,2024-01-15,180,127922.29,Active,High
L006665,C03911,Education,72200.0,13.4,2023-08-04,60,54610.53,Closed,High
L006666,C09932,Home,170900.0,16.06,2025-05-16,48,132526.41,Active,Low
L006667,C00165,Personal,456000.0,10.91,2024-12-29,24,200370.63,Overdue,Medium
L006668,C01866,Auto,135200.0,12.14,2024-01-01,24,26016.8,Overdue,Medium
L006669,C08995,Business,50000.0,11.71,2024-03-16,180,27352.04,Closed,Low
L006670,C01482,Auto,117300.0,7.84,2023-01-14,60,83492.32,Closed,Medium
L006671,C13031,Auto,133300.0,14.98,2025-09-27,120,69709.25,Closed,Low
L006672,C08156,Personal,305700.0,14.9,2025-10-03,180,133127.49,Active,Low
L006673,C05909,Home,231500.0,8.02,2025-08-01,84,76876.96,Active,Low
L006674,C08544,Home,261300.0,11.83,2022-01-13,84,28075.87,Active,Low
L006675,C05273,Home,307600.0,11.32,2022-08-11,240,184194.18,Active,High
L006676,C11270,Home,161500.0,15.25,2023-03-29,240,83599.42,Active,High
L006677,C01988,Home,194200.0,7.4,2025-09-13,240,36031.42,Active,Medium
L006678,C10183,Home,224500.0,12.62,2022-07-24,48,134787.73,Active,Low
L006679,C14632,Auto,183100.0,12.46,2022-07-02,36,39491.8,Active,High
L006680,C02579,Personal,215200.0,10.96,2023-06-17,36,56910.56,Active,Medium
L006681,C09807,Personal,150100.0,8.18,2022-11-17,36,50739.46,Overdue,Low
L006682,C00840,Business,361300.0,10.05,2023-08-14,84,342304.17,Active,Medium
L006683,C09515,Personal,140400.0,11.68,2022-02-05,84,57229.7,Closed,Low
L006684,C08595,Home,113600.0,15.26,2023-04-04,240,60066.48,Active,Medium
L006685,C01123,Personal,668700.0,8.57,2023-10-04,48,381729.11,Active,Low
L006686,C11407,Auto,376700.0,9.33,2023-01-14,48,89495.79,Active,Medium
L006687,C09376,Auto,188600.0,6.9,2022-04-04,48,49683.02,Active,Medium
L006688,C13365,Personal,154200.0,14.0,2023-08-01,12,117979.2,Active,Low
L006689,C13167,Education,66600.0,14.7,2025-04-04,60,63137.45,Closed,Medium
L006690,C12456,Home,145300.0,7.27,2024-07-30,180,65559.52,Active,Low
L006691,C06209,Business,57300.0,9.78,2022-01-02,24,35285.74,Active,Low
L006692,C06217,Personal,137100.0,13.62,2023-03-30,12,48005.81,Active,Medium
L006693,C13334,Business,227200.0,7.87,2024-07-02,120,48698.87,Active,Medium
L006694,C11295,Education,335800.0,6.64,2024-06-15,180,266400.59,Active,Low
L006695,C05350,Business,177100.0,12.67,2025-06-18,120,157006.82,Closed,Low
L006696,C13084,Home,59800.0,8.58,2023-12-25,24,54634.02,Active,Low
L006697,C00041,Auto,160300.0,15.93,2023-01-11,36,27643.79,Active,High
L006698,C00357,Business,83800.0,8.1,2023-08-10,120,10559.59,Active,Medium
L006699,C08474,Personal,128900.0,6.57,2025-06-04,84,112036.59,Active,Low
L006700,C13902,Home,71500.0,14.34,2025-12-08,60,54749.93,Active,Medium
L006701,C00435,Personal,334600.0,7.95,2024-09-08,12,88932.83,Active,Medium
L006702,C04158,Personal,50000.0,15.29,2022-07-30,36,31522.78,Active,Medium
L006703,C04993,Home,471300.0,12.39,2023-09-13,48,417026.31,Active,Low
L006704,C08950,Personal,195000.0,11.82,2024-10-30,36,66238.71,Active,Medium
L006705,C13923,Auto,125200.0,14.96,2025-09-26,36,20117.79,Closed,Low
L006706,C10276,Home,462000.0,10.85,2023-11-06,48,311386.76,Active,Medium
L006707,C06187,Personal,94600.0,16.31,2025-12-10,36,33414.29,Overdue,Low
L006708,C08963,Home,114100.0,10.26,2024-05-08,84,19523.72,Active,Medium
L006709,C11640,Home,251700.0,9.12,2023-12-27,240,146869.4,Active,Low
L006710,C10496,Business,89600.0,7.18,2023-10-24,84,12159.74,Closed,Medium
L006711,C06766,Auto,50000.0,15.16,2023-07-17,12,28906.67,Defaulted,Medium
L006712,C02635,Personal,110300.0,16.05,2025-03-04,36,63082.65,Active,Low
L006713,C01807,Personal,90100.0,11.39,2024-08-06,48,49661.79,Closed,High
L006714,C03408,Education,86500.0,12.88,2024-01-07,36,10025.71,Active,Low
L006715,C00086,Personal,135900.0,7.12,2025-06-14,180,90700.34,Closed,High
L006716,C04661,Home,231000.0,15.75,2025-07-31,48,98672.75,Active,Low
L006717,C13377,Auto,232100.0,15.42,2023-02-10,36,100157.38,Active,High
L006718,C10440,Business,235700.0,13.49,2025-07-03,12,136491.04,Active,High
L006719,C02648,Personal,225600.0,15.55,2022-05-01,240,57805.28,Closed,Medium
L006720,C08242,Personal,76100.0,13.91,2025-07-25,240,71240.11,Active,High
L006721,C10868,Home,232900.0,6.65,2024-04-19,84,59940.37,Active,Medium
L006722,C12340,Education,62100.0,15.09,2024-07-21,48,58040.85,Active,High
L006723,C03652,Auto,140100.0,10.69,2022-03-10,60,36482.73,Active,Low
L006724,C10858,Auto,401200.0,13.0,2025-09-03,36,69865.44,Active,Low
L006725,C13565,Auto,107300.0,13.51,2022-02-28,240,74206.97,Active,High
L006726,C02400,Home,285100.0,14.4,2025-11-05,48,32572.88,Active,High
L006727,C02492,Personal,140800.0,12.26,2025-07-25,24,38290.54,Closed,High
L006728,C08236,Personal,253300.0,12.24,2025-12-24,12,125322.42,Active,Low
L006729,C00359,Education,273800.0,11.51,2023-06-23,240,227276.13,Active,Medium
L006730,C14356,Auto,138800.0,7.26,2025-09-21,120,16067.59,Active,Medium
L006731,C07262,Home,856400.0,16.03,2025-11-15,120,380298.25,Overdue,Medium
L006732,C00351,Home,214300.0,12.91,2024-09-28,24,197396.45,Overdue,Low
L006733,C14482,Auto,93700.0,13.4,2024-05-31,24,50893.06,Active,Medium
L006734,C05922,Auto,120300.0,15.25,2023-04-14,120,79482.86,Active,Low
L006735,C05330,Auto,109400.0,6.72,2025-11-21,180,88686.01,Closed,High
L006736,C02059,Home,528800.0,10.19,2024-02-22,84,208146.78,Closed,Medium
L006737,C06195,Personal,61500.0,9.05,2025-07-04,48,9497.0,Overdue,Medium
L006738,C08563,Home,755700.0,12.97,2025-03-20,120,480119.37,Active,Low
L006739,C07902,Business,344800.0,6.69,2025-09-12,24,89460.55,Active,Medium
L006740,C06621,Home,358100.0,16.09,2025-05-05,240,65160.64,Active,Low
L006741,C09997,Home,50000.0,15.71,2025-12-01,48,43817.13,Overdue,Low
L006742,C00323,Business,121800.0,8.68,2025-02-01,36,94216.45,Active,Low
L006743,C10843,Personal,874600.0,11.2,2025-08-12,240,594738.86,Overdue,Medium
L006744,C03965,Education,405200.0,9.36,2025-07-13,180,378914.05,Active,Low
L006745,C13238,Education,115700.0,11.19,2024-09-26,240,37006.36,Active,Medium
L006746,C07577,Personal,411500.0,7.38,2023-07-29,120,282430.34,Closed,Medium
L006747,C12346,Home,533800.0,9.66,2024-09-28,180,372404.79,Overdue,High
L006748,C00678,Education,121400.0,12.25,2025-03-07,84,56499.6,Active,Low
L006749,C08388,Personal,174200.0,10.59,2025-03-02,120,62789.64,Active,Low
L006750,C00239,Home,77600.0,9.03,2022-01-19,36,49065.2,Active,Low
L006751,C12059,Home,119200.0,9.04,2024-10-12,48,103561.23,Active,Medium
L006752,C03909,Business,191100.0,14.25,2024-04-06,24,87779.33,Active,Low
L006753,C08398,Personal,322800.0,12.96,2023-11-03,240,64843.64,Active,Medium
L006754,C01988,Home,106100.0,14.72,2023-04-25,36,99674.41,Active,Low
L006755,C04346,Personal,513800.0,14.76,2022-04-19,120,478922.19,Active,Low
L006756,C12876,Personal,133300.0,10.9,2022-03-20,60,77330.82,Active,Low
L006757,C10867,Personal,61500.0,11.5,2025-03-21,48,21413.37,Active,Low
L006758,C11800,Home,214600.0,15.63,2023-03-17,180,69252.0,Active,Low
L006759,C08084,Personal,483800.0,15.16,2024-04-13,240,76970.15,Active,Medium
L006760,C08039,Home,108400.0,6.6,2024-10-27,240,83924.58,Active,Low
L006761,C00068,Home,172500.0,12.91,2023-02-18,12,27002.96,Closed,Medium
L006762,C01547,Home,50000.0,13.07,2022-12-23,48,19641.82,Active,Low
L006763,C10109,Auto,65500.0,10.52,2023-04-21,48,11983.22,Closed,Medium
L006764,C14022,Home,230000.0,13.89,2024-03-10,84,127905.15,Closed,Low
L006765,C08193,Business,456900.0,15.07,2024-12-30,36,318114.42,Active,Low
L006766,C14872,Home,364100.0,14.32,2024-06-02,240,308673.97,Active,Low
L006767,C03782,Education,88800.0,9.45,2022-12-21,120,22110.87,Overdue,High
L006768,C01143,Auto,56600.0,14.47,2023-12-15,12,29278.04,Closed,Low
L006769,C09551,Home,177100.0,16.2,2022-10-31,84,93611.79,Active,Low
L006770,C09628,Personal,112700.0,15.97,2022-05-13,24,24934.95,Active,Low
L006771,C01118,Personal,50000.0,6.59,2024-05-18,48,14656.44,Active,Medium
L006772,C02266,Home,69600.0,9.6,2024-06-20,36,41958.43,Active,Low
L006773,C11609,Home,242900.0,14.35,2025-05-27,84,229772.62,Closed,Medium
L006774,C13097,Auto,133200.0,6.63,2022-09-14,48,49558.29,Overdue,Low
L006775,C13097,Auto,321500.0,13.55,2023-10-08,60,128263.88,Active,Low
L006776,C01094,Home,145900.0,15.21,2022-05-26,48,108845.91,Active,Low
L006777,C08336,Education,246500.0,15.67,2022-07-28,12,194541.34,Active,Medium
L006778,C11357,Business,170900.0,11.48,2023-05-25,60,86659.04,Defaulted,Low
L006779,C07212,Personal,50000.0,10.1,2022-09-26,240,25840.09,Active,Low
L006780,C01523,Home,162700.0,9.6,2023-07-29,24,130518.95,Active,Low
L006781,C06560,Business,1105500.0,7.45,2023-12-01,24,83945.34,Overdue,Medium
L006782,C08660,Business,93300.0,8.79,2024-01-13,84,9861.49,Active,Low
L006783,C11864,Personal,303300.0,16.35,2025-09-17,84,225891.78,Closed,High
L006784,C10274,Business,57700.0,9.27,2025-02-12,120,27374.71,Active,Medium
L006785,C01921,Education,134900.0,13.9,2024-07-23,48,92511.51,Active,Low
L006786,C11444,Personal,133800.0,7.6,2022-07-30,36,86855.71,Active,High
L006787,C05471,Home,659600.0,13.96,2023-05-06,24,389106.49,Closed,Low
L006788,C13965,Education,118300.0,11.83,2022-01-06,48,18171.47,Active,High
L006789,C06397,Personal,226000.0,16.09,2023-08-06,36,17397.33,Active,Low
L006790,C10703,Business,124100.0,12.76,2025-11-28,60,21571.57,Overdue,Low
L006791,C09634,Personal,160100.0,9.51,2025-09-24,240,18458.11,Active,Medium
L006792,C03973,Personal,320500.0,10.52,2023-04-24,24,265737.16,Active,Low
L006793,C14502,Home,61700.0,15.58,2024-02-23,84,20259.79,Closed,High
L006794,C08456,Auto,58100.0,10.59,2022-10-04,120,48277.85,Active,Low
L006795,C13154,Auto,281400.0,12.57,2022-10-23,60,91917.52,Closed,Low
L006796,C01387,Home,203600.0,15.07,2022-05-10,48,74885.23,Active,Low
L006797,C08987,Business,50000.0,12.85,2024-03-31,180,12776.05,Active,Medium
L006798,C04993,Auto,80200.0,10.83,2023-03-09,84,8108.94,Active,Low
L006799,C08232,Auto,582800.0,10.2,2023-01-12,24,430615.37,Closed,Low
L006800,C11125,Personal,422400.0,11.64,2023-01-14,60,188273.17,Active,Low
L006801,C01735,Personal,64600.0,9.25,2024-03-16,24,17033.83,Closed,Low
L006802,C03940,Home,442100.0,14.24,2022-12-23,60,256415.47,Active,Medium
L006803,C11427,Home,90700.0,9.83,2023-01-06,12,34570.38,Active,Low
L006804,C03725,Business,152000.0,12.5,2023-12-01,180,127310.86,Active,Medium
L006805,C10194,Education,144600.0,12.25,2022-12-09,48,99693.2,Closed,Medium
L006806,C01372,Auto,114600.0,11.05,2023-10-09,84,19030.56,Active,Low
L006807,C06108,Auto,165400.0,14.63,2022-05-16,48,96179.02,Active,Low
L006808,C07704,Home,101400.0,7.39,2024-01-04,36,12608.01,Active,Low
L006809,C01187,Business,408200.0,11.79,2022-04-25,12,218549.82,Active,Low
L006810,C14530,Home,122700.0,11.67,2025-03-06,36,20021.27,Active,Low
L006811,C03564,Auto,195000.0,14.69,2022-05-08,120,153357.27,Active,Low
L006812,C09942,Personal,164300.0,9.41,2022-11-10,120,148811.33,Active,Low
L006813,C06584,Home,91400.0,9.56,2022-11-30,12,36965.78,Active,Medium
L006814,C08161,Home,320100.0,14.36,2022-12-17,180,90764.45,Active,Medium
L006815,C14539,Home,1382200.0,8.94,2025-06-28,240,470177.18,Active,Low
L006816,C06860,Business,166000.0,12.14,2023-05-07,48,50450.0,Active,Medium
L006817,C07939,Home,233200.0,8.43,2023-08-21,48,197869.58,Overdue,Medium
L006818,C05428,Home,176000.0,16.2,2024-03-17,180,99680.48,Active,Low
L006819,C02151,Home,166800.0,9.78,2025-08-03,240,10964.27,Active,Low
L006820,C09415,Education,146500.0,8.88,2023-06-18,60,87152.31,Overdue,Low
L006821,C14280,Education,108200.0,14.21,2023-11-13,36,49156.42,Defaulted,Low
L006822,C11852,Auto,62100.0,9.32,2024-04-19,12,55258.25,Defaulted,Low
L006823,C04101,Business,57300.0,8.28,2022-06-11,24,8165.85,Closed,Low
L006824,C10345,Auto,89400.0,12.29,2022-08-25,180,41061.42,Active,Medium
L006825,C01482,Personal,706500.0,8.83,2025-07-16,240,58498.71,Active,Medium
L006826,C08185,Auto,63800.0,7.5,2023-07-08,84,33433.54,Active,Low
L006827,C02724,Business,308100.0,14.45,2024-07-11,60,222364.94,Active,Low
L006828,C11124,Business,70000.0,13.82,2022-10-23,180,3642.57,Active,Low
L006829,C10872,Personal,91300.0,14.4,2022-05-17,60,36933.24,Active,Low
L006830,C14697,Personal,117800.0,10.67,2024-09-16,36,57501.55,Active,High
L006831,C07211,Home,50000.0,14.12,2025-10-31,120,17089.73,Active,High
L006832,C07129,Education,845500.0,10.89,2025-09-05,240,417524.17,Active,Medium
L006833,C00931,Home,161000.0,12.54,2024-08-29,48,21589.54,Active,Medium
L006834,C09894,Auto,57800.0,9.84,2024-11-19,180,30597.4,Active,Medium
L006835,C07791,Auto,200300.0,15.42,2025-03-25,36,94032.17,Active,Medium
L006836,C04935,Auto,113600.0,7.37,2025-10-17,36,75834.1,Closed,Low
L006837,C00067,Auto,105800.0,7.24,2022-09-26,12,87476.09,Closed,Medium
L006838,C03591,Home,382800.0,8.53,2025-02-14,180,135676.77,Active,Medium
L006839,C07104,Personal,136300.0,15.82,2023-03-03,180,94975.9,Defaulted,Low
L006840,C08200,Personal,167800.0,11.3,2022-06-01,84,127299.93,Active,Low
L006841,C12451,Home,113000.0,9.02,2025-09-19,180,10807.27,Active,Low
L006842,C04440,Business,103900.0,8.06,2024-06-24,120,54979.81,Overdue,High
L006843,C03386,Personal,603600.0,7.87,2024-02-12,240,200973.34,Active,High
L006844,C06221,Auto,67300.0,15.73,2025-09-02,180,18483.29,Active,Low
L006845,C08303,Auto,113100.0,9.8,2025-10-06,120,72559.64,Closed,Low
L006846,C07110,Home,208700.0,13.68,2023-04-21,120,81411.92,Active,Medium
L006847,C08811,Auto,337100.0,7.06,2024-09-29,36,313575.76,Closed,Low
L006848,C05021,Home,680500.0,9.32,2025-03-17,24,449660.29,Defaulted,High
L006849,C14642,Home,178300.0,15.38,2024-06-10,180,111778.89,Active,Medium
L006850,C12774,Personal,117800.0,15.91,2025-04-22,120,23319.78,Active,High
L006851,C14092,Education,110500.0,10.89,2023-04-07,120,37731.99,Closed,Low
L006852,C13983,Auto,192100.0,9.01,2022-05-13,60,21404.7,Overdue,Medium
L006853,C10209,Home,389600.0,11.08,2022-03-21,120,331429.86,Active,Medium
L006854,C14500,Education,64100.0,10.99,2022-02-15,180,52575.27,Active,High
L006855,C00910,Auto,625400.0,12.53,2023-10-31,24,339120.98,Active,Low
L006856,C14499,Auto,156500.0,11.78,2025-08-09,84,36134.84,Closed,Low
L006857,C04943,Business,493800.0,8.7,2025-01-21,60,331606.56,Closed,Low
L006858,C04567,Education,77500.0,14.55,2022-09-19,180,41094.74,Active,High
L006859,C12328,Auto,275500.0,7.2,2022-01-28,84,95212.7,Active,Low
L006860,C05865,Home,141400.0,15.1,2025-02-03,120,45742.09,Closed,High
L006861,C12113,Auto,362800.0,10.16,2024-09-30,48,150725.5,Closed,Low
L006862,C01791,Personal,126600.0,8.22,2025-06-24,84,117694.49,Overdue,Low
L006863,C04347,Education,352300.0,14.86,2025-04-30,24,232326.45,Closed,Low
L006864,C04845,Home,164400.0,16.26,2025-05-15,84,13420.6,Overdue,Low
L006865,C12279,Personal,50000.0,12.94,2022-02-20,60,43929.77,Active,Medium
L006866,C14191,Home,316800.0,14.04,2025-08-24,24,17416.21,Active,Medium
L006867,C05825,Personal,192400.0,11.81,2025-05-22,120,167959.55,Active,High
L006868,C14745,Home,81300.0,16.43,2024-02-28,180,65791.61,Active,Medium
L006869,C11091,Home,72700.0,6.68,2022-06-24,120,37802.42,Active,Low
L006870,C08954,Home,142000.0,10.33,2023-03-27,240,114786.12,Closed,Low
L006871,C02943,Personal,512300.0,9.87,2025-07-27,60,76141.64,Active,Low
L006872,C14071,Education,213500.0,13.23,2024-09-29,36,45489.95,Active,Low
L006873,C07118,Auto,87700.0,16.29,2025-01-03,60,7906.44,Active,Low
L006874,C09668,Personal,364000.0,11.55,2025-08-22,240,34562.9,Closed,Medium
L006875,C06228,Auto,1338600.0,16.48,2022-08-26,12,335259.29,Active,Low
L006876,C04832,Personal,68700.0,14.93,2022-02-14,12,6722.35,Active,Low
L006877,C02567,Education,1600300.0,12.1,2022-03-10,48,105457.65,Active,Low
L006878,C11229,Business,74400.0,15.9,2022-07-22,120,31686.2,Active,Low
L006879,C06019,Personal,118500.0,13.76,2024-11-11,36,70125.98,Active,Medium
L006880,C00528,Personal,116800.0,8.84,2023-06-14,24,20801.04,Active,Low
L006881,C08286,Personal,216000.0,11.22,2025-08-09,12,142603.1,Active,Medium
L006882,C06113,Home,165300.0,11.88,2023-04-03,24,130060.86,Active,Low
L006883,C05120,Personal,99400.0,16.16,2022-05-23,60,47318.53,Active,Low
L006884,C09008,Home,150400.0,7.42,2025-07-09,180,135318.58,Active,Medium
L006885,C11486,Home,196400.0,13.83,2022-05-20,120,124262.55,Active,High
L006886,C12094,Personal,143300.0,9.5,2022-07-16,60,35009.9,Active,High
L006887,C10356,Home,110200.0,12.26,2023-11-22,120,56183.79,Active,Medium
L006888,C07910,Home,627600.0,14.79,2022-03-27,36,253908.99,Active,High
L006889,C12844,Home,58400.0,8.65,2023-06-24,12,5698.87,Active,Low
L006890,C08254,Auto,303500.0,10.99,2022-11-26,180,248617.05,Overdue,Low
L006891,C13576,Personal,50000.0,16.15,2024-12-21,240,18906.73,Active,Low
L006892,C05696,Auto,125700.0,10.78,2025-03-15,84,30852.53,Active,Low
L006893,C11404,Home,102500.0,10.08,2022-05-25,60,70304.19,Overdue,Low
L006894,C13705,Home,112400.0,13.77,2025-01-21,120,70616.7,Active,High
L006895,C14418,Education,201700.0,8.89,2022-06-09,240,61926.08,Active,Low
L006896,C14840,Home,291200.0,16.27,2024-06-25,60,190500.91,Active,Low
L006897,C10110,Auto,170500.0,15.81,2023-03-23,120,10425.95,Active,Low
L006898,C06628,Home,69200.0,8.95,2024-01-08,180,13512.81,Active,Low
L006899,C08882,Auto,50000.0,12.57,2024-04-06,240,20520.48,Active,Medium
L006900,C14887,Home,59800.0,13.12,2022-08-22,180,29914.39,Defaulted,Low
L006901,C12804,Personal,89900.0,10.25,2023-05-07,84,55999.66,Overdue,Low
L006902,C10704,Education,187100.0,10.24,2025-08-10,240,61704.08,Active,Low
L006903,C05012,Personal,50000.0,13.07,2025-02-25,60,21200.62,Active,Low
L006904,C06186,Personal,335000.0,7.43,2024-06-10,240,278862.79,Active,Medium
L006905,C11330,Home,226500.0,16.18,2022-07-16,240,178265.23,Closed,High
L006906,C08230,Education,84000.0,11.24,2022-02-13,84,4388.63,Active,Medium
L006907,C03536,Home,55800.0,11.5,2025-10-14,36,44915.85,Closed,Low
L006908,C10929,Personal,175200.0,10.22,2023-06-03,120,47087.75,Active,Medium
L006909,C01372,Business,223400.0,11.37,2024-06-08,84,183251.36,Closed,Medium
L006910,C05544,Business,459900.0,15.3,2022-03-30,48,296259.4,Active,Low
L006911,C10363,Personal,218700.0,8.02,2023-07-06,48,26114.3,Active,Medium
L006912,C14476,Home,50000.0,10.95,2022-11-24,12,21830.33,Closed,Low
L006913,C03658,Personal,60000.0,12.12,2025-05-04,36,30664.57,Overdue,Medium
L006914,C06193,Auto,68900.0,9.52,2022-03-22,36,38021.0,Closed,Medium
L006915,C10028,Home,392100.0,9.87,2024-10-07,48,307607.98,Active,Low
L006916,C05750,Business,56300.0,12.6,2025-12-19,36,23726.34,Active,Low
L006917,C00780,Home,116400.0,14.91,2022-08-16,24,74629.23,Defaulted,Medium
L006918,C08191,Personal,487300.0,15.36,2022-11-26,180,76246.6,Closed,Low
L006919,C11750,Business,68400.0,9.5,2023-11-22,60,46396.96,Defaulted,Low
L006920,C01044,Education,177800.0,11.75,2025-05-14,24,94131.06,Active,Low
L006921,C07699,Home,50000.0,7.43,2022-07-04,84,33935.09,Active,Medium
L006922,C03963,Personal,307200.0,10.6,2022-09-10,180,69447.3,Active,Low
L006923,C14549,Personal,320800.0,15.86,2024-11-04,84,159916.68,Active,Low
L006924,C04747,Personal,128100.0,8.33,2025-11-12,36,115755.26,Active,Low
L006925,C02967,Personal,78100.0,6.62,2025-03-06,48,58595.33,Active,Low
L006926,C04632,Business,90400.0,9.66,2022-06-23,120,74074.42,Active,Medium
L006927,C09748,Business,84400.0,12.69,2023-01-28,60,70192.4,Active,Medium
L006928,C11662,Personal,110200.0,8.75,2025-10-09,180,100681.95,Active,Low
L006929,C11828,Home,89300.0,7.6,2025-02-19,24,13540.42,Defaulted,High
L006930,C11849,Personal,124600.0,9.91,2023-02-12,180,73203.96,Active,Medium
L006931,C10452,Personal,316800.0,11.44,2022-11-13,48,122530.49,Active,Low
L006932,C10336,Home,153900.0,15.66,2025-01-26,180,47809.45,Active,Low
L006933,C07192,Business,451100.0,13.05,2025-07-06,24,182194.38,Closed,Medium
L006934,C04872,Personal,428700.0,12.95,2023-05-29,48,358883.68,Active,High
L006935,C12392,Auto,221600.0,14.51,2024-02-17,12,202573.57,Active,Medium
L006936,C09446,Personal,69600.0,15.87,2025-02-25,36,52328.32,Active,High
L006937,C08828,Home,120300.0,16.27,2023-07-20,12,61434.15,Active,Low
L006938,C14280,Auto,274900.0,10.19,2022-05-13,36,74277.07,Active,Medium
L006939,C07334,Personal,50000.0,16.37,2025-07-28,48,3556.15,Active,Low
L006940,C06513,Personal,154700.0,16.35,2022-08-16,180,50318.0,Active,Medium
L006941,C09302,Personal,264400.0,9.55,2024-03-28,120,189706.6,Overdue,Medium
L006942,C05089,Home,325900.0,15.54,2022-10-13,36,244854.77,Overdue,Low
L006943,C09485,Business,1116500.0,13.66,2024-11-02,84,599590.59,Active,Medium
L006944,C11196,Education,156300.0,7.78,2022-10-18,180,39708.92,Active,Medium
L006945,C07761,Auto,50000.0,8.82,2024-11-16,84,36703.18,Closed,Medium
L006946,C14102,Auto,474400.0,9.42,2024-06-30,240,237777.92,Active,Low
L006947,C02009,Personal,56700.0,8.72,2022-06-29,60,31484.89,Active,High
L006948,C02306,Auto,132700.0,15.46,2023-06-08,240,69078.45,Active,Low
L006949,C06069,Personal,398500.0,10.68,2024-05-15,84,355563.08,Active,Low
L006950,C07857,Personal,544200.0,6.88,2025-01-11,240,481860.99,Overdue,Medium
L006951,C08601,Business,82000.0,6.96,2025-08-12,240,70973.79,Active,Medium
L006952,C07296,Home,323400.0,10.37,2022-11-10,24,288929.1,Overdue,Low
L006953,C06173,Home,87100.0,16.09,2024-04-24,36,50586.1,Closed,Medium
L006954,C14939,Personal,121600.0,11.67,2022-09-29,84,112968.75,Active,Low
L006955,C07162,Home,332300.0,12.84,2025-10-24,180,193559.73,Closed,Medium
L006956,C00652,Business,284700.0,10.2,2024-03-17,36,73738.86,Active,Medium
L006957,C13768,Auto,76700.0,11.54,2023-10-08,120,27957.38,Active,Low
L006958,C05569,Education,170400.0,15.85,2023-12-06,84,60577.5,Active,Low
L006959,C03499,Home,188200.0,7.49,2024-04-26,12,85553.74,Overdue,Low
L006960,C13399,Home,303900.0,11.85,2022-03-11,24,277309.27,Active,Low
L006961,C13979,Personal,80000.0,15.99,2025-03-25,180,54418.44,Active,Low
L006962,C05811,Business,82500.0,6.61,2023-08-24,180,61631.71,Active,Low
L006963,C04706,Personal,182900.0,9.66,2024-12-09,60,63110.88,Closed,Low
L006964,C07494,Personal,50000.0,7.66,2022-12-03,84,27335.33,Active,Low
L006965,C02859,Personal,50000.0,15.88,2024-09-07,240,40053.1,Active,Low
L006966,C08662,Home,200400.0,14.13,2024-11-25,12,45629.03,Closed,Medium
L006967,C08246,Personal,50000.0,16.0,2022-01-21,120,14660.54,Closed,Low
L006968,C02594,Auto,131600.0,7.06,2023-05-07,180,26841.88,Closed,Medium
L006969,C14525,Business,132600.0,16.09,2024-05-31,84,33364.48,Active,Low
L006970,C02636,Personal,240100.0,8.05,2022-05-18,36,101271.27,Active,Low
L006971,C09264,Business,50000.0,15.0,2022-04-22,240,45793.71,Closed,High
L006972,C03971,Personal,452200.0,11.94,2023-07-15,180,183910.41,Active,Medium
L006973,C03436,Personal,50000.0,11.99,2024-07-31,48,45163.41,Active,Low
L006974,C11055,Education,121600.0,14.82,2022-07-17,180,86894.67,Closed,Low
L006975,C06835,Home,54000.0,15.0,2024-08-05,60,36227.94,Closed,Medium
L006976,C04839,Business,270400.0,7.44,2025-02-19,48,46522.62,Closed,Low
L006977,C12107,Auto,132500.0,15.66,2025-12-08,240,94898.32,Active,Medium
L006978,C09168,Personal,88500.0,8.68,2024-05-02,84,16515.08,Active,Medium
L006979,C00264,Home,965100.0,13.84,2025-04-06,120,260056.94,Active,Low
L006980,C08870,Home,50000.0,10.93,2023-01-09,24,27318.57,Closed,Medium
L006981,C12390,Personal,108500.0,9.48,2025-02-26,180,92630.59,Active,Low
L006982,C09938,Business,128200.0,15.79,2024-03-14,24,44038.16,Active,Low
L006983,C10247,Personal,217900.0,10.63,2024-08-17,12,164541.78,Active,Medium
L006984,C06898,Personal,668200.0,8.23,2023-08-28,240,98559.44,Active,Low
L006985,C00256,Education,184200.0,10.96,2025-12-22,60,13953.25,Active,Low
L006986,C13721,Home,209100.0,9.6,2024-07-13,120,187843.63,Closed,Low
L006987,C12078,Home,771100.0,12.73,2025-09-30,48,694662.36,Overdue,Low
L006988,C12138,Home,68400.0,10.22,2025-10-19,240,47189.92,Active,Medium
L006989,C09666,Home,75300.0,15.13,2024-05-02,120,52903.67,Overdue,Low
L006990,C13446,Auto,623900.0,14.99,2025-07-04,180,314478.61,Active,Low
L006991,C11204,Personal,1174200.0,9.28,2024-10-24,60,391090.31,Closed,High
L006992,C06953,Home,291300.0,12.75,2022-12-14,84,86594.63,Active,High
L006993,C13821,Business,219400.0,13.79,2025-03-03,48,132438.32,Closed,Low
L006994,C12716,Home,108200.0,13.7,2025-06-30,36,36929.12,Active,Low
L006995,C06999,Personal,318400.0,15.59,2022-08-08,180,266819.47,Active,Medium
L006996,C13573,Education,106000.0,13.41,2022-07-10,180,53606.44,Closed,Medium
L006997,C00813,Personal,591500.0,12.49,2025-07-09,120,501612.97,Active,Medium
L006998,C11397,Personal,50000.0,14.3,2024-03-27,36,39755.51,Closed,High
L006999,C01231,Home,246200.0,8.79,2023-02-20,36,139399.52,Active,Low
L007000,C07951,Personal,132900.0,13.14,2022-01-03,60,97091.24,Active,Low
