Card_ID,Customer_ID,Card_Type,Credit_Limit,Outstanding_Amount,Annual_Fee,Status,Issue_Date
CC000001,C01319,Classic,114700.0,61015.28,1999,Closed,2023-07-21
CC000002,C05196,Classic,174500.0,66682.72,0,Active,2022-01-11
CC000003,C00801,Gold,72500.0,33826.39,0,Active,2025-01-10
CC000004,C07873,Classic,128700.0,67490.01,1999,Active,2022-05-16
CC000005,C11199,Classic,150100.0,76568.5,999,Active,2025-12-11
CC000006,C12262,Signature,79600.0,23118.88,999,Active,2023-05-05
CC000007,C06446,Classic,243400.0,64091.75,1999,Active,2022-12-24
CC000008,C08331,Classic,41900.0,2749.05,999,Active,2022-07-26
CC000009,C03267,Gold,82400.0,34099.17,0,Active,2024-06-19
CC000010,C12410,Platinum,61100.0,23792.04,1999,Active,2022-02-03
CC000011,C03427,Gold,22100.0,3331.36,499,Active,2022-04-27
CC000012,C03630,Gold,27000.0,2696.47,0,Active,2025-02-03
CC000013,C06153,Platinum,73400.0,22011.59,999,Blocked,2025-11-29
CC000014,C00591,Classic,20000.0,5616.03,0,Active,2025-06-02
CC000015,C05526,Platinum,21600.0,13653.66,0,Active,2025-11-25
CC000016,C14060,Platinum,22600.0,3695.76,499,Closed,2025-07-07
CC000017,C04311,Gold,39400.0,18739.41,999,Active,2022-12-07
CC000018,C07125,Platinum,49000.0,16444.73,999,Active,2024-06-11
CC000019,C04491,Platinum,55300.0,3684.41,1999,Active,2023-02-04
CC000020,C14993,Platinum,54300.0,13475.6,0,Active,2025-07-28
CC000021,C13357,Gold,20000.0,9885.39,2999,Active,2024-04-27
CC000022,C00939,Classic,20000.0,3144.49,499,Active,2024-07-29
CC000023,C12160,Gold,101000.0,13151.39,499,Active,2024-10-30
CC000024,C04128,Classic,42700.0,11155.5,0,Active,2025-08-16
CC000025,C14704,Classic,82000.0,13467.24,1999,Active,2024-02-23
CC000026,C07524,Platinum,58000.0,13913.69,0,Blocked,2025-06-19
CC000027,C02895,Gold,60300.0,10705.08,999,Active,2023-10-21
CC000028,C10201,Gold,61300.0,13409.32,499,Active,2024-02-25
CC000029,C13861,Gold,37400.0,2513.13,1999,Active,2024-06-17
CC000030,C11087,Platinum,62500.0,31873.25,1999,Active,2023-11-14
CC000031,C00642,Platinum,115100.0,21037.32,499,Active,2025-03-12
CC000032,C10677,Classic,20000.0,2301.27,999,Active,2022-02-05
CC000033,C14548,Platinum,29200.0,10866.22,0,Active,2022-11-01
CC000034,C10104,Classic,33800.0,26261.82,0,Active,2024-06-16
CC000035,C00668,Classic,84800.0,21946.17,0,Active,2025-09-12
CC000036,C12383,Platinum,20000.0,2535.86,999,Active,2025-07-13
CC000037,C04772,Gold,41200.0,8042.09,999,Active,2023-04-06
CC000038,C00176,Gold,30000.0,10802.04,0,Active,2022-03-11
CC000039,C12659,Platinum,70000.0,14994.33,0,Active,2023-05-16
CC000040,C06512,Signature,54800.0,9052.66,1999,Active,2023-03-28
CC000041,C09605,Platinum,24400.0,8481.4,999,Active,2022-11-20
CC000042,C12764,Platinum,127900.0,32590.3,999,Active,2025-01-28
CC000043,C09301,Classic,20000.0,615.74,0,Active,2022-04-14
CC000044,C01335,Platinum,20000.0,4736.95,499,Active,2025-12-31
CC000045,C03280,Gold,45700.0,23146.48,0,Active,2025-10-27
CC000046,C09332,Classic,32100.0,8470.76,0,Active,2025-10-11
CC000047,C02230,Classic,23700.0,7158.54,499,Active,2023-11-09
CC000048,C04887,Gold,125900.0,26378.83,0,Active,2025-12-03
CC000049,C02449,Classic,85700.0,11401.81,999,Active,2024-11-18
CC000050,C02537,Classic,53900.0,18398.5,999,Active,2024-08-31
CC000051,C14605,Gold,20000.0,1321.93,2999,Active,2025-10-11
CC000052,C07679,Platinum,36300.0,15861.46,0,Active,2023-03-23
CC000053,C04284,Classic,42800.0,5384.83,999,Active,2025-04-03
CC000054,C03115,Signature,145000.0,76793.09,0,Active,2024-01-20
CC000055,C04394,Platinum,77300.0,14432.19,499,Active,2022-10-21
CC000056,C13881,Classic,87300.0,13381.73,999,Active,2024-02-17
CC000057,C02678,Gold,129500.0,28821.97,0,Active,2025-10-02
CC000058,C02385,Platinum,50800.0,7162.1,999,Closed,2025-01-01
CC000059,C07166,Platinum,85600.0,10908.21,0,Active,2022-08-06
CC000060,C10474,Signature,20000.0,3160.32,0,Closed,2024-01-20
CC000061,C05731,Platinum,54300.0,12610.47,0,Active,2023-12-15
CC000062,C05601,Gold,38800.0,2952.81,0,Active,2023-01-10
CC000063,C09916,Signature,48400.0,12879.93,499,Active,2022-06-10
CC000064,C03353,Gold,58700.0,30722.8,0,Active,2024-12-14
CC000065,C08858,Classic,92400.0,31506.79,0,Active,2025-07-01
CC000066,C14829,Classic,54500.0,6425.11,0,Active,2023-08-28
CC000067,C02764,Platinum,208200.0,43586.21,0,Active,2022-09-30
CC000068,C03681,Classic,127800.0,22251.56,499,Active,2024-11-14
CC000069,C13529,Gold,54000.0,18033.18,1999,Active,2024-11-25
CC000070,C03466,Classic,34100.0,9670.49,999,Active,2025-09-05
CC000071,C10741,Gold,73700.0,25186.24,999,Blocked,2024-01-11
CC000072,C07391,Classic,44900.0,11714.94,0,Active,2024-07-21
CC000073,C06510,Platinum,55200.0,20844.42,1999,Active,2025-01-31
CC000074,C06835,Classic,27500.0,14558.99,999,Active,2023-11-18
CC000075,C05401,Gold,41500.0,6049.24,1999,Active,2024-02-20
CC000076,C06202,Gold,36400.0,14238.55,1999,Active,2022-09-01
CC000077,C13836,Platinum,65000.0,10334.08,999,Active,2025-03-15
CC000078,C13855,Signature,88900.0,37203.33,0,Active,2023-07-01
CC000079,C14098,Classic,66400.0,25946.28,1999,Active,2023-09-07
CC000080,C13098,Classic,72100.0,47558.89,0,Active,2025-04-12
CC000081,C10546,Signature,20000.0,9326.59,2999,Active,2024-07-11
CC000082,C08568,Gold,87300.0,57832.65,499,Active,2022-04-04
CC000083,C07099,Gold,33500.0,10741.18,1999,Active,2023-05-21
CC000084,C05743,Gold,67500.0,9744.1,0,Active,2022-07-20
CC000085,C13996,Platinum,29800.0,1640.48,1999,Active,2022-06-18
CC000086,C14919,Classic,43000.0,13740.84,2999,Active,2022-09-21
CC000087,C12292,Gold,40100.0,7065.54,0,Active,2025-11-07
CC000088,C02362,Classic,71900.0,18561.8,499,Active,2022-06-30
CC000089,C07463,Platinum,62800.0,26644.0,0,Active,2023-11-05
CC000090,C13060,Platinum,112700.0,11721.08,999,Active,2025-12-12
CC000091,C01210,Gold,83300.0,32157.48,999,Active,2025-12-15
CC000092,C03695,Platinum,49700.0,12272.99,0,Active,2024-03-04
CC000093,C07735,Signature,23900.0,9038.85,499,Active,2024-11-12
CC000094,C01298,Classic,38400.0,15040.85,1999,Active,2024-02-07
CC000095,C09646,Gold,24000.0,9017.13,0,Active,2022-09-06
CC000096,C09779,Gold,105200.0,29541.26,0,Active,2025-02-19
CC000097,C05916,Platinum,43700.0,14584.22,0,Active,2025-01-26
CC000098,C12190,Platinum,49200.0,18073.09,499,Active,2022-08-05
CC000099,C10361,Platinum,35000.0,6509.32,999,Active,2024-09-21
CC000100,C08061,Platinum,20000.0,3508.87,999,Active,2022-12-23
CC000101,C00240,Platinum,114600.0,36919.67,499,Active,2025-06-20
CC000102,C00604,Classic,67700.0,14409.43,499,Active,2022-08-07
CC000103,C07745,Classic,218100.0,85437.97,999,Active,2023-05-24
CC000104,C05063,Platinum,77100.0,20489.93,499,Active,2024-03-24
CC000105,C03465,Gold,160100.0,34670.99,499,Active,2024-11-29
CC000106,C07992,Classic,71600.0,16979.2,999,Active,2025-01-25
CC000107,C08087,Gold,24200.0,5586.29,499,Active,2023-08-31
CC000108,C12772,Gold,83900.0,26863.05,999,Active,2023-03-31
CC000109,C05039,Platinum,39400.0,15969.26,999,Active,2022-09-04
CC000110,C01636,Platinum,68800.0,41470.7,0,Active,2024-08-01
CC000111,C01920,Gold,74400.0,41347.25,0,Active,2024-04-03
CC000112,C01397,Platinum,74200.0,27598.72,0,Active,2025-10-06
CC000113,C02204,Gold,39800.0,18275.04,0,Active,2022-06-01
CC000114,C05143,Classic,36600.0,4075.53,499,Active,2024-11-19
CC000115,C11210,Classic,48100.0,19171.0,1999,Active,2025-12-10
CC000116,C13019,Classic,65800.0,38551.64,499,Active,2025-09-12
CC000117,C10681,Signature,20000.0,400.0,999,Active,2022-03-31
CC000118,C03397,Classic,139200.0,31149.93,0,Active,2023-07-06
CC000119,C10332,Gold,21000.0,10922.56,2999,Active,2025-05-15
CC000120,C02626,Gold,80600.0,18670.54,499,Active,2025-05-07
CC000121,C06941,Gold,42200.0,8288.51,999,Active,2025-09-23
CC000122,C05576,Gold,78200.0,9875.37,1999,Active,2023-10-27
CC000123,C10394,Gold,50700.0,15723.95,1999,Active,2024-03-10
CC000124,C10209,Classic,23700.0,3545.58,0,Active,2024-04-03
CC000125,C03316,Gold,37800.0,12090.26,0,Active,2022-08-08
CC000126,C00087,Gold,78200.0,13820.81,0,Active,2025-11-06
CC000127,C03756,Signature,20500.0,11669.48,499,Active,2025-06-06
CC000128,C07548,Gold,82500.0,42191.67,1999,Active,2023-10-18
CC000129,C11325,Classic,38900.0,27508.93,0,Active,2024-02-15
CC000130,C02797,Signature,107500.0,6378.71,1999,Active,2025-12-09
CC000131,C11742,Classic,36500.0,24402.22,499,Active,2023-08-09
CC000132,C12326,Gold,48400.0,7379.31,1999,Active,2025-01-28
CC000133,C01641,Gold,170500.0,43057.14,499,Active,2023-11-06
CC000134,C03510,Gold,55900.0,19437.33,499,Active,2022-12-03
CC000135,C12100,Signature,35900.0,6136.33,999,Active,2024-02-02
CC000136,C14011,Gold,85800.0,35120.15,999,Closed,2022-02-05
CC000137,C13307,Gold,110400.0,23108.23,0,Active,2022-09-14
CC000138,C13908,Classic,57000.0,17991.97,0,Active,2022-03-09
CC000139,C00978,Classic,78900.0,13673.81,999,Active,2025-09-11
CC000140,C14298,Platinum,158800.0,65258.29,0,Active,2025-06-22
CC000141,C11022,Classic,53000.0,20617.26,1999,Active,2022-10-01
CC000142,C07296,Classic,99700.0,45377.62,0,Closed,2024-12-12
CC000143,C13358,Gold,96000.0,2784.45,0,Closed,2024-08-02
CC000144,C10361,Gold,80800.0,40994.75,999,Active,2022-04-09
CC000145,C14804,Classic,48100.0,25940.98,999,Closed,2023-10-12
CC000146,C01517,Classic,56800.0,27488.86,0,Active,2025-10-17
CC000147,C10921,Classic,115500.0,25686.48,0,Active,2023-08-04
CC000148,C04276,Gold,48000.0,14420.74,2999,Active,2025-10-24
CC000149,C14266,Gold,20000.0,9284.24,0,Active,2024-10-05
CC000150,C12045,Gold,85400.0,12535.98,0,Closed,2022-03-09
CC000151,C06960,Platinum,43500.0,23124.42,1999,Active,2024-05-30
CC000152,C11906,Signature,81400.0,47078.49,1999,Active,2024-04-09
CC000153,C01864,Classic,20000.0,5376.37,499,Active,2025-06-23
CC000154,C12085,Gold,37500.0,12640.35,499,Active,2023-10-09
CC000155,C10394,Classic,123900.0,13654.44,999,Active,2025-10-22
CC000156,C09776,Classic,63400.0,16124.09,999,Active,2022-08-03
CC000157,C04332,Gold,145500.0,41309.09,0,Active,2025-01-17
CC000158,C03716,Classic,32500.0,6370.68,0,Active,2024-11-21
CC000159,C06036,Classic,110100.0,24204.66,0,Active,2025-07-13
CC000160,C07461,Platinum,138200.0,65627.22,499,Active,2025-04-12
CC000161,C10987,Signature,174400.0,108033.46,999,Active,2025-09-06
CC000162,C07438,Gold,27700.0,9900.24,999,Active,2025-05-30
CC000163,C05750,Platinum,77300.0,30745.16,499,Closed,2025-10-01
CC000164,C06330,Classic,30900.0,7976.05,0,Blocked,2024-10-31
CC000165,C07246,Gold,22300.0,7543.65,0,Active,2022-11-09
CC000166,C06237,Signature,36700.0,6679.02,1999,Active,2023-07-01
CC000167,C08344,Classic,38900.0,11154.69,0,Active,2023-02-21
CC000168,C02979,Signature,44700.0,7750.54,0,Active,2023-07-21
CC000169,C02876,Classic,38000.0,15010.75,999,Active,2022-09-01
CC000170,C00009,Classic,20000.0,5889.6,0,Active,2024-12-23
CC000171,C12404,Gold,106300.0,9179.9,1999,Active,2023-08-15
CC000172,C13512,Classic,72700.0,23628.28,1999,Active,2023-11-03
CC000173,C13370,Classic,48700.0,11865.25,0,Active,2024-03-15
CC000174,C08874,Gold,24000.0,5653.0,499,Active,2024-09-08
CC000175,C03436,Gold,49300.0,19595.36,0,Active,2022-05-20
CC000176,C04062,Gold,42500.0,15278.54,499,Active,2024-07-07
CC000177,C10025,Platinum,22900.0,5700.0,999,Active,2022-01-03
CC000178,C09312,Signature,41900.0,6571.3,0,Active,2023-12-05
CC000179,C01034,Platinum,42800.0,17984.39,0,Active,2023-11-03
CC000180,C02914,Gold,38900.0,15743.28,499,Active,2024-02-23
CC000181,C00158,Signature,74700.0,26125.17,2999,Active,2025-06-25
CC000182,C13793,Platinum,35600.0,3722.17,0,Active,2022-12-31
CC000183,C01972,Classic,30000.0,16824.83,0,Active,2024-02-05
CC000184,C11384,Gold,63800.0,9004.04,0,Active,2022-11-24
CC000185,C01442,Platinum,48100.0,23458.4,499,Active,2024-07-22
CC000186,C01536,Gold,43200.0,8807.34,999,Active,2022-03-04
CC000187,C03372,Classic,40500.0,8757.02,999,Active,2025-11-12
CC000188,C14517,Classic,61500.0,30978.82,0,Active,2022-05-30
CC000189,C14164,Gold,117000.0,18445.35,999,Active,2022-08-19
CC000190,C05567,Gold,56600.0,16830.1,0,Active,2025-09-28
CC000191,C03834,Classic,109000.0,16448.55,1999,Active,2023-09-05
CC000192,C07429,Gold,43600.0,15501.37,999,Active,2024-04-04
CC000193,C11439,Gold,63800.0,32355.06,1999,Active,2022-08-07
CC000194,C05659,Platinum,49100.0,4670.59,2999,Active,2023-03-31
CC000195,C06302,Platinum,37300.0,16871.29,999,Active,2023-11-28
CC000196,C02723,Platinum,43800.0,10939.17,999,Active,2024-11-05
CC000197,C11208,Classic,100100.0,49084.82,2999,Active,2022-03-14
CC000198,C10918,Signature,77000.0,29938.32,999,Active,2024-12-28
CC000199,C04318,Platinum,65800.0,13433.41,0,Active,2023-07-17
CC000200,C05992,Gold,40600.0,34546.77,0,Active,2022-12-21
CC000201,C07810,Classic,42400.0,13447.32,499,Active,2023-10-03
CC000202,C06861,Platinum,20000.0,8523.45,999,Active,2024-09-04
CC000203,C00115,Gold,49800.0,10691.05,0,Active,2022-10-29
CC000204,C04169,Classic,22300.0,18838.7,1999,Active,2025-04-12
CC000205,C08270,Classic,20000.0,7947.14,0,Active,2023-12-21
CC000206,C08673,Classic,62500.0,24095.88,1999,Active,2023-07-28
CC000207,C06822,Classic,29500.0,6722.46,499,Closed,2024-02-10
CC000208,C02579,Classic,38900.0,4635.21,999,Active,2023-09-04
CC000209,C08303,Classic,53500.0,11298.77,499,Active,2022-10-07
CC000210,C01949,Platinum,20700.0,9729.34,0,Active,2024-09-13
CC000211,C12304,Gold,20000.0,1157.0,0,Active,2023-05-12
CC000212,C12447,Gold,80400.0,13549.14,499,Active,2024-10-24
CC000213,C02699,Classic,50900.0,21294.61,499,Active,2024-07-19
CC000214,C11362,Gold,23000.0,2482.92,1999,Active,2022-01-22
CC000215,C08201,Classic,28900.0,8464.05,499,Active,2024-01-21
CC000216,C01281,Gold,46300.0,13078.74,999,Active,2025-12-27
CC000217,C10939,Classic,20000.0,3414.42,499,Active,2025-12-15
CC000218,C00784,Platinum,30100.0,9996.28,0,Active,2022-09-07
CC000219,C01578,Classic,62000.0,29910.91,499,Active,2025-02-07
CC000220,C09124,Gold,34600.0,10490.9,999,Active,2025-12-07
CC000221,C03830,Gold,45000.0,13095.94,2999,Active,2024-05-16
CC000222,C07860,Signature,54500.0,26332.85,499,Active,2025-08-17
CC000223,C04296,Classic,48700.0,11005.16,499,Active,2025-04-24
CC000224,C01470,Classic,44300.0,5546.13,999,Active,2022-06-08
CC000225,C00968,Gold,20000.0,4131.8,0,Active,2024-03-08
CC000226,C00433,Classic,70800.0,13062.21,0,Active,2025-11-29
CC000227,C06683,Classic,106900.0,59793.26,499,Active,2024-02-08
CC000228,C11282,Platinum,83500.0,2794.92,1999,Closed,2022-10-19
CC000229,C10655,Gold,42100.0,7417.9,499,Active,2022-02-14
CC000230,C03364,Gold,23300.0,13357.26,999,Active,2023-12-17
CC000231,C02981,Platinum,125300.0,48000.86,999,Blocked,2023-11-06
CC000232,C03455,Classic,38100.0,6442.27,499,Active,2025-04-06
CC000233,C06981,Platinum,43600.0,10767.54,2999,Active,2023-08-31
CC000234,C11865,Classic,53700.0,4310.68,999,Active,2024-10-24
CC000235,C04764,Platinum,27000.0,1320.58,0,Active,2023-05-23
CC000236,C06072,Gold,20000.0,1746.98,999,Active,2025-11-04
CC000237,C09030,Classic,20000.0,3589.61,0,Active,2024-06-24
CC000238,C05678,Signature,29400.0,5124.38,499,Active,2022-07-25
CC000239,C00826,Classic,29900.0,2766.58,999,Active,2024-11-04
CC000240,C04225,Platinum,43900.0,20159.35,0,Active,2025-01-07
CC000241,C04675,Platinum,59200.0,17550.14,999,Active,2025-05-09
CC000242,C14423,Classic,29400.0,7954.79,999,Active,2022-03-09
CC000243,C00725,Classic,65400.0,27785.44,499,Active,2024-02-17
CC000244,C13526,Gold,20000.0,10712.81,1999,Closed,2025-03-22
CC000245,C11153,Platinum,22900.0,1721.91,1999,Active,2022-09-29
CC000246,C14153,Classic,51900.0,19805.01,999,Active,2022-09-24
CC000247,C09096,Platinum,61600.0,29934.06,1999,Active,2022-10-26
CC000248,C04269,Gold,20000.0,5327.88,0,Active,2024-11-26
CC000249,C06326,Classic,33800.0,16014.38,499,Active,2024-11-13
CC000250,C10746,Signature,54500.0,17523.94,999,Closed,2025-03-30
CC000251,C05974,Classic,94100.0,24159.89,1999,Active,2024-06-21
CC000252,C14227,Platinum,34500.0,23252.86,999,Active,2024-04-01
CC000253,C05777,Classic,46500.0,8842.93,999,Active,2025-10-27
CC000254,C12731,Platinum,49000.0,7228.98,499,Active,2023-03-20
CC000255,C07208,Gold,20800.0,3853.43,499,Active,2025-05-25
CC000256,C13073,Classic,85900.0,14113.63,999,Active,2025-09-01
CC000257,C09275,Platinum,39500.0,9703.74,0,Active,2022-08-09
CC000258,C06619,Classic,51600.0,23235.06,499,Active,2022-07-12
CC000259,C03767,Classic,21800.0,2838.33,999,Active,2024-04-15
CC000260,C10234,Platinum,43200.0,11603.7,499,Active,2025-03-24
CC000261,C06006,Platinum,68500.0,39035.92,0,Active,2023-05-27
CC000262,C11333,Classic,38800.0,7649.31,0,Active,2023-06-11
CC000263,C05006,Classic,72900.0,6881.58,999,Active,2024-04-27
CC000264,C07020,Classic,24700.0,8200.9,0,Active,2025-04-02
CC000265,C10778,Classic,43800.0,10515.85,1999,Active,2023-09-15
CC000266,C01587,Platinum,21800.0,4247.56,499,Active,2022-03-19
CC000267,C02120,Platinum,82600.0,25642.54,1999,Active,2024-11-18
CC000268,C14731,Gold,32800.0,19825.0,499,Active,2025-08-31
CC000269,C13375,Classic,58700.0,10347.32,1999,Active,2022-01-31
CC000270,C11995,Classic,20000.0,1973.76,0,Active,2023-09-29
CC000271,C00231,Classic,66700.0,24524.0,1999,Active,2025-07-30
CC000272,C08872,Gold,26800.0,4869.04,1999,Active,2022-12-26
CC000273,C13594,Gold,75000.0,22265.35,1999,Active,2024-10-27
CC000274,C04162,Platinum,40500.0,7858.14,999,Active,2024-03-14
CC000275,C04674,Classic,74700.0,4281.3,0,Active,2025-10-31
CC000276,C00192,Platinum,57900.0,2740.15,1999,Active,2023-05-03
CC000277,C04195,Platinum,162500.0,10024.79,999,Closed,2024-10-21
CC000278,C04323,Platinum,40500.0,11759.35,0,Active,2023-10-03
CC000279,C03844,Platinum,100100.0,39208.59,1999,Active,2023-02-01
CC000280,C00806,Platinum,23900.0,1610.42,2999,Active,2025-07-04
CC000281,C03569,Signature,34400.0,23198.89,499,Active,2022-09-22
CC000282,C11443,Classic,20000.0,3416.51,499,Active,2024-12-23
CC000283,C14339,Gold,20000.0,7434.49,999,Active,2023-11-17
CC000284,C00861,Platinum,20000.0,6929.03,1999,Active,2022-06-12
CC000285,C08605,Classic,56500.0,9471.96,999,Active,2024-12-10
CC000286,C01302,Classic,62700.0,14326.42,499,Active,2025-05-10
CC000287,C00040,Gold,74500.0,30574.74,499,Active,2022-03-26
CC000288,C11563,Platinum,72400.0,26670.65,0,Active,2024-05-13
CC000289,C05448,Signature,20800.0,3819.14,999,Active,2023-09-21
CC000290,C12038,Classic,56100.0,15395.33,499,Active,2025-09-03
CC000291,C08401,Platinum,63700.0,9199.14,499,Active,2023-12-05
CC000292,C14099,Gold,54500.0,9785.11,499,Active,2024-02-09
CC000293,C01449,Signature,40100.0,19329.56,499,Closed,2025-05-02
CC000294,C01745,Gold,47800.0,32820.22,499,Active,2022-06-20
CC000295,C04503,Gold,26500.0,8949.27,0,Active,2024-07-03
CC000296,C01525,Classic,80600.0,24847.66,0,Active,2023-10-03
CC000297,C08265,Gold,20000.0,10019.49,499,Active,2024-01-22
CC000298,C12890,Signature,21700.0,5132.96,499,Active,2023-03-07
CC000299,C11316,Gold,64400.0,34809.43,999,Active,2022-12-10
CC000300,C12557,Classic,28800.0,1731.3,999,Active,2025-09-03
CC000301,C06770,Signature,20000.0,4495.13,1999,Active,2025-03-15
CC000302,C08495,Classic,39000.0,4404.75,0,Active,2025-12-27
CC000303,C14161,Classic,149800.0,54494.51,499,Active,2024-02-10
CC000304,C02265,Classic,34800.0,16592.02,499,Active,2024-09-21
CC000305,C00625,Gold,26600.0,9759.31,499,Active,2023-06-22
CC000306,C11041,Platinum,28500.0,12128.17,2999,Active,2022-07-10
CC000307,C14943,Gold,33500.0,10846.79,0,Active,2023-10-29
CC000308,C05500,Gold,69800.0,32930.75,499,Active,2024-02-18
CC000309,C06004,Classic,76000.0,39081.45,0,Active,2022-04-27
CC000310,C00065,Classic,20000.0,8764.55,1999,Active,2025-10-11
CC000311,C02464,Classic,37500.0,9502.01,1999,Active,2024-01-14
CC000312,C10834,Gold,30000.0,16415.22,999,Active,2023-11-21
CC000313,C09717,Gold,154000.0,71596.34,0,Closed,2022-05-15
CC000314,C14661,Platinum,118400.0,32159.35,999,Active,2023-02-13
CC000315,C11994,Classic,139500.0,65768.31,499,Active,2022-05-26
CC000316,C03258,Gold,23900.0,2679.21,0,Active,2023-05-26
CC000317,C08005,Gold,28400.0,16512.22,999,Active,2022-04-20
CC000318,C12510,Classic,66400.0,26574.27,999,Active,2022-06-06
CC000319,C11409,Gold,39800.0,6879.82,1999,Active,2025-04-30
CC000320,C07633,Platinum,31400.0,10942.21,999,Active,2023-06-21
CC000321,C00334,Platinum,22500.0,5478.68,0,Active,2022-02-16
CC000322,C03550,Classic,152400.0,19660.07,999,Active,2023-08-02
CC000323,C13653,Classic,22200.0,11313.58,999,Active,2025-03-28
CC000324,C03434,Gold,73300.0,39743.77,0,Active,2022-07-01
CC000325,C07324,Classic,35200.0,3294.74,999,Active,2022-12-04
CC000326,C12463,Platinum,223800.0,97492.94,999,Active,2023-05-15
CC000327,C13398,Signature,32000.0,10856.85,499,Active,2025-02-21
CC000328,C05512,Gold,64000.0,42745.62,999,Active,2025-05-06
CC000329,C11376,Signature,35400.0,15990.91,0,Blocked,2025-08-01
CC000330,C00164,Classic,35200.0,13101.95,0,Blocked,2024-02-15
CC000331,C14151,Classic,108600.0,22260.18,499,Active,2024-09-06
CC000332,C03593,Classic,43900.0,20555.34,999,Active,2022-10-27
CC000333,C11613,Gold,53400.0,13128.55,1999,Active,2023-05-01
CC000334,C04209,Platinum,91800.0,11375.24,0,Active,2025-11-25
CC000335,C08634,Classic,56300.0,31375.21,999,Active,2024-04-12
CC000336,C02844,Signature,20000.0,2834.55,0,Active,2022-05-23
CC000337,C08455,Platinum,28100.0,3807.63,499,Active,2022-06-25
CC000338,C06482,Platinum,64700.0,11757.17,499,Closed,2025-11-21
CC000339,C11424,Platinum,62700.0,23099.08,0,Active,2025-10-27
CC000340,C08231,Gold,20000.0,400.0,0,Closed,2025-09-17
CC000341,C10317,Gold,21100.0,11670.45,499,Active,2022-08-31
CC000342,C12148,Classic,36900.0,13000.03,0,Active,2025-11-24
CC000343,C06598,Classic,20000.0,8170.82,0,Closed,2023-11-19
CC000344,C13589,Classic,78300.0,12743.61,999,Active,2024-01-03
CC000345,C04703,Platinum,20000.0,7666.83,1999,Active,2023-02-19
CC000346,C00430,Platinum,49800.0,17294.56,999,Active,2024-11-13
CC000347,C05050,Gold,65900.0,11813.74,1999,Closed,2022-12-29
CC000348,C11311,Classic,47400.0,13360.93,2999,Active,2023-10-08
CC000349,C01605,Gold,27000.0,17973.83,0,Active,2024-04-10
CC000350,C05324,Platinum,22900.0,7208.15,999,Active,2023-12-07
CC000351,C03490,Classic,20400.0,7539.76,0,Active,2025-04-17
CC000352,C07791,Platinum,41200.0,4076.8,0,Active,2023-10-22
CC000353,C13055,Platinum,36400.0,12616.24,999,Active,2024-11-07
CC000354,C06087,Platinum,31100.0,22433.68,0,Active,2024-11-17
CC000355,C04703,Classic,57300.0,17123.88,499,Active,2025-09-01
CC000356,C02113,Classic,20000.0,3990.75,0,Active,2025-02-16
CC000357,C04022,Platinum,149900.0,11924.86,0,Active,2022-08-25
CC000358,C13546,Classic,47600.0,17658.16,499,Active,2022-08-09
CC000359,C04375,Classic,39600.0,6564.73,999,Active,2023-11-28
CC000360,C12256,Classic,39500.0,5079.39,499,Active,2022-01-21
CC000361,C04745,Platinum,47100.0,8828.23,1999,Active,2024-02-02
CC000362,C04369,Platinum,24000.0,13622.75,0,Active,2022-10-10
CC000363,C06833,Gold,135600.0,37002.57,1999,Active,2022-03-24
CC000364,C07885,Classic,29100.0,4341.84,499,Active,2022-02-19
CC000365,C00369,Platinum,50200.0,20330.22,0,Active,2025-08-20
CC000366,C02157,Classic,47000.0,8720.83,499,Blocked,2023-02-18
CC000367,C02992,Platinum,44700.0,11998.59,0,Active,2022-02-06
CC000368,C03229,Classic,122700.0,23364.43,0,Active,2022-05-15
CC000369,C03822,Classic,97800.0,35706.33,499,Active,2023-09-10
CC000370,C02778,Classic,28900.0,9780.36,0,Active,2024-08-19
CC000371,C06608,Classic,32500.0,16379.46,999,Active,2022-11-30
CC000372,C07222,Gold,81300.0,23709.39,1999,Active,2022-11-23
CC000373,C05085,Gold,34200.0,6993.5,1999,Active,2023-08-06
CC000374,C05470,Classic,20000.0,7328.33,0,Active,2023-05-15
CC000375,C04537,Classic,63800.0,13856.85,999,Active,2023-07-08
CC000376,C02390,Platinum,44800.0,7709.63,499,Active,2022-06-22
CC000377,C04888,Platinum,38800.0,2729.91,1999,Closed,2022-03-12
CC000378,C08475,Signature,40800.0,14727.68,499,Active,2023-01-31
CC000379,C02111,Gold,110900.0,26929.8,499,Active,2023-11-03
CC000380,C04145,Gold,20000.0,4221.95,499,Active,2023-10-24
CC000381,C11200,Platinum,62300.0,30460.42,1999,Active,2022-10-13
CC000382,C13181,Platinum,47700.0,7908.6,499,Active,2024-07-10
CC000383,C03672,Platinum,74200.0,35720.7,0,Active,2024-06-03
CC000384,C11664,Classic,33300.0,8458.03,0,Closed,2025-09-21
CC000385,C09741,Signature,20000.0,3621.65,0,Active,2024-01-13
CC000386,C10226,Signature,83700.0,15546.42,499,Active,2022-03-30
CC000387,C05678,Classic,20000.0,4848.14,499,Active,2022-09-12
CC000388,C08727,Classic,150300.0,51028.15,0,Active,2024-08-09
CC000389,C12064,Classic,20000.0,12874.11,0,Active,2025-09-09
CC000390,C02354,Platinum,40500.0,23188.75,999,Active,2025-12-22
CC000391,C07625,Gold,20800.0,3488.17,999,Active,2025-02-10
CC000392,C00496,Classic,80000.0,23353.88,0,Active,2024-08-03
CC000393,C08943,Gold,45200.0,16155.6,0,Active,2022-11-15
CC000394,C10309,Classic,130100.0,48145.26,0,Active,2022-07-28
CC000395,C13973,Classic,47300.0,15556.41,999,Active,2025-03-24
CC000396,C01108,Classic,40600.0,13943.21,0,Active,2024-07-29
CC000397,C14608,Classic,31800.0,19953.73,499,Active,2024-05-01
CC000398,C11455,Classic,51600.0,32584.47,999,Active,2024-02-06
CC000399,C12254,Gold,77300.0,15504.44,0,Blocked,2022-11-11
CC000400,C11994,Gold,61800.0,11990.13,0,Blocked,2022-02-22
CC000401,C05121,Gold,55500.0,11499.84,499,Active,2025-04-01
CC000402,C14959,Gold,20000.0,11969.39,0,Active,2025-07-24
CC000403,C02552,Gold,67000.0,44042.54,499,Active,2023-12-12
CC000404,C10390,Classic,20000.0,15714.55,999,Active,2023-03-10
CC000405,C13577,Gold,38100.0,16585.24,999,Active,2023-05-24
CC000406,C12275,Gold,118900.0,55152.76,999,Active,2024-09-23
CC000407,C03721,Classic,40600.0,7247.45,499,Active,2023-03-05
CC000408,C00477,Platinum,60300.0,25459.14,0,Closed,2022-09-13
CC000409,C01637,Gold,44000.0,22527.59,1999,Active,2025-05-05
CC000410,C02719,Gold,83300.0,30271.62,1999,Active,2023-08-03
CC000411,C08249,Gold,112300.0,31817.93,0,Active,2025-09-27
CC000412,C02313,Classic,82600.0,33570.68,499,Active,2023-02-25
CC000413,C09659,Platinum,32200.0,4211.87,0,Active,2023-03-16
CC000414,C05870,Platinum,49300.0,14479.12,0,Active,2023-07-11
CC000415,C01567,Classic,81600.0,46966.68,999,Active,2025-03-25
CC000416,C07945,Gold,31500.0,7351.3,1999,Active,2022-06-08
CC000417,C14384,Platinum,77300.0,17185.13,999,Active,2022-01-01
CC000418,C14970,Classic,63600.0,29757.91,1999,Active,2024-07-18
CC000419,C03314,Platinum,32200.0,10346.81,0,Active,2022-11-26
CC000420,C01881,Platinum,58200.0,35858.34,0,Active,2023-08-05
CC000421,C11654,Gold,29000.0,6462.6,499,Active,2023-09-13
CC000422,C07471,Platinum,68300.0,39486.35,999,Active,2025-03-22
CC000423,C05975,Platinum,69000.0,28736.05,0,Active,2025-03-11
CC000424,C04811,Gold,36100.0,3553.63,499,Blocked,2024-04-29
CC000425,C08693,Classic,98500.0,11711.52,0,Active,2025-08-25
CC000426,C14826,Platinum,23600.0,9686.21,0,Active,2024-04-15
CC000427,C00392,Gold,35600.0,21207.06,1999,Active,2024-03-05
CC000428,C04447,Platinum,42800.0,12068.58,999,Active,2024-11-10
CC000429,C00808,Gold,31300.0,13550.46,499,Active,2024-01-07
CC000430,C11214,Signature,37000.0,1148.66,0,Closed,2025-01-30
CC000431,C00779,Gold,70900.0,35961.98,999,Active,2022-08-26
CC000432,C09933,Gold,196700.0,45554.24,0,Active,2024-08-02
CC000433,C14017,Gold,56700.0,19997.4,1999,Active,2024-08-03
CC000434,C11623,Gold,72600.0,15827.88,499,Active,2025-06-15
CC000435,C12613,Platinum,118100.0,73621.12,499,Active,2022-06-11
CC000436,C07551,Gold,70100.0,47150.1,0,Active,2024-05-15
CC000437,C09472,Classic,54300.0,29367.14,499,Closed,2022-10-29
CC000438,C06209,Classic,22200.0,13850.85,0,Active,2022-07-07
CC000439,C11150,Platinum,23900.0,10233.65,1999,Active,2024-05-20
CC000440,C10326,Platinum,36400.0,10830.21,499,Closed,2024-03-05
CC000441,C06824,Signature,21400.0,5024.48,499,Active,2022-09-04
CC000442,C12914,Gold,41300.0,12171.15,0,Active,2022-01-05
CC000443,C04134,Classic,80600.0,4813.28,0,Closed,2025-09-25
CC000444,C09375,Signature,126200.0,52898.59,1999,Active,2022-02-17
CC000445,C07189,Gold,32900.0,9191.89,499,Active,2025-02-20
CC000446,C09193,Classic,77700.0,22742.49,499,Active,2023-12-14
CC000447,C09935,Classic,27200.0,1355.72,499,Active,2023-09-28
CC000448,C14176,Gold,63600.0,12713.57,999,Active,2024-06-12
CC000449,C08919,Classic,77900.0,40554.84,499,Active,2022-02-15
CC000450,C08423,Gold,23400.0,4224.93,0,Active,2025-12-28
CC000451,C13760,Classic,28200.0,13468.15,0,Active,2025-08-07
CC000452,C01008,Classic,26600.0,2970.56,499,Active,2023-05-13
CC000453,C05825,Platinum,20000.0,6015.73,0,Active,2023-11-05
CC000454,C03575,Platinum,86400.0,64702.2,0,Active,2022-08-09
CC000455,C07935,Gold,110600.0,4932.2,0,Active,2023-05-01
CC000456,C07134,Classic,24300.0,5033.15,499,Active,2022-03-13
CC000457,C11343,Platinum,34400.0,15337.69,499,Active,2025-07-31
CC000458,C14803,Classic,25900.0,8318.4,499,Active,2025-04-06
CC000459,C07096,Gold,90400.0,12550.58,999,Active,2025-03-26
CC000460,C08198,Gold,45200.0,6294.08,499,Active,2024-10-22
CC000461,C12840,Classic,21400.0,2530.48,999,Active,2022-06-25
CC000462,C08697,Classic,26700.0,14810.63,499,Active,2025-06-18
CC000463,C10736,Classic,27500.0,9178.01,0,Active,2025-01-17
CC000464,C05786,Gold,51500.0,26072.25,2999,Active,2022-01-05
CC000465,C08824,Classic,87400.0,38216.86,0,Active,2023-06-05
CC000466,C03098,Gold,49300.0,24392.96,0,Active,2024-04-09
CC000467,C00544,Platinum,66000.0,4525.86,1999,Active,2022-02-04
CC000468,C04103,Platinum,61100.0,28058.92,0,Active,2022-09-22
CC000469,C05442,Gold,146000.0,89292.76,1999,Closed,2024-10-08
CC000470,C10967,Classic,27000.0,6328.8,0,Active,2024-07-13
CC000471,C06105,Classic,81800.0,9694.27,499,Active,2025-06-08
CC000472,C09731,Classic,58900.0,30251.91,499,Active,2024-10-14
CC000473,C02889,Platinum,20000.0,4548.88,999,Active,2023-03-12
CC000474,C04095,Platinum,20000.0,10094.8,999,Active,2025-07-11
CC000475,C03073,Gold,21100.0,4017.88,499,Active,2025-06-22
CC000476,C10120,Platinum,83700.0,41105.56,499,Active,2022-10-02
CC000477,C08128,Classic,62600.0,15627.2,999,Active,2024-10-19
CC000478,C02181,Platinum,39000.0,7079.14,1999,Blocked,2024-08-24
CC000479,C00465,Gold,59200.0,12232.96,0,Closed,2024-03-17
CC000480,C00352,Gold,20000.0,8956.99,999,Active,2023-05-17
CC000481,C05418,Gold,26700.0,10399.37,499,Active,2022-04-08
CC000482,C00215,Classic,48500.0,20657.92,1999,Active,2023-09-04
CC000483,C02996,Classic,80900.0,35710.76,0,Active,2025-09-17
CC000484,C01765,Signature,20200.0,6115.53,2999,Active,2025-08-31
CC000485,C00243,Platinum,20800.0,1891.74,499,Closed,2023-02-22
CC000486,C12306,Classic,59200.0,14619.67,0,Active,2025-08-27
CC000487,C04183,Signature,31400.0,6992.21,0,Active,2022-12-13
CC000488,C11479,Gold,36400.0,9740.74,0,Active,2022-07-07
CC000489,C06127,Gold,27100.0,7353.64,499,Active,2022-11-15
CC000490,C14641,Gold,20000.0,9620.76,0,Active,2022-10-11
CC000491,C00375,Classic,24200.0,11239.64,1999,Active,2022-09-25
CC000492,C01436,Gold,33500.0,11641.99,0,Active,2024-11-06
CC000493,C01522,Platinum,40300.0,14739.76,499,Active,2024-07-28
CC000494,C08274,Platinum,52500.0,12385.04,1999,Active,2022-12-25
CC000495,C10629,Gold,52300.0,20134.62,0,Active,2024-09-11
CC000496,C11103,Gold,49400.0,15575.98,2999,Active,2024-12-02
CC000497,C04814,Gold,44800.0,19183.18,1999,Active,2024-08-24
CC000498,C11579,Gold,50100.0,19288.15,499,Closed,2023-08-23
CC000499,C05970,Gold,48700.0,3045.01,999,Active,2024-12-30
CC000500,C14223,Gold,63200.0,25891.38,0,Active,2024-06-22
CC000501,C01340,Gold,57200.0,9840.01,0,Active,2023-04-27
CC000502,C05175,Gold,89900.0,12673.23,999,Active,2025-06-27
CC000503,C10863,Platinum,41800.0,8550.57,499,Active,2025-01-09
CC000504,C03385,Classic,189700.0,63034.84,0,Active,2024-10-14
CC000505,C14821,Platinum,20000.0,8638.66,1999,Active,2022-05-12
CC000506,C00033,Gold,114700.0,32850.59,0,Active,2023-10-26
CC000507,C01649,Classic,76800.0,18124.81,499,Active,2023-02-16
CC000508,C01609,Gold,20000.0,8677.48,499,Active,2022-09-16
CC000509,C00551,Signature,73100.0,25442.18,0,Active,2024-10-15
CC000510,C01018,Classic,187300.0,119456.83,1999,Active,2023-08-11
CC000511,C11456,Classic,48300.0,18874.89,499,Active,2024-11-24
CC000512,C05847,Gold,32100.0,2511.94,999,Active,2024-08-10
CC000513,C06546,Platinum,24800.0,14220.36,1999,Active,2022-07-02
CC000514,C08729,Signature,41700.0,13218.9,499,Active,2025-03-02
CC000515,C12068,Gold,28200.0,8069.01,0,Active,2023-09-16
CC000516,C05910,Classic,37000.0,740.0,999,Closed,2023-07-09
CC000517,C02151,Gold,23500.0,6936.69,1999,Active,2024-09-01
CC000518,C14435,Signature,20000.0,7511.07,999,Active,2023-10-28
CC000519,C04525,Gold,56900.0,30607.83,499,Active,2023-08-26
CC000520,C03292,Platinum,28100.0,9262.25,499,Active,2022-05-01
CC000521,C07463,Classic,20000.0,6305.7,2999,Active,2024-07-18
CC000522,C14222,Signature,126600.0,74900.46,1999,Active,2024-09-23
CC000523,C03016,Platinum,93600.0,51865.02,499,Active,2023-08-17
CC000524,C13355,Platinum,78400.0,46438.94,999,Active,2022-04-09
CC000525,C06721,Platinum,35100.0,10619.84,0,Active,2022-06-19
CC000526,C04491,Classic,106700.0,29491.64,0,Closed,2024-05-08
CC000527,C13576,Classic,51800.0,23725.59,0,Blocked,2025-10-14
CC000528,C11617,Gold,91700.0,25461.46,1999,Active,2025-08-13
CC000529,C08323,Gold,70400.0,36051.81,0,Active,2024-12-27
CC000530,C14444,Classic,20000.0,7368.21,999,Active,2022-06-23
CC000531,C11528,Classic,38900.0,19537.91,1999,Active,2023-12-31
CC000532,C05725,Classic,24400.0,1031.17,499,Active,2024-01-23
CC000533,C08929,Classic,20000.0,1718.39,999,Active,2023-06-17
CC000534,C01487,Signature,46300.0,14722.5,0,Active,2022-06-15
CC000535,C05953,Classic,29600.0,9696.31,0,Blocked,2023-08-19
CC000536,C12959,Classic,32800.0,9425.07,499,Active,2023-12-06
CC000537,C06378,Gold,34200.0,2895.54,0,Active,2024-01-09
CC000538,C09565,Classic,41900.0,14286.86,999,Blocked,2025-03-30
CC000539,C13673,Classic,173700.0,85840.49,0,Active,2022-05-17
CC000540,C05415,Gold,230700.0,53390.58,999,Active,2025-09-10
CC000541,C13113,Gold,39400.0,17379.15,1999,Active,2024-04-19
CC000542,C03332,Classic,50600.0,27372.2,1999,Active,2023-09-17
CC000543,C09820,Gold,34500.0,14974.91,499,Active,2025-04-12
CC000544,C02027,Gold,61300.0,5402.57,1999,Active,2025-11-09
CC000545,C11134,Platinum,169300.0,39197.44,999,Blocked,2022-01-22
CC000546,C09201,Platinum,21300.0,3959.15,0,Active,2022-01-22
CC000547,C00293,Gold,20000.0,4460.16,1999,Active,2024-04-03
CC000548,C13953,Gold,77500.0,24502.28,0,Active,2024-11-09
CC000549,C01705,Platinum,61000.0,20972.15,999,Active,2024-09-20
CC000550,C12516,Gold,20400.0,7374.1,499,Active,2023-09-25
CC000551,C06812,Classic,91900.0,19265.13,499,Active,2024-07-09
CC000552,C00176,Signature,85100.0,53926.46,999,Active,2024-06-22
CC000553,C14376,Gold,47800.0,10782.79,0,Active,2024-03-08
CC000554,C10109,Gold,20000.0,9992.99,1999,Blocked,2024-12-11
CC000555,C01731,Classic,20000.0,2908.97,2999,Blocked,2022-11-08
CC000556,C14632,Platinum,59600.0,17590.55,0,Closed,2022-07-09
CC000557,C03534,Gold,138500.0,82617.0,999,Active,2022-07-21
CC000558,C03617,Signature,35600.0,4168.77,0,Active,2023-12-12
CC000559,C01438,Classic,20000.0,3989.01,0,Active,2023-10-06
CC000560,C13481,Gold,122600.0,15520.62,0,Active,2022-11-24
CC000561,C04634,Classic,46600.0,14611.34,0,Active,2025-06-13
CC000562,C05590,Signature,67400.0,37307.45,499,Active,2024-12-01
CC000563,C13456,Platinum,33000.0,24036.69,999,Active,2022-12-22
CC000564,C03742,Classic,39700.0,7258.56,499,Active,2023-10-28
CC000565,C06785,Classic,28100.0,9207.09,0,Active,2024-06-03
CC000566,C14295,Gold,88100.0,18298.22,0,Active,2025-09-26
CC000567,C11026,Platinum,70300.0,25085.24,0,Active,2025-03-04
CC000568,C05944,Classic,61400.0,12436.8,0,Active,2025-09-17
CC000569,C04111,Classic,32200.0,4288.98,0,Blocked,2022-10-16
CC000570,C12715,Classic,22000.0,2252.03,2999,Active,2025-08-17
CC000571,C14406,Classic,82200.0,36707.6,499,Active,2024-01-24
CC000572,C04650,Classic,43800.0,6904.25,0,Closed,2024-01-31
CC000573,C10312,Classic,48400.0,16919.53,499,Active,2024-12-29
CC000574,C03435,Platinum,30300.0,9557.08,999,Active,2025-09-19
CC000575,C04618,Signature,24600.0,5152.11,1999,Closed,2022-12-25
CC000576,C05027,Gold,102900.0,45747.59,999,Active,2024-10-09
CC000577,C08918,Platinum,83700.0,42108.3,0,Active,2022-06-12
CC000578,C00624,Classic,62500.0,16907.53,0,Active,2024-01-12
CC000579,C00791,Classic,184000.0,59413.35,499,Active,2023-04-23
CC000580,C02300,Classic,70700.0,11135.78,1999,Active,2025-02-19
CC000581,C14700,Signature,29500.0,15576.19,499,Active,2025-01-22
CC000582,C10103,Gold,75800.0,18309.62,499,Active,2022-10-28
CC000583,C11754,Platinum,96600.0,9819.69,499,Active,2023-01-25
CC000584,C02410,Classic,36000.0,3843.16,2999,Active,2024-10-02
CC000585,C10025,Classic,78600.0,41866.96,1999,Active,2025-07-02
CC000586,C13073,Gold,72100.0,38637.52,499,Active,2025-04-17
CC000587,C00343,Gold,101000.0,50276.4,0,Active,2025-03-19
CC000588,C13128,Classic,28300.0,2047.04,1999,Active,2024-02-21
CC000589,C07747,Classic,20000.0,7865.18,999,Active,2024-11-22
CC000590,C08693,Classic,108500.0,24172.01,0,Active,2024-04-17
CC000591,C05387,Signature,79300.0,33206.87,999,Active,2023-02-22
CC000592,C06078,Classic,39700.0,17161.32,499,Active,2025-04-04
CC000593,C11502,Classic,131200.0,36750.66,0,Active,2022-01-19
CC000594,C04356,Platinum,20000.0,2276.15,0,Active,2025-10-10
CC000595,C10743,Classic,42900.0,3893.6,499,Active,2023-10-26
CC000596,C13536,Gold,85700.0,25546.97,499,Closed,2024-06-26
CC000597,C09573,Platinum,108400.0,50764.73,0,Active,2022-05-22
CC000598,C08367,Platinum,29400.0,7824.93,999,Blocked,2024-05-12
CC000599,C14752,Gold,34500.0,6493.75,0,Active,2025-08-29
CC000600,C10171,Platinum,62600.0,31539.91,1999,Active,2024-10-02
CC000601,C09047,Platinum,54600.0,16828.39,499,Active,2022-07-11
CC000602,C03301,Classic,63200.0,14826.33,1999,Active,2024-10-05
CC000603,C11113,Classic,61100.0,33945.59,0,Blocked,2025-01-20
CC000604,C04805,Signature,28600.0,9232.33,0,Active,2022-11-08
CC000605,C03464,Classic,47000.0,15996.09,499,Active,2025-12-02
CC000606,C09799,Classic,263700.0,28157.91,0,Active,2022-08-06
CC000607,C10151,Platinum,22100.0,5029.96,499,Closed,2023-06-17
CC000608,C13065,Platinum,37800.0,10228.07,499,Active,2025-02-19
CC000609,C05676,Classic,122200.0,65175.47,999,Active,2025-05-05
CC000610,C10388,Platinum,103300.0,6165.27,499,Blocked,2022-04-30
CC000611,C02957,Platinum,66600.0,16438.44,999,Active,2023-02-25
CC000612,C00658,Classic,20000.0,7053.58,2999,Active,2025-11-21
CC000613,C01849,Signature,20000.0,13326.38,0,Active,2023-03-08
CC000614,C11298,Classic,42800.0,28334.54,999,Active,2025-03-31
CC000615,C11550,Gold,68600.0,36642.39,1999,Active,2022-12-04
CC000616,C07403,Classic,27700.0,8237.74,0,Active,2022-11-01
CC000617,C06317,Classic,49400.0,24132.36,1999,Active,2023-11-19
CC000618,C02653,Gold,22100.0,9725.35,0,Active,2023-11-17
CC000619,C04682,Gold,39200.0,5121.1,499,Active,2024-01-16
CC000620,C08605,Platinum,63300.0,27625.04,499,Active,2024-06-23
CC000621,C06181,Platinum,25700.0,3534.05,1999,Active,2023-08-23
CC000622,C14403,Gold,42000.0,26638.26,0,Active,2022-08-11
CC000623,C06749,Gold,38400.0,19799.77,999,Active,2022-03-24
CC000624,C12685,Platinum,37200.0,9801.55,1999,Active,2023-06-09
CC000625,C13242,Platinum,78600.0,46258.21,1999,Active,2023-03-23
CC000626,C10810,Platinum,33400.0,10731.45,2999,Closed,2022-05-04
CC000627,C00746,Classic,37400.0,9025.36,1999,Active,2025-12-11
CC000628,C03415,Signature,150700.0,78500.86,499,Active,2023-07-25
CC000629,C11210,Classic,48600.0,23746.3,999,Active,2022-02-27
CC000630,C08526,Gold,37500.0,6685.06,0,Active,2023-05-04
CC000631,C11512,Gold,42100.0,4554.36,2999,Blocked,2024-01-05
CC000632,C10359,Gold,30300.0,5057.69,1999,Active,2023-11-21
CC000633,C09250,Classic,108900.0,32494.15,499,Active,2023-12-24
CC000634,C09076,Classic,190300.0,27232.35,499,Active,2022-08-13
CC000635,C13338,Gold,20000.0,4455.96,0,Active,2023-04-16
CC000636,C02052,Platinum,88500.0,32243.17,0,Active,2022-12-29
CC000637,C02538,Classic,39000.0,10071.24,0,Active,2022-10-06
CC000638,C03254,Gold,28600.0,6367.9,0,Active,2023-02-13
CC000639,C00482,Classic,91400.0,24735.71,0,Active,2024-05-18
CC000640,C05630,Gold,49700.0,5524.03,1999,Closed,2022-01-21
CC000641,C13490,Signature,40100.0,11784.1,999,Active,2022-05-24
CC000642,C14682,Classic,58300.0,22989.24,0,Active,2023-11-16
CC000643,C00362,Platinum,28000.0,5167.41,0,Active,2025-07-29
CC000644,C12048,Platinum,20000.0,14175.02,0,Closed,2025-02-24
CC000645,C08587,Signature,39000.0,20471.93,999,Active,2025-05-09
CC000646,C00616,Signature,72900.0,16380.87,0,Active,2023-10-14
CC000647,C10497,Gold,116500.0,15689.33,0,Active,2025-07-02
CC000648,C00031,Gold,174700.0,12144.99,999,Active,2022-11-18
CC000649,C02520,Classic,26200.0,7384.59,1999,Closed,2023-01-29
CC000650,C12484,Gold,24300.0,6937.91,499,Active,2024-09-07
CC000651,C06450,Classic,27000.0,10384.36,1999,Active,2023-04-12
CC000652,C03222,Classic,20700.0,2415.23,499,Active,2025-03-11
CC000653,C13425,Gold,35900.0,19306.12,1999,Active,2025-11-29
CC000654,C09839,Gold,86800.0,43044.1,0,Active,2022-09-07
CC000655,C10728,Gold,44900.0,25319.21,499,Active,2024-07-01
CC000656,C00703,Classic,31700.0,17468.35,1999,Active,2024-10-05
CC000657,C12243,Gold,23900.0,14098.22,0,Active,2022-05-12
CC000658,C10341,Platinum,20000.0,6430.81,499,Blocked,2024-07-19
CC000659,C13471,Signature,41700.0,8208.33,999,Active,2022-12-26
CC000660,C07021,Platinum,20000.0,4257.4,499,Active,2022-01-03
CC000661,C00461,Classic,57600.0,12830.71,1999,Active,2023-06-28
CC000662,C10603,Platinum,56400.0,12775.31,499,Active,2024-09-10
CC000663,C01156,Gold,30000.0,9813.59,0,Active,2024-04-05
CC000664,C09623,Platinum,53300.0,13087.48,0,Active,2023-08-23
CC000665,C05028,Classic,22000.0,7616.52,1999,Active,2022-10-29
CC000666,C07851,Classic,22100.0,8039.52,0,Active,2023-04-25
CC000667,C06296,Gold,46300.0,28695.85,999,Active,2024-10-07
CC000668,C03677,Gold,49400.0,11016.7,999,Active,2022-09-17
CC000669,C01190,Platinum,28100.0,8899.41,499,Closed,2022-10-16
CC000670,C10259,Classic,47500.0,11910.43,0,Active,2025-12-04
CC000671,C07953,Classic,20000.0,9503.06,999,Active,2023-01-22
CC000672,C06251,Gold,61500.0,7821.6,0,Active,2022-02-14
CC000673,C13635,Signature,24700.0,2900.74,999,Active,2024-07-20
CC000674,C10126,Platinum,20000.0,4566.37,499,Active,2023-09-30
CC000675,C02486,Signature,32800.0,8732.82,0,Active,2024-02-03
CC000676,C11028,Classic,97800.0,19162.82,0,Active,2022-10-17
CC000677,C04075,Gold,92600.0,36069.17,999,Active,2025-12-11
CC000678,C10722,Classic,97200.0,32366.37,0,Active,2022-03-09
CC000679,C06715,Classic,162100.0,45596.58,0,Active,2022-05-19
CC000680,C08873,Classic,70000.0,21177.16,999,Active,2022-06-10
CC000681,C07736,Platinum,26800.0,4809.15,0,Active,2022-01-13
CC000682,C06976,Platinum,61500.0,12631.66,0,Active,2024-01-15
CC000683,C01841,Classic,89200.0,30325.4,499,Active,2022-07-04
CC000684,C08361,Signature,64400.0,15356.81,999,Active,2025-06-13
CC000685,C05106,Classic,57400.0,25625.71,999,Active,2023-03-09
CC000686,C09242,Platinum,25200.0,1703.19,999,Active,2023-12-02
CC000687,C14470,Classic,34200.0,18962.02,0,Active,2023-10-23
CC000688,C03865,Platinum,20000.0,4703.45,2999,Active,2022-12-26
CC000689,C00245,Classic,25000.0,7813.21,1999,Active,2023-11-30
CC000690,C03202,Gold,21800.0,3502.43,0,Active,2022-01-22
CC000691,C09802,Gold,53600.0,25752.4,1999,Active,2023-11-28
CC000692,C02248,Gold,133800.0,55435.42,0,Active,2023-05-06
CC000693,C08117,Platinum,64400.0,43849.8,0,Active,2025-03-12
CC000694,C13008,Classic,65400.0,30783.4,999,Active,2022-03-11
CC000695,C12320,Gold,45000.0,900.0,0,Active,2023-12-13
CC000696,C13038,Gold,26100.0,2978.96,499,Blocked,2024-01-03
CC000697,C12685,Classic,59200.0,23022.67,0,Active,2024-10-05
CC000698,C06766,Classic,52100.0,7985.43,499,Active,2022-11-25
CC000699,C04580,Classic,58300.0,25851.53,499,Active,2022-12-14
CC000700,C06988,Classic,20000.0,10115.77,999,Active,2025-10-04
CC000701,C00417,Classic,21500.0,430.0,0,Active,2022-09-15
CC000702,C08996,Gold,30800.0,8835.0,1999,Active,2022-02-01
CC000703,C03686,Platinum,24900.0,4102.62,499,Active,2022-09-04
CC000704,C04336,Gold,45000.0,24825.75,2999,Active,2023-01-12
CC000705,C04336,Classic,25600.0,4111.87,0,Active,2025-12-19
CC000706,C05775,Gold,42400.0,25329.25,499,Active,2025-02-15
CC000707,C10169,Platinum,41000.0,16528.8,0,Active,2024-02-06
CC000708,C03779,Classic,53500.0,3842.54,0,Active,2022-09-23
CC000709,C07890,Signature,29300.0,6546.4,0,Active,2024-12-02
CC000710,C09137,Signature,49600.0,16810.58,0,Active,2023-07-01
CC000711,C04768,Platinum,37700.0,10392.99,999,Active,2022-02-13
CC000712,C07682,Gold,28100.0,9160.78,0,Active,2023-10-24
CC000713,C10385,Gold,74500.0,22474.74,499,Active,2024-10-04
CC000714,C10446,Classic,20000.0,8800.39,0,Active,2023-06-22
CC000715,C07806,Gold,117200.0,59115.89,0,Active,2025-03-18
CC000716,C00645,Platinum,91600.0,43821.25,0,Active,2022-05-06
CC000717,C13530,Gold,42100.0,11899.52,1999,Active,2025-04-23
CC000718,C13537,Signature,54900.0,8746.06,0,Blocked,2024-03-19
CC000719,C04410,Signature,26300.0,5818.7,1999,Blocked,2023-09-12
CC000720,C02888,Classic,20000.0,1985.88,499,Active,2024-12-27
CC000721,C11898,Gold,82100.0,36479.99,0,Active,2023-05-14
CC000722,C00625,Classic,30700.0,4867.4,0,Active,2023-01-09
CC000723,C00430,Platinum,52000.0,19812.96,499,Active,2022-07-20
CC000724,C12863,Gold,93000.0,18497.14,499,Active,2024-06-05
CC000725,C05382,Platinum,30400.0,5212.66,999,Active,2024-05-07
CC000726,C05425,Gold,36700.0,5919.42,0,Active,2023-07-16
CC000727,C10067,Gold,79500.0,22721.29,499,Active,2022-06-02
CC000728,C08021,Classic,62200.0,25458.45,499,Active,2024-08-29
CC000729,C10315,Platinum,20000.0,1093.9,499,Active,2022-03-20
CC000730,C02823,Gold,32100.0,13315.18,499,Active,2023-06-20
CC000731,C08208,Platinum,64400.0,34474.21,0,Active,2023-04-23
CC000732,C04589,Platinum,52500.0,16113.49,1999,Active,2025-03-21
CC000733,C12974,Signature,105600.0,27704.81,999,Active,2025-08-25
CC000734,C09788,Gold,47400.0,26919.07,0,Active,2022-12-15
CC000735,C01296,Classic,103600.0,21911.29,0,Active,2023-06-18
CC000736,C01357,Signature,33700.0,15881.92,0,Active,2022-11-24
CC000737,C00896,Classic,33000.0,3545.67,999,Active,2025-01-11
CC000738,C12116,Platinum,20000.0,6346.06,499,Active,2022-10-17
CC000739,C11526,Classic,35600.0,7824.96,999,Active,2024-08-27
CC000740,C00610,Signature,45600.0,16355.19,1999,Active,2023-05-01
CC000741,C00078,Platinum,36500.0,24029.07,0,Active,2025-12-07
CC000742,C06523,Platinum,156400.0,45985.74,999,Active,2023-10-27
CC000743,C04665,Classic,46900.0,2755.99,0,Active,2024-11-01
CC000744,C14550,Signature,85600.0,31153.32,1999,Active,2024-09-16
CC000745,C00032,Classic,31000.0,22284.04,499,Active,2024-05-03
CC000746,C13858,Classic,96100.0,12852.79,499,Active,2025-08-04
CC000747,C08345,Gold,69500.0,16644.01,499,Active,2024-05-22
CC000748,C05837,Platinum,35900.0,21093.85,1999,Active,2023-02-14
CC000749,C06592,Signature,41400.0,3822.01,0,Active,2022-09-24
CC000750,C03085,Gold,52400.0,2676.7,499,Active,2024-05-01
CC000751,C07403,Classic,20000.0,1235.97,0,Active,2024-03-08
CC000752,C03538,Gold,20000.0,14624.8,499,Active,2023-04-05
CC000753,C04731,Classic,91900.0,9790.97,499,Active,2022-12-16
CC000754,C10462,Signature,24000.0,2467.19,0,Active,2023-06-18
CC000755,C07742,Gold,27800.0,14995.54,999,Active,2024-10-21
CC000756,C01142,Signature,48800.0,9841.22,1999,Active,2022-07-25
CC000757,C04936,Classic,30100.0,2728.6,499,Active,2025-12-17
CC000758,C08871,Gold,46600.0,5882.33,499,Blocked,2025-05-21
CC000759,C06694,Classic,47000.0,33702.43,999,Active,2024-08-17
CC000760,C04630,Platinum,28000.0,11202.45,499,Active,2023-06-22
CC000761,C14362,Classic,56900.0,22176.3,1999,Active,2023-02-02
CC000762,C11750,Signature,70000.0,48558.31,1999,Active,2025-04-05
CC000763,C07275,Signature,20000.0,7157.75,999,Active,2025-02-09
CC000764,C14302,Platinum,27000.0,6579.77,999,Active,2025-08-09
CC000765,C12388,Gold,100300.0,31376.93,999,Active,2024-12-31
CC000766,C09068,Classic,53000.0,12568.52,0,Active,2023-10-20
CC000767,C00594,Gold,36200.0,13442.9,0,Active,2022-04-19
CC000768,C11603,Gold,73700.0,11808.94,0,Blocked,2022-08-22
CC000769,C02458,Classic,65200.0,26808.79,0,Active,2023-08-17
CC000770,C09927,Classic,46300.0,14127.66,0,Active,2023-12-06
CC000771,C09853,Classic,46400.0,1069.95,0,Active,2022-08-11
CC000772,C04450,Gold,32400.0,16033.43,0,Active,2022-10-24
CC000773,C07220,Classic,36000.0,17166.39,1999,Closed,2023-08-30
CC000774,C13944,Gold,61000.0,42278.18,0,Active,2024-03-09
CC000775,C10888,Gold,20000.0,3362.53,499,Active,2023-12-29
CC000776,C01838,Classic,50800.0,25724.0,1999,Active,2023-11-21
CC000777,C05083,Classic,20000.0,4325.05,0,Active,2022-07-29
CC000778,C07389,Platinum,36800.0,19691.03,499,Active,2022-11-01
CC000779,C04240,Gold,28600.0,4726.64,0,Blocked,2022-05-25
CC000780,C09722,Gold,50000.0,8836.02,1999,Active,2023-10-20
CC000781,C05984,Gold,32200.0,4825.82,1999,Active,2022-05-21
CC000782,C05939,Classic,125400.0,23379.17,0,Active,2022-06-21
CC000783,C04270,Platinum,36800.0,22261.15,999,Active,2022-04-26
CC000784,C10509,Gold,75200.0,15128.57,1999,Active,2023-06-20
CC000785,C06826,Classic,28900.0,14063.32,999,Active,2025-11-22
CC000786,C13434,Platinum,31600.0,15616.97,999,Active,2022-11-30
CC000787,C07446,Classic,43300.0,23359.72,499,Active,2022-07-31
CC000788,C09525,Classic,32300.0,9609.4,0,Active,2023-04-16
CC000789,C00013,Classic,32600.0,15411.68,999,Active,2022-08-06
CC000790,C02666,Gold,47100.0,7719.62,2999,Blocked,2023-01-24
CC000791,C00448,Platinum,20400.0,5990.58,0,Active,2022-07-28
CC000792,C08317,Classic,145100.0,53559.64,499,Active,2023-01-01
CC000793,C13104,Platinum,28800.0,19575.74,499,Active,2022-05-07
CC000794,C04865,Classic,20000.0,15230.49,1999,Active,2022-11-26
CC000795,C02656,Classic,40800.0,2170.83,2999,Active,2024-11-29
CC000796,C12323,Signature,20000.0,3001.85,0,Active,2022-05-29
CC000797,C07069,Classic,47800.0,16562.56,0,Active,2022-04-21
CC000798,C04577,Classic,35600.0,27265.43,0,Active,2024-08-03
CC000799,C00813,Gold,33500.0,4982.08,0,Active,2023-11-07
CC000800,C05204,Gold,141500.0,34643.23,0,Active,2023-02-04
CC000801,C09368,Platinum,79200.0,19878.12,499,Active,2022-06-01
CC000802,C01292,Platinum,35500.0,19166.46,499,Active,2023-08-31
CC000803,C10737,Gold,48100.0,9911.03,499,Active,2023-07-04
CC000804,C04533,Gold,24700.0,8365.44,0,Active,2024-03-02
CC000805,C10428,Classic,84100.0,24956.56,999,Active,2023-10-25
CC000806,C14976,Classic,20900.0,3966.36,499,Active,2024-09-18
CC000807,C00059,Classic,31100.0,5306.36,1999,Active,2025-05-30
CC000808,C13188,Gold,20000.0,4453.97,1999,Active,2025-06-23
CC000809,C10140,Platinum,65800.0,14200.26,1999,Active,2024-12-11
CC000810,C12935,Gold,75700.0,5844.38,0,Active,2025-05-15
CC000811,C03732,Signature,34800.0,7844.55,0,Active,2022-06-26
CC000812,C05743,Gold,49700.0,10942.21,499,Closed,2022-04-14
CC000813,C00066,Signature,36700.0,15149.79,0,Active,2025-10-28
CC000814,C00255,Gold,20000.0,1994.36,499,Active,2024-09-12
CC000815,C05492,Gold,20000.0,4894.09,999,Active,2024-10-17
CC000816,C07860,Classic,40200.0,26329.23,2999,Active,2024-02-27
CC000817,C05069,Gold,56300.0,12639.07,1999,Active,2023-11-30
CC000818,C07747,Classic,26500.0,7972.07,999,Active,2022-05-31
CC000819,C07671,Gold,27200.0,9730.07,499,Active,2022-02-27
CC000820,C14660,Gold,175700.0,14405.42,999,Active,2024-08-07
CC000821,C04043,Gold,87600.0,20201.4,0,Active,2024-10-11
CC000822,C09848,Classic,23800.0,3540.21,499,Blocked,2024-09-05
CC000823,C06751,Platinum,48400.0,2866.08,499,Active,2022-11-10
CC000824,C04687,Classic,94600.0,11370.19,0,Active,2025-10-21
CC000825,C02512,Classic,28400.0,4023.27,999,Active,2025-08-13
CC000826,C03872,Platinum,29400.0,9242.5,499,Active,2022-07-11
CC000827,C14661,Gold,267000.0,102415.36,999,Active,2023-02-25
CC000828,C11662,Platinum,29000.0,7051.45,999,Active,2025-03-18
CC000829,C08251,Classic,23100.0,2495.43,499,Active,2025-08-18
CC000830,C08891,Gold,46600.0,24917.2,0,Active,2022-08-09
CC000831,C03475,Classic,109900.0,5247.05,999,Active,2025-10-26
CC000832,C02412,Platinum,49300.0,12231.97,499,Active,2024-09-17
CC000833,C05717,Classic,26400.0,14572.18,0,Active,2024-10-10
CC000834,C06187,Classic,20000.0,6393.37,499,Active,2025-03-02
CC000835,C00838,Classic,69100.0,41187.22,499,Active,2022-02-09
CC000836,C00277,Platinum,42000.0,12407.47,499,Closed,2025-03-07
CC000837,C13985,Classic,40600.0,20465.74,999,Active,2024-02-08
CC000838,C06390,Platinum,53200.0,8884.35,1999,Active,2025-12-20
CC000839,C10758,Platinum,37200.0,21139.74,0,Active,2025-11-21
CC000840,C05865,Signature,69900.0,3733.3,499,Active,2024-08-08
CC000841,C11111,Platinum,35600.0,4915.76,1999,Active,2023-09-28
CC000842,C10231,Classic,32500.0,16135.13,499,Active,2022-12-27
CC000843,C03254,Platinum,94700.0,18569.88,0,Active,2022-01-13
CC000844,C12981,Classic,48700.0,31202.8,1999,Active,2023-01-15
CC000845,C01764,Gold,41500.0,21315.21,999,Active,2024-01-15
CC000846,C07017,Signature,21200.0,8257.06,499,Active,2025-03-11
CC000847,C11588,Classic,32000.0,10223.46,1999,Active,2025-01-06
CC000848,C13821,Classic,95400.0,27151.77,499,Closed,2023-01-05
CC000849,C08066,Classic,89400.0,24186.62,0,Active,2025-10-29
CC000850,C03374,Classic,24100.0,8913.72,1999,Active,2025-12-21
CC000851,C13855,Classic,58800.0,11208.78,0,Active,2023-10-01
CC000852,C13010,Platinum,142800.0,33416.04,999,Active,2023-04-01
CC000853,C02452,Platinum,35600.0,5092.86,0,Active,2023-02-05
CC000854,C01878,Platinum,44400.0,4793.19,1999,Active,2022-05-03
CC000855,C12643,Platinum,77600.0,1552.0,0,Active,2025-04-03
CC000856,C10517,Gold,82600.0,20071.6,0,Active,2022-01-15
CC000857,C06103,Classic,26200.0,14258.81,499,Active,2023-07-21
CC000858,C00858,Platinum,44100.0,5265.85,999,Active,2025-07-18
CC000859,C05740,Gold,20000.0,11987.69,1999,Active,2024-07-17
CC000860,C00279,Gold,27100.0,714.46,0,Active,2022-02-18
CC000861,C11660,Classic,25500.0,8357.39,0,Active,2024-01-07
CC000862,C08428,Classic,30900.0,11932.73,2999,Active,2023-09-04
CC000863,C12046,Classic,31800.0,8464.62,0,Active,2022-11-20
CC000864,C08190,Gold,59800.0,22457.8,0,Active,2025-01-01
CC000865,C04061,Gold,48300.0,15044.46,499,Active,2025-05-20
CC000866,C07264,Classic,34600.0,8116.55,0,Active,2024-08-22
CC000867,C11015,Gold,203400.0,38374.3,0,Active,2024-05-28
CC000868,C05394,Platinum,74800.0,10925.44,0,Active,2025-08-11
CC000869,C13208,Classic,62500.0,12480.91,0,Active,2025-11-26
CC000870,C09861,Classic,69000.0,23029.52,999,Active,2025-09-24
CC000871,C09685,Gold,141500.0,64208.75,499,Active,2022-08-25
CC000872,C01361,Platinum,36500.0,1224.61,499,Closed,2024-07-13
CC000873,C07611,Gold,38300.0,5589.56,1999,Active,2024-07-15
CC000874,C00447,Gold,66400.0,25447.53,999,Active,2022-05-31
CC000875,C03548,Classic,95200.0,50206.54,1999,Active,2022-01-03
CC000876,C06773,Platinum,79800.0,37027.06,499,Active,2025-04-13
CC000877,C05611,Signature,30700.0,8777.95,1999,Active,2024-04-23
CC000878,C02383,Gold,42400.0,5811.07,0,Active,2022-05-09
CC000879,C10894,Platinum,20000.0,8830.86,499,Active,2024-04-17
CC000880,C13129,Gold,42900.0,9881.71,0,Active,2025-11-19
CC000881,C12738,Gold,56900.0,13011.16,0,Active,2024-08-02
CC000882,C13788,Gold,24900.0,13533.43,2999,Active,2023-06-19
CC000883,C14890,Platinum,32000.0,12200.67,0,Blocked,2025-06-03
CC000884,C01255,Platinum,46700.0,8211.27,1999,Active,2024-06-25
CC000885,C14448,Signature,44500.0,13417.69,0,Active,2024-04-23
CC000886,C05369,Classic,78900.0,30562.59,0,Active,2024-05-25
CC000887,C11417,Signature,84100.0,35612.09,2999,Active,2023-08-30
CC000888,C08248,Classic,131900.0,28026.5,0,Active,2023-06-23
CC000889,C00991,Platinum,79100.0,31907.07,999,Active,2025-10-15
CC000890,C07834,Signature,73300.0,19648.18,2999,Active,2022-04-27
CC000891,C14666,Platinum,72500.0,13726.41,499,Active,2025-03-22
CC000892,C07008,Platinum,20000.0,6021.14,2999,Active,2022-08-15
CC000893,C04214,Gold,74300.0,16577.69,0,Active,2024-08-23
CC000894,C04651,Gold,52800.0,3072.73,999,Active,2024-09-21
CC000895,C11282,Classic,54600.0,15330.99,1999,Blocked,2024-12-15
CC000896,C14585,Classic,71000.0,6639.22,0,Active,2023-08-07
CC000897,C07638,Platinum,149400.0,29372.3,499,Active,2024-06-21
CC000898,C00301,Classic,50400.0,5101.3,2999,Active,2022-02-05
CC000899,C11892,Gold,55200.0,30742.55,1999,Active,2022-08-09
CC000900,C03096,Classic,45700.0,6863.96,999,Active,2023-12-28
CC000901,C11347,Classic,30800.0,9735.65,0,Closed,2022-10-12
CC000902,C14044,Classic,135700.0,29692.79,0,Active,2024-06-19
CC000903,C12725,Platinum,61800.0,12348.29,0,Active,2022-12-05
CC000904,C06295,Gold,55800.0,7397.97,499,Active,2025-10-13
CC000905,C07706,Classic,28100.0,8192.85,499,Active,2023-01-14
CC000906,C09321,Platinum,99700.0,38296.41,499,Active,2022-06-05
CC000907,C04318,Classic,44600.0,12721.8,0,Active,2025-06-06
CC000908,C12576,Gold,125100.0,27070.86,1999,Active,2023-11-29
CC000909,C00602,Classic,77400.0,38900.64,499,Closed,2025-02-06
CC000910,C01320,Gold,31100.0,17639.29,999,Blocked,2022-08-27
CC000911,C08381,Gold,98000.0,22240.03,499,Active,2023-03-31
CC000912,C12692,Classic,97700.0,52058.8,0,Blocked,2025-03-23
CC000913,C03388,Gold,108200.0,16791.65,0,Active,2025-04-09
CC000914,C12847,Gold,65600.0,17180.46,499,Active,2025-01-25
CC000915,C06469,Platinum,22000.0,5889.1,999,Active,2024-11-03
CC000916,C00335,Classic,82600.0,2578.01,0,Active,2022-01-08
CC000917,C13665,Gold,51900.0,1180.5,999,Active,2023-06-04
CC000918,C11159,Platinum,90900.0,35482.57,0,Active,2024-03-25
CC000919,C00245,Platinum,20000.0,12462.41,2999,Active,2022-06-25
CC000920,C02402,Signature,77300.0,16364.01,999,Active,2024-04-02
CC000921,C01688,Classic,41800.0,10385.49,1999,Active,2023-02-22
CC000922,C07233,Gold,57900.0,24065.37,499,Blocked,2024-01-07
CC000923,C03807,Classic,22300.0,6848.61,0,Closed,2024-07-16
CC000924,C01549,Classic,43900.0,31716.98,0,Active,2024-06-10
CC000925,C03776,Platinum,36700.0,2153.99,0,Active,2024-02-12
CC000926,C14660,Platinum,34800.0,17082.34,499,Active,2025-12-29
CC000927,C10784,Gold,77600.0,30124.54,1999,Active,2022-03-01
CC000928,C00696,Platinum,50300.0,21219.76,0,Active,2023-09-25
CC000929,C01549,Gold,42100.0,9064.41,0,Active,2025-11-03
CC000930,C07041,Classic,36400.0,12630.79,999,Active,2022-12-16
CC000931,C12011,Classic,20000.0,1749.03,499,Active,2025-12-12
CC000932,C05281,Classic,20000.0,9802.87,0,Active,2025-10-28
CC000933,C08221,Classic,59800.0,19344.47,1999,Active,2022-04-14
CC000934,C05750,Classic,30700.0,5648.5,499,Active,2024-02-22
CC000935,C13372,Gold,37900.0,12596.0,2999,Active,2022-11-12
CC000936,C04414,Signature,69500.0,15534.94,0,Active,2022-11-30
CC000937,C08301,Gold,20000.0,5922.48,1999,Active,2025-04-09
CC000938,C11020,Gold,106300.0,29965.04,999,Active,2022-07-16
CC000939,C12332,Classic,25900.0,11092.19,499,Active,2022-11-15
CC000940,C13940,Gold,49900.0,3135.65,999,Closed,2022-04-29
CC000941,C11986,Platinum,46900.0,25932.25,1999,Active,2022-12-15
CC000942,C06969,Classic,42900.0,9191.93,1999,Closed,2023-02-14
CC000943,C11723,Platinum,48800.0,23016.44,1999,Active,2025-04-06
CC000944,C07126,Classic,38000.0,6582.24,1999,Active,2024-07-01
CC000945,C14295,Classic,81200.0,11026.13,499,Active,2024-04-17
CC000946,C06743,Gold,76800.0,24055.83,999,Active,2024-04-05
CC000947,C01087,Platinum,21000.0,7341.82,1999,Active,2025-06-25
CC000948,C12231,Signature,30900.0,11411.38,0,Active,2025-08-26
CC000949,C07610,Gold,27300.0,3300.17,499,Active,2023-03-28
CC000950,C01661,Platinum,55300.0,14645.98,2999,Active,2025-02-10
CC000951,C11328,Platinum,48100.0,7405.58,0,Active,2023-09-26
CC000952,C05872,Classic,20000.0,3906.68,1999,Active,2023-04-07
CC000953,C04808,Signature,27800.0,9831.83,0,Active,2024-12-12
CC000954,C03538,Gold,56200.0,4486.78,999,Active,2024-12-12
CC000955,C06569,Gold,31000.0,13679.61,1999,Active,2024-07-12
CC000956,C06590,Platinum,20000.0,6777.13,999,Active,2025-07-06
CC000957,C13896,Gold,39200.0,12665.23,999,Active,2025-11-22
CC000958,C08328,Gold,102200.0,61848.4,499,Active,2022-04-02
CC000959,C06772,Classic,30000.0,19224.21,499,Active,2024-10-16
CC000960,C12291,Gold,23800.0,7865.14,499,Active,2023-07-06
CC000961,C10675,Gold,33400.0,15005.13,1999,Active,2023-11-20
CC000962,C06886,Classic,35800.0,5741.23,499,Closed,2025-05-03
CC000963,C03397,Platinum,54100.0,17019.24,499,Active,2023-01-22
CC000964,C04797,Gold,89200.0,48893.06,499,Active,2023-02-16
CC000965,C01601,Gold,29300.0,12310.99,1999,Active,2022-05-15
CC000966,C10714,Gold,190700.0,22577.45,1999,Active,2023-05-15
CC000967,C09429,Platinum,52900.0,9902.31,999,Active,2024-08-26
CC000968,C10329,Classic,74000.0,18259.49,2999,Active,2024-06-04
CC000969,C00965,Signature,23500.0,1601.92,499,Active,2022-02-12
CC000970,C05623,Gold,36400.0,13294.31,1999,Active,2024-08-29
CC000971,C09586,Classic,23500.0,4191.7,499,Active,2022-03-16
CC000972,C00596,Classic,25100.0,5279.44,0,Active,2022-09-11
CC000973,C07936,Classic,87000.0,35419.43,2999,Blocked,2022-03-18
CC000974,C11421,Classic,89200.0,47677.15,0,Active,2025-07-07
CC000975,C13875,Classic,185100.0,70833.83,999,Active,2022-10-29
CC000976,C10954,Gold,82700.0,31082.49,0,Active,2023-01-15
CC000977,C11856,Signature,20000.0,6453.37,1999,Active,2025-09-15
CC000978,C07965,Classic,73700.0,18245.07,0,Active,2022-08-11
CC000979,C00562,Classic,33400.0,16503.79,0,Active,2024-09-17
CC000980,C09745,Gold,43000.0,11374.15,999,Closed,2023-02-11
CC000981,C12181,Platinum,45800.0,17572.48,1999,Active,2022-11-25
CC000982,C01831,Gold,37000.0,9139.12,1999,Active,2022-06-16
CC000983,C04784,Platinum,26600.0,2619.66,0,Active,2023-05-03
CC000984,C06188,Gold,40400.0,18738.41,0,Active,2024-05-16
CC000985,C07871,Gold,20000.0,2562.65,999,Active,2022-04-13
CC000986,C13042,Gold,30500.0,5421.39,499,Active,2023-12-12
CC000987,C10554,Platinum,65900.0,17407.9,0,Active,2023-04-21
CC000988,C09667,Classic,84600.0,14708.24,499,Active,2023-05-08
CC000989,C06821,Classic,30600.0,2816.18,999,Active,2023-12-23
CC000990,C05509,Classic,35400.0,2206.54,999,Active,2024-12-12
CC000991,C13954,Platinum,36000.0,18650.89,2999,Active,2025-07-14
CC000992,C02113,Signature,22600.0,3661.61,0,Active,2023-04-17
CC000993,C06300,Classic,26400.0,17947.32,0,Active,2025-10-16
CC000994,C04905,Platinum,106300.0,48272.58,999,Active,2023-11-04
CC000995,C09222,Signature,20000.0,7930.39,999,Active,2022-10-08
CC000996,C14047,Gold,114700.0,71132.78,1999,Active,2024-10-07
CC000997,C10102,Classic,60600.0,13405.8,499,Active,2024-03-10
CC000998,C08730,Classic,49200.0,28425.0,499,Active,2024-06-18
CC000999,C05107,Classic,52000.0,5632.25,999,Active,2025-07-07
CC001000,C10294,Classic,54400.0,2519.83,0,Closed,2022-06-05
CC001001,C04642,Classic,70900.0,13261.73,0,Active,2025-08-04
CC001002,C12261,Platinum,110600.0,50079.56,1999,Active,2025-06-03
CC001003,C10180,Signature,20000.0,5471.73,499,Active,2025-05-19
CC001004,C00440,Gold,20000.0,4805.76,0,Active,2024-10-14
CC001005,C14000,Classic,20000.0,2768.93,999,Active,2022-01-21
CC001006,C07957,Gold,20000.0,7397.26,0,Active,2023-10-26
CC001007,C12996,Platinum,73600.0,29599.81,0,Active,2022-05-21
CC001008,C05542,Gold,20000.0,1547.88,999,Active,2024-07-18
CC001009,C03097,Gold,20000.0,3094.29,0,Active,2022-08-30
CC001010,C12162,Classic,39400.0,14159.06,999,Active,2023-06-22
CC001011,C10538,Classic,34700.0,5712.56,0,Active,2022-03-07
CC001012,C11924,Gold,62500.0,17765.66,499,Active,2022-05-12
CC001013,C07508,Classic,66800.0,10012.63,0,Active,2025-06-19
CC001014,C04890,Gold,27300.0,17690.28,499,Active,2022-04-18
CC001015,C11790,Classic,65400.0,40902.77,999,Active,2025-03-10
CC001016,C01883,Platinum,23300.0,9194.56,499,Active,2023-03-01
CC001017,C11564,Classic,73300.0,31981.07,0,Active,2025-03-06
CC001018,C11976,Platinum,22700.0,10676.47,499,Active,2022-03-07
CC001019,C06924,Classic,50500.0,16761.8,499,Active,2023-08-08
CC001020,C06536,Classic,42700.0,17394.27,0,Active,2022-05-16
CC001021,C14480,Classic,25400.0,7621.63,1999,Active,2022-07-04
CC001022,C04883,Classic,34300.0,3616.34,999,Active,2025-03-08
CC001023,C13545,Platinum,78400.0,10823.02,499,Active,2024-01-04
CC001024,C04938,Platinum,63300.0,16432.04,499,Active,2025-08-17
CC001025,C05665,Gold,63700.0,11421.47,999,Active,2025-03-17
CC001026,C12735,Gold,45000.0,2581.36,0,Active,2024-05-30
CC001027,C11968,Platinum,86500.0,13364.68,0,Active,2023-10-14
CC001028,C04903,Signature,138700.0,33265.85,999,Active,2025-12-10
CC001029,C03550,Classic,26100.0,8589.92,0,Active,2024-08-10
CC001030,C14696,Platinum,25800.0,8341.84,0,Active,2023-03-13
CC001031,C13525,Classic,171600.0,36641.36,2999,Active,2024-11-26
CC001032,C10003,Platinum,63000.0,38636.25,0,Active,2024-09-21
CC001033,C13147,Gold,118900.0,79398.57,0,Active,2024-06-06
CC001034,C09908,Gold,34000.0,8236.79,999,Active,2024-10-21
CC001035,C13980,Classic,59500.0,28073.08,1999,Active,2024-11-03
CC001036,C09113,Platinum,66200.0,25441.85,0,Active,2022-04-07
CC001037,C02683,Classic,80500.0,11525.3,999,Closed,2022-01-14
CC001038,C00709,Classic,39200.0,11797.92,499,Active,2023-02-07
CC001039,C07688,Classic,39500.0,6058.28,0,Active,2024-05-16
CC001040,C10131,Classic,57700.0,4273.17,999,Active,2024-05-22
CC001041,C14394,Classic,32900.0,26296.01,0,Active,2025-01-02
CC001042,C03021,Gold,29900.0,7131.23,0,Active,2022-03-21
CC001043,C09917,Platinum,20000.0,10627.12,0,Active,2025-01-04
CC001044,C00359,Classic,72700.0,23024.28,999,Active,2024-09-09
CC001045,C01183,Platinum,22000.0,7322.1,999,Active,2023-11-20
CC001046,C10685,Signature,29900.0,13694.0,999,Active,2023-08-11
CC001047,C03865,Gold,108400.0,41019.84,0,Active,2022-01-25
CC001048,C00229,Platinum,46300.0,18354.34,499,Active,2024-07-26
CC001049,C02687,Classic,22100.0,9131.78,0,Active,2023-07-22
CC001050,C03208,Classic,24600.0,16257.53,999,Blocked,2023-09-19
CC001051,C09701,Platinum,51500.0,12626.72,0,Active,2022-01-14
CC001052,C14317,Gold,48700.0,19567.87,0,Active,2023-10-09
CC001053,C12765,Gold,56100.0,10663.2,0,Active,2023-08-01
CC001054,C11489,Classic,81000.0,29065.94,2999,Active,2025-10-05
CC001055,C14320,Gold,87400.0,5853.35,999,Blocked,2025-02-04
CC001056,C12544,Classic,52500.0,4882.5,499,Active,2025-03-11
CC001057,C13924,Classic,88200.0,38688.58,1999,Active,2023-08-03
CC001058,C14323,Classic,86100.0,39277.01,499,Active,2022-03-08
CC001059,C01560,Platinum,175200.0,35812.7,2999,Active,2025-06-01
CC001060,C05174,Gold,267600.0,25617.13,999,Active,2022-01-11
CC001061,C03681,Classic,20300.0,10690.84,499,Closed,2023-09-01
CC001062,C11825,Gold,20800.0,11467.22,0,Active,2023-10-12
CC001063,C10342,Gold,63900.0,19905.05,0,Blocked,2024-06-16
CC001064,C09326,Signature,20000.0,2278.06,499,Active,2024-03-02
CC001065,C04895,Classic,78700.0,24664.95,999,Active,2024-08-27
CC001066,C03389,Classic,45100.0,9928.15,0,Active,2024-01-30
CC001067,C00120,Classic,61400.0,17222.14,2999,Active,2022-04-14
CC001068,C12318,Gold,48700.0,18760.11,0,Active,2025-01-10
CC001069,C11810,Gold,110200.0,5442.62,0,Active,2024-02-14
CC001070,C12432,Classic,20000.0,2434.56,499,Active,2025-09-10
CC001071,C03165,Classic,35900.0,5456.43,0,Active,2025-12-03
CC001072,C06628,Gold,36400.0,15103.38,0,Active,2023-03-01
CC001073,C02704,Platinum,51800.0,36178.35,0,Active,2022-11-19
CC001074,C07175,Gold,82400.0,11348.83,999,Active,2025-05-10
CC001075,C08752,Gold,21900.0,13832.21,0,Active,2022-09-01
CC001076,C14139,Classic,26900.0,7347.03,1999,Active,2024-06-23
CC001077,C11558,Gold,48700.0,28562.86,0,Active,2025-01-07
CC001078,C09444,Gold,103500.0,6534.91,1999,Active,2024-06-13
CC001079,C10008,Gold,57600.0,13407.21,1999,Active,2022-02-17
CC001080,C09691,Classic,96500.0,26834.95,0,Active,2024-11-04
CC001081,C07174,Gold,21600.0,10318.81,0,Active,2025-04-29
CC001082,C12680,Classic,20000.0,2207.78,499,Active,2023-08-10
CC001083,C00290,Platinum,46000.0,24437.1,0,Active,2022-07-25
CC001084,C04077,Platinum,45900.0,25330.84,0,Active,2025-12-26
CC001085,C01222,Classic,21000.0,15329.84,499,Active,2023-08-26
CC001086,C10756,Gold,24600.0,5795.25,0,Active,2025-03-16
CC001087,C14039,Platinum,49900.0,12391.79,999,Active,2025-09-03
CC001088,C06310,Classic,55300.0,3665.08,0,Active,2023-10-20
CC001089,C07878,Signature,71600.0,18449.16,499,Active,2024-08-29
CC001090,C09718,Gold,48900.0,15529.18,999,Active,2023-11-20
CC001091,C05935,Gold,40300.0,15241.43,2999,Blocked,2022-08-22
CC001092,C05709,Classic,99700.0,47277.18,1999,Active,2023-06-07
CC001093,C11796,Gold,25300.0,10690.62,999,Blocked,2025-05-16
CC001094,C01071,Platinum,30400.0,2395.1,499,Active,2022-06-30
CC001095,C14552,Classic,40300.0,7938.7,1999,Active,2024-08-17
CC001096,C09267,Platinum,61600.0,8701.12,499,Active,2023-07-02
CC001097,C12892,Gold,61900.0,26434.45,0,Active,2025-07-12
CC001098,C10826,Signature,109000.0,26561.21,499,Active,2025-05-14
CC001099,C06115,Signature,24600.0,1908.16,0,Active,2022-02-12
CC001100,C07922,Classic,65800.0,31206.84,499,Active,2024-02-26
CC001101,C14294,Signature,22000.0,3895.39,999,Active,2022-04-19
CC001102,C06859,Classic,50300.0,15288.57,999,Active,2025-11-12
CC001103,C13052,Gold,68500.0,14799.6,999,Active,2025-07-27
CC001104,C06876,Gold,56100.0,5169.16,999,Active,2023-12-11
CC001105,C03031,Platinum,52900.0,20258.25,499,Active,2025-11-02
CC001106,C07006,Signature,20000.0,6859.1,999,Active,2023-04-29
CC001107,C11158,Platinum,68500.0,14395.09,2999,Active,2022-12-18
CC001108,C14409,Classic,109900.0,47782.2,0,Active,2024-01-30
CC001109,C03157,Gold,169100.0,50805.82,499,Active,2023-09-10
CC001110,C12375,Platinum,78300.0,25453.98,499,Active,2024-04-20
CC001111,C01416,Gold,24600.0,5114.71,499,Active,2023-05-23
CC001112,C00229,Classic,20000.0,11236.99,499,Active,2022-01-14
CC001113,C14945,Classic,61000.0,31706.43,0,Active,2025-08-03
CC001114,C02823,Classic,43500.0,19837.47,1999,Active,2025-02-03
CC001115,C09605,Classic,61100.0,20682.45,0,Blocked,2025-06-30
CC001116,C03485,Platinum,97700.0,28395.74,499,Active,2025-01-22
CC001117,C12318,Gold,23100.0,5978.03,0,Closed,2023-08-13
CC001118,C08142,Classic,22700.0,9145.97,999,Closed,2025-10-31
CC001119,C02720,Classic,92600.0,13084.3,999,Active,2023-01-16
CC001120,C06603,Classic,23200.0,3496.14,2999,Active,2023-11-02
CC001121,C12009,Platinum,33400.0,7891.68,0,Active,2025-07-12
CC001122,C13028,Platinum,40900.0,22942.19,2999,Active,2022-07-14
CC001123,C07923,Gold,69900.0,25998.2,999,Active,2023-01-13
CC001124,C06639,Platinum,102800.0,36262.15,999,Active,2022-01-24
CC001125,C02939,Gold,113900.0,65327.72,499,Closed,2024-06-27
CC001126,C13595,Signature,32600.0,1387.19,0,Blocked,2025-09-06
CC001127,C10269,Platinum,166000.0,18436.17,999,Active,2025-11-16
CC001128,C10633,Gold,20100.0,6916.93,1999,Active,2023-08-04
CC001129,C07367,Classic,98800.0,23036.09,0,Active,2024-12-30
CC001130,C13210,Gold,22300.0,7586.86,499,Active,2024-11-23
CC001131,C10451,Signature,83400.0,17918.37,999,Active,2025-01-13
CC001132,C07150,Gold,43000.0,8276.23,0,Active,2022-01-07
CC001133,C13417,Classic,58600.0,5608.04,1999,Active,2024-05-08
CC001134,C14219,Platinum,62800.0,27125.37,0,Active,2022-04-03
CC001135,C14171,Gold,58100.0,20385.99,1999,Active,2024-01-15
CC001136,C10057,Signature,113900.0,38137.8,0,Active,2024-01-26
CC001137,C04400,Platinum,106400.0,12305.11,499,Active,2025-06-16
CC001138,C14220,Classic,26700.0,4147.41,999,Active,2024-06-01
CC001139,C02458,Classic,52700.0,16003.94,999,Active,2022-08-22
CC001140,C02342,Platinum,60100.0,13000.04,499,Active,2025-09-17
CC001141,C00147,Signature,40200.0,19178.89,0,Active,2025-01-28
CC001142,C11041,Classic,27500.0,3363.66,0,Active,2024-08-22
CC001143,C10933,Gold,30000.0,7933.19,499,Active,2025-11-12
CC001144,C06292,Signature,36800.0,12732.23,999,Active,2022-06-03
CC001145,C02979,Gold,31300.0,9825.72,999,Active,2024-01-05
CC001146,C01467,Classic,42000.0,9825.09,499,Active,2023-07-12
CC001147,C04789,Classic,70300.0,18138.06,2999,Active,2025-03-23
CC001148,C11327,Platinum,32500.0,6059.46,499,Active,2023-10-01
CC001149,C12660,Classic,82100.0,44340.21,1999,Active,2023-05-08
CC001150,C07505,Platinum,72700.0,28064.08,999,Active,2023-12-22
CC001151,C09710,Classic,72300.0,20000.69,0,Active,2023-01-22
CC001152,C11976,Classic,60900.0,23916.39,499,Active,2024-03-22
CC001153,C09834,Platinum,26700.0,5439.09,0,Active,2023-01-31
CC001154,C01638,Classic,40900.0,3985.23,0,Active,2025-11-24
CC001155,C08551,Gold,49200.0,14187.84,499,Active,2023-06-12
CC001156,C02251,Signature,49400.0,17340.88,0,Active,2022-12-04
CC001157,C11421,Platinum,20000.0,12449.24,499,Active,2025-01-25
CC001158,C05191,Signature,41100.0,26679.39,499,Active,2022-12-01
CC001159,C02208,Gold,25300.0,7186.28,0,Active,2024-12-19
CC001160,C00226,Classic,20000.0,6269.34,499,Active,2025-10-19
CC001161,C09623,Classic,52500.0,13268.05,0,Active,2022-07-07
CC001162,C05162,Platinum,65300.0,29259.82,0,Active,2022-03-26
CC001163,C05887,Classic,20900.0,2577.37,999,Active,2022-07-20
CC001164,C05929,Classic,47300.0,7166.24,0,Active,2022-05-03
CC001165,C00276,Gold,36400.0,7086.94,0,Active,2023-09-01
CC001166,C09514,Gold,116800.0,53717.73,0,Active,2023-12-23
CC001167,C05952,Signature,20200.0,5185.77,499,Active,2023-05-20
CC001168,C07411,Platinum,25000.0,10524.03,999,Active,2022-05-25
CC001169,C07423,Gold,34300.0,7685.76,0,Active,2023-08-27
CC001170,C09338,Platinum,81300.0,22406.06,499,Active,2025-10-11
CC001171,C11614,Platinum,45200.0,9869.83,1999,Active,2022-03-05
CC001172,C14939,Signature,66800.0,10117.04,999,Active,2023-09-10
CC001173,C10372,Gold,36400.0,1155.17,999,Active,2025-06-05
CC001174,C12507,Platinum,40600.0,8715.41,0,Active,2023-12-01
CC001175,C03219,Signature,20000.0,7326.16,1999,Active,2025-08-27
CC001176,C04791,Platinum,79500.0,23984.11,999,Active,2025-12-17
CC001177,C08859,Classic,42300.0,5411.68,0,Active,2025-12-01
CC001178,C02560,Gold,23600.0,12025.87,999,Active,2022-11-06
CC001179,C14591,Platinum,60200.0,14905.71,0,Active,2025-09-11
CC001180,C09591,Classic,31100.0,8127.94,999,Closed,2024-11-17
CC001181,C01838,Gold,49900.0,19942.43,0,Active,2025-12-15
CC001182,C01451,Classic,63500.0,9777.3,499,Active,2023-09-15
CC001183,C11835,Classic,33300.0,13334.57,0,Active,2022-04-19
CC001184,C03307,Gold,23800.0,476.0,999,Active,2023-09-11
CC001185,C11667,Gold,63600.0,13253.0,1999,Active,2025-06-20
CC001186,C13495,Classic,20000.0,3391.96,0,Active,2025-10-14
CC001187,C03806,Gold,35100.0,15653.74,0,Active,2024-10-06
CC001188,C10247,Signature,56100.0,23875.3,999,Closed,2025-02-05
CC001189,C10730,Gold,73400.0,21492.89,999,Active,2024-03-11
CC001190,C12239,Classic,61100.0,15269.1,999,Active,2023-12-15
CC001191,C07841,Gold,56900.0,20382.98,0,Active,2023-11-14
CC001192,C14602,Classic,45400.0,6336.55,499,Active,2024-10-07
CC001193,C01786,Classic,88000.0,11171.61,499,Active,2022-03-24
CC001194,C01121,Classic,20000.0,2900.44,999,Active,2023-02-21
CC001195,C14481,Gold,28800.0,13742.31,0,Active,2022-02-04
CC001196,C01701,Classic,38700.0,17258.02,0,Active,2022-08-18
CC001197,C04298,Platinum,35200.0,9965.87,499,Active,2025-05-02
CC001198,C07393,Gold,28100.0,2900.28,499,Active,2025-02-22
CC001199,C08159,Platinum,41400.0,12484.31,499,Active,2025-04-23
CC001200,C10068,Gold,20000.0,10839.33,2999,Closed,2023-03-16
CC001201,C10667,Classic,20000.0,3166.39,0,Closed,2023-01-15
CC001202,C00466,Gold,47900.0,17438.99,2999,Active,2024-03-15
CC001203,C01455,Platinum,115400.0,40695.73,0,Active,2023-04-01
CC001204,C06745,Classic,57900.0,17763.55,499,Active,2022-11-26
CC001205,C01077,Classic,193500.0,54522.71,499,Active,2022-08-08
CC001206,C02359,Gold,49900.0,11610.89,499,Active,2025-07-30
CC001207,C03454,Platinum,20000.0,6421.18,499,Active,2022-04-20
CC001208,C04712,Classic,27400.0,13242.48,0,Active,2022-08-07
CC001209,C12746,Platinum,42100.0,2620.99,0,Active,2024-09-26
CC001210,C12194,Classic,50200.0,17597.82,499,Active,2024-06-23
CC001211,C05509,Platinum,114800.0,13430.61,0,Active,2025-09-26
CC001212,C10408,Gold,20000.0,4309.71,499,Active,2022-06-26
CC001213,C01338,Classic,80700.0,9351.91,999,Active,2024-07-10
CC001214,C11798,Gold,24100.0,6002.46,499,Active,2023-02-09
CC001215,C01430,Platinum,44400.0,15051.68,0,Active,2024-02-10
CC001216,C03583,Gold,47600.0,28727.81,0,Active,2022-10-28
CC001217,C02506,Gold,43900.0,33003.93,499,Closed,2022-10-23
CC001218,C03725,Classic,36100.0,3534.76,499,Active,2024-03-23
CC001219,C09824,Platinum,46000.0,6886.09,0,Active,2022-10-27
CC001220,C14447,Gold,113900.0,53378.0,499,Active,2025-10-10
CC001221,C00686,Gold,20100.0,4272.88,499,Active,2023-09-04
CC001222,C12154,Classic,20000.0,2809.96,999,Active,2022-01-02
CC001223,C10031,Platinum,20000.0,5802.15,1999,Closed,2023-07-15
CC001224,C12024,Platinum,35700.0,4974.67,2999,Active,2023-01-18
CC001225,C00630,Platinum,60700.0,18135.44,499,Active,2022-09-12
CC001226,C07047,Classic,20000.0,8467.75,1999,Active,2024-01-23
CC001227,C12567,Classic,21200.0,8002.08,999,Active,2022-05-28
CC001228,C00951,Gold,74800.0,4242.84,499,Active,2022-04-08
CC001229,C06677,Gold,39400.0,21948.19,499,Active,2022-07-31
CC001230,C13818,Platinum,31400.0,19925.83,999,Blocked,2024-08-10
CC001231,C12575,Signature,86400.0,34866.43,2999,Active,2022-07-18
CC001232,C10776,Platinum,20000.0,6804.57,0,Active,2022-04-13
CC001233,C01688,Platinum,20000.0,6352.57,0,Active,2023-01-11
CC001234,C13887,Platinum,20400.0,5372.87,0,Active,2025-10-22
CC001235,C14326,Gold,31100.0,3402.66,999,Active,2024-11-04
CC001236,C02339,Classic,34400.0,4783.07,499,Active,2022-02-10
CC001237,C14708,Gold,28700.0,2765.31,999,Active,2025-07-16
CC001238,C14553,Platinum,57000.0,17277.98,0,Active,2024-08-06
CC001239,C12012,Classic,25000.0,11368.72,0,Active,2022-06-15
CC001240,C11244,Classic,23000.0,7211.57,499,Active,2025-06-17
CC001241,C11783,Classic,26000.0,19080.71,0,Active,2025-03-14
CC001242,C12705,Gold,36600.0,3692.55,0,Active,2024-11-20
CC001243,C13880,Platinum,75600.0,21506.36,0,Active,2024-05-28
CC001244,C01282,Gold,44800.0,28101.13,1999,Active,2024-09-26
CC001245,C07595,Platinum,57800.0,18556.76,499,Active,2025-05-08
CC001246,C03645,Platinum,34700.0,12090.12,0,Active,2025-01-21
CC001247,C05420,Gold,68700.0,16591.21,499,Active,2025-06-11
CC001248,C12156,Signature,33300.0,4104.72,0,Active,2025-05-29
CC001249,C02368,Gold,20000.0,11921.18,0,Blocked,2024-10-08
CC001250,C13552,Platinum,146700.0,40249.14,499,Active,2022-02-17
CC001251,C03852,Platinum,249200.0,67763.65,499,Active,2022-07-01
CC001252,C12550,Classic,26900.0,3348.89,999,Active,2025-12-23
CC001253,C06163,Platinum,84200.0,46215.13,999,Active,2025-07-25
CC001254,C00574,Gold,30400.0,15567.13,0,Active,2023-10-29
CC001255,C03790,Platinum,24200.0,8665.09,0,Active,2023-06-12
CC001256,C10445,Platinum,22900.0,12097.17,999,Active,2023-01-23
CC001257,C09487,Classic,75500.0,13073.91,999,Active,2025-03-21
CC001258,C12575,Gold,93900.0,26856.03,499,Active,2025-08-10
CC001259,C14219,Platinum,36000.0,10107.91,999,Active,2023-10-14
CC001260,C03381,Classic,43300.0,7518.94,0,Active,2022-03-28
CC001261,C03055,Classic,40100.0,16492.05,499,Active,2023-11-30
CC001262,C10304,Classic,20000.0,3191.14,0,Active,2023-07-17
CC001263,C10637,Gold,79300.0,17699.62,999,Active,2025-04-10
CC001264,C10599,Platinum,29900.0,10502.58,999,Active,2024-04-20
CC001265,C01583,Classic,116200.0,45992.29,499,Active,2025-06-13
CC001266,C09276,Platinum,38600.0,20055.33,999,Active,2022-04-29
CC001267,C11176,Gold,66600.0,18114.74,1999,Active,2023-09-12
CC001268,C02965,Classic,74400.0,12518.75,1999,Active,2023-08-15
CC001269,C12322,Classic,100800.0,13717.78,0,Active,2024-04-16
CC001270,C14307,Signature,20600.0,7576.51,499,Active,2025-05-30
CC001271,C01217,Platinum,129900.0,45959.58,999,Active,2022-09-16
CC001272,C14829,Platinum,20000.0,1615.5,1999,Blocked,2023-10-21
CC001273,C01903,Platinum,20000.0,4279.32,999,Closed,2025-03-05
CC001274,C10214,Gold,79700.0,15498.69,1999,Closed,2024-09-03
CC001275,C12535,Signature,21300.0,10349.54,999,Closed,2023-12-09
CC001276,C01495,Signature,83600.0,3671.76,999,Active,2022-11-19
CC001277,C05334,Classic,44500.0,15344.22,0,Active,2025-12-27
CC001278,C02667,Classic,51300.0,12615.19,0,Active,2023-01-30
CC001279,C00066,Platinum,61300.0,2584.13,0,Active,2024-12-15
CC001280,C05257,Platinum,43800.0,17878.29,0,Active,2022-03-08
CC001281,C07578,Classic,34400.0,19898.1,0,Closed,2022-04-06
CC001282,C05652,Gold,67700.0,26357.21,0,Active,2022-07-12
CC001283,C09956,Classic,20000.0,10232.45,999,Closed,2024-12-14
CC001284,C02694,Signature,56100.0,13119.58,1999,Closed,2023-03-13
CC001285,C10219,Classic,60700.0,34363.14,999,Active,2025-01-01
CC001286,C06512,Gold,45800.0,18190.27,499,Closed,2025-12-31
CC001287,C07599,Gold,27100.0,14452.57,499,Blocked,2024-02-22
CC001288,C05731,Classic,20000.0,5590.92,0,Closed,2025-11-01
CC001289,C13029,Classic,65300.0,19057.95,499,Active,2023-04-10
CC001290,C11473,Platinum,39400.0,14690.68,1999,Active,2022-06-30
CC001291,C13455,Platinum,107500.0,33497.15,499,Active,2025-03-02
CC001292,C02021,Classic,47500.0,20273.28,1999,Active,2022-03-21
CC001293,C13070,Gold,32000.0,24006.38,499,Active,2024-12-06
CC001294,C10348,Signature,20000.0,8134.9,499,Active,2024-09-20
CC001295,C08504,Platinum,234100.0,74065.95,2999,Active,2024-03-26
CC001296,C07892,Platinum,39400.0,7516.62,1999,Blocked,2022-06-10
CC001297,C07629,Classic,38900.0,12791.84,499,Active,2024-09-26
CC001298,C13667,Gold,25200.0,8579.96,0,Active,2023-04-28
CC001299,C11854,Platinum,20000.0,3806.46,0,Active,2022-07-22
CC001300,C14326,Classic,57700.0,19929.79,1999,Closed,2022-06-26
CC001301,C03818,Classic,20000.0,4533.91,0,Active,2024-04-09
CC001302,C06524,Classic,76600.0,39707.54,499,Active,2022-05-25
CC001303,C07482,Classic,31400.0,10793.89,0,Active,2024-09-01
CC001304,C08188,Gold,36900.0,13887.82,2999,Active,2022-06-22
CC001305,C04206,Classic,71400.0,32818.02,0,Active,2023-10-13
CC001306,C11387,Classic,61600.0,28206.59,0,Active,2025-01-13
CC001307,C00800,Classic,20000.0,5306.78,0,Active,2022-03-27
CC001308,C11744,Gold,20000.0,9037.82,499,Active,2024-11-26
CC001309,C00549,Platinum,20500.0,5822.14,0,Active,2024-02-23
CC001310,C14357,Classic,91700.0,28525.73,0,Blocked,2022-06-27
CC001311,C06093,Classic,46400.0,11132.99,1999,Active,2024-10-17
CC001312,C11513,Signature,91700.0,66367.17,0,Active,2023-03-26
CC001313,C01550,Platinum,83500.0,33960.01,499,Blocked,2025-04-26
CC001314,C04062,Gold,42400.0,5338.78,1999,Active,2023-07-29
CC001315,C02503,Platinum,27300.0,2704.23,499,Active,2022-05-18
CC001316,C10871,Classic,20000.0,5163.51,0,Active,2024-02-13
CC001317,C05703,Platinum,20000.0,6089.69,0,Active,2022-09-25
CC001318,C00511,Classic,162800.0,71422.45,499,Active,2025-09-20
CC001319,C04309,Gold,32900.0,13564.78,0,Blocked,2024-12-30
CC001320,C11979,Gold,28700.0,13395.66,499,Closed,2025-11-14
CC001321,C07275,Signature,20000.0,7717.46,0,Active,2022-03-25
CC001322,C05890,Platinum,30500.0,6357.15,0,Active,2024-07-26
CC001323,C05067,Platinum,20200.0,5043.4,499,Active,2024-04-17
CC001324,C06037,Gold,24400.0,9561.13,1999,Active,2024-09-09
CC001325,C14307,Classic,83200.0,3059.6,1999,Active,2023-11-25
CC001326,C03000,Classic,62400.0,28437.46,0,Active,2023-01-17
CC001327,C14334,Platinum,37000.0,11756.67,999,Active,2025-04-04
CC001328,C13303,Platinum,24200.0,3071.61,0,Active,2025-12-31
CC001329,C04632,Gold,30200.0,8706.68,0,Active,2025-02-28
CC001330,C14305,Classic,51400.0,12012.52,999,Blocked,2024-01-02
CC001331,C10163,Signature,123500.0,17640.07,0,Active,2025-05-01
CC001332,C05463,Classic,20000.0,8887.71,999,Active,2025-11-06
CC001333,C11449,Platinum,38300.0,11496.76,0,Closed,2025-01-11
CC001334,C11502,Platinum,34400.0,9465.13,499,Active,2024-05-13
CC001335,C04967,Gold,25300.0,10669.75,999,Closed,2022-02-14
CC001336,C06899,Classic,137100.0,22384.46,999,Active,2023-01-19
CC001337,C14127,Signature,86100.0,50098.63,0,Active,2024-08-05
CC001338,C09734,Classic,47800.0,8955.64,999,Active,2025-12-29
CC001339,C02675,Classic,41700.0,8663.72,999,Active,2022-11-27
CC001340,C12454,Classic,120500.0,8343.52,1999,Active,2023-10-23
CC001341,C02914,Gold,67500.0,26160.96,0,Active,2023-09-18
CC001342,C07712,Platinum,30800.0,8932.46,0,Active,2023-10-23
CC001343,C12884,Signature,88900.0,31240.03,999,Active,2025-01-22
CC001344,C13066,Gold,47800.0,10845.09,0,Active,2025-11-22
CC001345,C11993,Classic,50700.0,10208.12,499,Blocked,2022-12-13
CC001346,C08844,Platinum,64500.0,18316.98,499,Active,2023-09-12
CC001347,C11918,Classic,22500.0,14342.92,499,Active,2024-09-17
CC001348,C07077,Platinum,63400.0,30585.01,0,Blocked,2022-03-08
CC001349,C06517,Platinum,172700.0,11429.32,499,Closed,2025-12-23
CC001350,C03511,Gold,44500.0,4582.64,499,Active,2025-05-15
CC001351,C06599,Signature,127000.0,45104.77,499,Active,2023-01-05
CC001352,C11422,Gold,20000.0,2780.43,0,Active,2025-12-06
CC001353,C07369,Classic,20900.0,5900.98,499,Active,2023-03-01
CC001354,C00693,Gold,53400.0,15495.46,1999,Active,2023-11-01
CC001355,C08738,Classic,29200.0,10473.59,999,Active,2025-02-25
CC001356,C09904,Gold,48900.0,15563.18,1999,Active,2022-12-08
CC001357,C04070,Signature,130300.0,35852.69,499,Active,2024-04-15
CC001358,C03162,Classic,25800.0,5720.62,999,Active,2025-04-20
CC001359,C14857,Gold,55300.0,14140.7,499,Active,2024-04-29
CC001360,C08086,Platinum,87400.0,45836.88,999,Active,2022-11-17
CC001361,C01719,Classic,45600.0,12932.58,499,Active,2022-05-20
CC001362,C13858,Classic,56500.0,18020.09,1999,Active,2023-04-20
CC001363,C10350,Classic,98300.0,22260.98,0,Active,2023-10-03
CC001364,C10848,Classic,28900.0,13508.59,499,Active,2023-09-15
CC001365,C05060,Classic,28000.0,10773.9,1999,Active,2024-11-04
CC001366,C06743,Classic,57800.0,14110.7,0,Active,2023-01-23
CC001367,C04951,Gold,33900.0,3188.89,0,Closed,2023-11-09
CC001368,C01573,Classic,35500.0,8692.63,499,Active,2025-01-02
CC001369,C08742,Classic,52300.0,27716.38,499,Active,2024-10-30
CC001370,C11830,Signature,53400.0,9922.86,0,Closed,2025-01-26
CC001371,C01455,Classic,43100.0,11746.79,1999,Blocked,2022-01-29
CC001372,C04960,Classic,40000.0,8761.45,1999,Active,2022-02-18
CC001373,C03232,Classic,69500.0,41910.5,499,Closed,2024-11-23
CC001374,C00414,Platinum,31300.0,7367.76,499,Active,2022-05-05
CC001375,C00863,Classic,30900.0,10182.23,999,Active,2022-03-19
CC001376,C02175,Signature,26100.0,2758.53,0,Active,2022-11-17
CC001377,C10915,Platinum,116300.0,17129.56,1999,Active,2023-07-17
CC001378,C14901,Gold,20000.0,2953.34,499,Active,2025-07-20
CC001379,C00507,Gold,167200.0,108059.42,499,Blocked,2025-09-20
CC001380,C12835,Classic,51400.0,19953.16,999,Active,2025-01-25
CC001381,C04787,Classic,56900.0,23434.72,999,Active,2023-04-17
CC001382,C07707,Gold,29200.0,5693.22,499,Active,2025-03-10
CC001383,C05555,Classic,50400.0,25541.19,499,Active,2025-08-05
CC001384,C07147,Classic,27600.0,7932.33,999,Blocked,2022-03-24
CC001385,C02551,Classic,31500.0,10930.21,999,Active,2025-04-09
CC001386,C02947,Classic,32800.0,10134.96,1999,Active,2025-12-21
CC001387,C10097,Platinum,68100.0,23433.73,499,Active,2022-01-23
CC001388,C07800,Gold,91400.0,27877.99,499,Active,2024-01-11
CC001389,C00879,Gold,106400.0,22736.3,999,Active,2022-10-27
CC001390,C00778,Classic,38500.0,14236.11,999,Active,2024-02-09
CC001391,C14625,Classic,25500.0,13575.55,0,Active,2023-03-06
CC001392,C04361,Platinum,40500.0,11556.67,499,Active,2024-01-31
CC001393,C12255,Platinum,38200.0,9991.98,0,Active,2023-01-01
CC001394,C12208,Classic,40200.0,17111.27,2999,Active,2022-12-13
CC001395,C12139,Platinum,91500.0,35701.13,999,Active,2022-12-23
CC001396,C08709,Platinum,105200.0,22734.06,1999,Active,2022-08-14
CC001397,C08385,Platinum,118900.0,11436.98,1999,Active,2025-04-01
CC001398,C09594,Gold,35000.0,12398.33,499,Active,2025-09-17
CC001399,C12631,Signature,37400.0,1697.12,499,Active,2024-08-01
CC001400,C05524,Classic,30400.0,18183.04,999,Active,2022-02-11
CC001401,C09649,Platinum,31300.0,11164.73,499,Active,2022-07-29
CC001402,C12346,Classic,32900.0,10369.96,499,Active,2023-08-29
CC001403,C00657,Platinum,132500.0,63654.98,1999,Active,2025-12-09
CC001404,C02097,Classic,22500.0,3327.27,999,Active,2025-11-06
CC001405,C02623,Gold,53000.0,14883.88,0,Active,2022-03-15
CC001406,C00567,Platinum,34200.0,17468.22,0,Active,2022-09-11
CC001407,C14620,Classic,20000.0,9461.23,0,Active,2024-03-26
CC001408,C09749,Gold,66700.0,16467.0,0,Active,2022-11-09
CC001409,C12056,Signature,82100.0,19095.57,499,Active,2023-01-14
CC001410,C06747,Platinum,29700.0,6614.2,0,Active,2022-03-22
CC001411,C01545,Gold,76600.0,6718.1,0,Active,2025-12-28
CC001412,C10980,Classic,53200.0,15808.35,499,Active,2022-10-25
CC001413,C08032,Signature,85400.0,5779.12,1999,Closed,2025-04-29
CC001414,C12932,Classic,37300.0,5073.62,1999,Active,2025-05-14
CC001415,C09008,Gold,20000.0,5321.14,499,Active,2025-11-24
CC001416,C03684,Gold,45000.0,25312.8,0,Active,2025-06-15
CC001417,C09333,Gold,55400.0,10885.52,999,Active,2024-05-10
CC001418,C06113,Gold,99500.0,19646.58,499,Active,2022-07-30
CC001419,C05811,Classic,64500.0,7693.33,1999,Active,2025-04-29
CC001420,C10545,Gold,85000.0,27848.41,499,Active,2024-09-04
CC001421,C02518,Gold,20000.0,5532.63,0,Active,2023-11-25
CC001422,C14479,Classic,55000.0,6016.09,999,Active,2023-11-22
CC001423,C05041,Gold,37700.0,18554.8,999,Active,2025-06-26
CC001424,C04090,Gold,74400.0,34453.53,1999,Active,2025-12-08
CC001425,C02489,Gold,55200.0,10706.17,499,Active,2022-02-24
CC001426,C14100,Gold,20000.0,13039.31,999,Active,2024-04-02
CC001427,C10975,Gold,52200.0,25294.14,0,Active,2025-09-23
CC001428,C04843,Signature,31200.0,13557.68,0,Active,2024-12-09
CC001429,C04627,Platinum,74700.0,13892.8,0,Active,2022-11-23
CC001430,C03629,Platinum,20000.0,1360.28,499,Active,2022-09-09
CC001431,C11834,Classic,103400.0,26546.31,999,Active,2024-06-01
CC001432,C06112,Gold,71300.0,17428.15,1999,Active,2023-01-02
CC001433,C13714,Classic,75200.0,1973.52,0,Active,2024-05-18
CC001434,C05665,Classic,48600.0,23477.34,999,Active,2023-02-09
CC001435,C14850,Classic,38300.0,3285.53,0,Active,2022-09-01
CC001436,C07422,Classic,47000.0,15646.09,999,Active,2024-09-10
CC001437,C06953,Classic,48500.0,24681.67,499,Active,2022-07-03
CC001438,C12139,Platinum,88800.0,16050.01,999,Active,2025-04-09
CC001439,C11921,Platinum,26800.0,4264.35,1999,Active,2023-02-23
CC001440,C06800,Gold,82800.0,12002.01,499,Active,2024-03-29
CC001441,C04034,Gold,70500.0,8673.52,1999,Active,2023-08-28
CC001442,C13367,Platinum,98700.0,12373.63,1999,Closed,2024-10-07
CC001443,C07073,Platinum,93200.0,30849.58,0,Active,2023-02-14
CC001444,C10399,Gold,64900.0,10136.57,499,Active,2025-03-14
CC001445,C03472,Classic,63500.0,37609.87,0,Active,2024-09-30
CC001446,C14636,Gold,67300.0,14732.71,999,Active,2023-05-03
CC001447,C05108,Gold,20000.0,7824.55,0,Active,2024-08-11
CC001448,C12541,Classic,67000.0,41493.39,0,Active,2024-05-16
CC001449,C08070,Platinum,22500.0,2650.41,999,Active,2024-11-27
CC001450,C08345,Classic,41200.0,13517.52,0,Active,2024-10-16
CC001451,C04480,Gold,20000.0,7394.49,499,Active,2022-05-07
CC001452,C13070,Gold,61900.0,16919.89,0,Active,2022-09-08
CC001453,C06701,Platinum,88400.0,13606.45,999,Active,2024-07-13
CC001454,C09238,Classic,43300.0,7310.03,499,Active,2022-07-19
CC001455,C01564,Classic,31800.0,12683.59,1999,Closed,2022-09-01
CC001456,C07390,Gold,32200.0,5723.35,0,Closed,2023-10-31
CC001457,C07070,Gold,20000.0,3283.58,1999,Closed,2025-11-03
CC001458,C11463,Classic,30500.0,15675.38,0,Active,2023-09-01
CC001459,C12211,Gold,55300.0,4857.65,499,Active,2022-04-20
CC001460,C04012,Signature,20000.0,2090.62,999,Active,2024-06-06
CC001461,C13210,Classic,51800.0,10390.23,0,Active,2023-02-14
CC001462,C08160,Gold,63500.0,11567.88,1999,Active,2022-12-24
CC001463,C13112,Platinum,26100.0,7756.56,499,Active,2025-02-17
CC001464,C10086,Gold,21400.0,11547.34,999,Active,2022-04-17
CC001465,C11453,Classic,59700.0,25074.9,1999,Active,2025-03-01
CC001466,C06376,Gold,48400.0,5589.85,0,Active,2024-07-16
CC001467,C12142,Classic,148100.0,13621.3,1999,Closed,2025-11-23
CC001468,C06980,Signature,20000.0,11073.6,1999,Active,2022-10-30
CC001469,C14568,Gold,24200.0,11092.73,0,Active,2024-12-31
CC001470,C04668,Gold,31400.0,5688.36,999,Active,2023-03-29
CC001471,C00918,Platinum,72000.0,47639.26,499,Active,2023-09-26
CC001472,C04058,Platinum,37200.0,15569.72,499,Active,2022-03-20
CC001473,C12647,Classic,97000.0,3205.94,2999,Active,2022-05-14
CC001474,C03179,Classic,48000.0,6030.54,499,Active,2024-10-05
CC001475,C12527,Signature,63900.0,15389.08,499,Active,2024-01-20
CC001476,C10087,Gold,20600.0,2879.4,0,Active,2025-02-19
CC001477,C00727,Platinum,26900.0,6597.77,999,Active,2025-09-04
CC001478,C01499,Platinum,28400.0,9648.68,1999,Closed,2024-03-25
CC001479,C13036,Signature,31600.0,15775.47,499,Active,2025-08-02
CC001480,C09864,Classic,63100.0,24397.92,999,Active,2025-06-30
CC001481,C12946,Classic,105300.0,14723.51,1999,Active,2024-05-17
CC001482,C09898,Gold,34900.0,9777.57,0,Active,2025-09-10
CC001483,C03285,Platinum,63900.0,4560.82,499,Active,2022-06-14
CC001484,C08914,Classic,110000.0,25186.76,0,Active,2023-06-16
CC001485,C09484,Classic,46800.0,5026.16,0,Active,2023-11-11
CC001486,C14808,Gold,29000.0,4709.9,499,Active,2022-01-02
CC001487,C07457,Classic,36600.0,16860.66,499,Active,2025-03-29
CC001488,C09511,Gold,31600.0,17388.87,0,Active,2024-09-06
CC001489,C05295,Gold,71500.0,30463.46,0,Active,2025-12-05
CC001490,C01353,Classic,41800.0,23210.04,1999,Active,2022-07-06
CC001491,C08867,Signature,55700.0,22194.98,999,Active,2024-01-29
CC001492,C03543,Platinum,33400.0,15240.2,499,Active,2023-07-14
CC001493,C02287,Gold,51000.0,3312.02,999,Active,2023-03-06
CC001494,C03137,Classic,28200.0,3816.22,499,Active,2023-06-10
CC001495,C14809,Platinum,29100.0,13908.06,0,Blocked,2024-07-18
CC001496,C01161,Platinum,60700.0,19813.91,499,Active,2022-02-13
CC001497,C03369,Platinum,52100.0,22632.45,0,Active,2025-06-15
CC001498,C03482,Classic,64800.0,10513.61,999,Active,2025-06-02
CC001499,C07530,Classic,35500.0,14542.14,499,Active,2025-02-23
CC001500,C11482,Signature,21400.0,5020.41,999,Active,2022-08-15
CC001501,C09839,Classic,28300.0,18109.09,999,Active,2025-07-11
CC001502,C03018,Classic,33000.0,12949.32,0,Active,2023-08-25
CC001503,C06725,Classic,74600.0,21734.01,999,Active,2022-05-10
CC001504,C02036,Gold,66300.0,7072.95,499,Active,2022-09-15
CC001505,C11157,Classic,85600.0,22016.47,999,Active,2023-09-10
CC001506,C00915,Signature,27200.0,4176.27,999,Active,2023-01-13
CC001507,C01614,Classic,92800.0,12905.04,999,Closed,2022-05-25
CC001508,C01099,Classic,54500.0,14571.42,0,Active,2024-09-16
CC001509,C07966,Platinum,20000.0,6736.87,1999,Active,2023-02-12
CC001510,C14336,Signature,93300.0,36853.9,0,Active,2022-06-23
CC001511,C05519,Gold,20000.0,2841.49,1999,Active,2023-04-24
CC001512,C02013,Platinum,64900.0,15192.41,0,Active,2024-09-05
CC001513,C05105,Platinum,20000.0,4671.86,999,Active,2022-11-25
CC001514,C06210,Gold,56300.0,18204.02,1999,Active,2023-08-21
CC001515,C07312,Gold,20000.0,11404.6,999,Active,2025-07-12
CC001516,C00181,Gold,39200.0,11871.35,0,Active,2025-03-09
CC001517,C06786,Classic,36000.0,5233.56,0,Active,2023-01-08
CC001518,C04984,Gold,65000.0,43790.63,1999,Active,2022-07-16
CC001519,C07640,Gold,50900.0,11208.51,499,Active,2023-11-27
CC001520,C10173,Platinum,28700.0,8256.15,0,Active,2024-07-22
CC001521,C05743,Gold,20000.0,5431.38,0,Active,2022-02-13
CC001522,C03345,Platinum,20000.0,5336.43,0,Active,2024-05-03
CC001523,C03115,Classic,41600.0,9683.36,0,Active,2025-11-27
CC001524,C13226,Gold,26500.0,4716.32,0,Closed,2022-05-07
CC001525,C07415,Gold,47900.0,32895.52,999,Active,2024-01-02
CC001526,C10831,Gold,59300.0,21976.27,999,Active,2022-09-24
CC001527,C14925,Classic,42800.0,12737.79,999,Active,2025-02-08
CC001528,C00347,Gold,180200.0,51783.11,0,Active,2023-06-07
CC001529,C04127,Classic,36100.0,9948.75,999,Closed,2024-07-05
CC001530,C10547,Classic,129500.0,37099.03,999,Active,2024-12-11
CC001531,C08513,Signature,240100.0,15173.93,499,Active,2023-01-21
CC001532,C06112,Gold,68600.0,15307.55,499,Active,2025-11-08
CC001533,C14107,Classic,47100.0,36493.85,0,Active,2024-09-12
CC001534,C11855,Signature,60300.0,6601.41,499,Active,2025-05-06
CC001535,C02384,Platinum,40600.0,20932.6,0,Active,2023-06-27
CC001536,C14238,Gold,74000.0,19916.26,999,Active,2022-02-10
CC001537,C14853,Classic,61900.0,26223.85,999,Active,2025-08-10
CC001538,C08512,Gold,49700.0,7117.56,0,Active,2022-06-24
CC001539,C02024,Gold,27200.0,7464.47,999,Active,2022-01-23
CC001540,C07400,Classic,20000.0,9439.71,2999,Active,2025-04-27
CC001541,C14838,Classic,90300.0,11301.14,0,Active,2025-01-18
CC001542,C02386,Platinum,77400.0,12030.99,0,Active,2022-02-02
CC001543,C10059,Platinum,62600.0,17871.67,2999,Active,2022-03-30
CC001544,C09773,Classic,41200.0,2286.22,0,Active,2022-03-06
CC001545,C04452,Gold,125900.0,16253.67,0,Blocked,2023-10-04
CC001546,C09420,Gold,20900.0,2802.07,0,Active,2025-11-02
CC001547,C06351,Platinum,41700.0,20384.3,999,Active,2024-02-20
CC001548,C00284,Platinum,33500.0,21360.43,0,Active,2023-06-04
CC001549,C07627,Classic,54300.0,20270.76,999,Active,2022-12-10
CC001550,C02787,Classic,28400.0,12713.9,999,Active,2022-01-08
CC001551,C09426,Gold,50900.0,24780.9,499,Active,2025-03-06
CC001552,C01196,Platinum,39100.0,5045.39,0,Active,2022-04-28
CC001553,C07755,Classic,80400.0,24236.77,1999,Active,2022-02-11
CC001554,C06182,Platinum,20000.0,7588.98,0,Active,2022-05-10
CC001555,C09697,Classic,46400.0,16856.13,499,Active,2022-04-29
CC001556,C03599,Signature,73500.0,28896.56,499,Active,2022-12-19
CC001557,C08891,Gold,104400.0,26447.38,0,Active,2022-03-16
CC001558,C04513,Platinum,27100.0,16655.33,499,Active,2024-12-01
CC001559,C02143,Gold,47600.0,7168.15,0,Active,2025-01-18
CC001560,C10287,Platinum,66800.0,40897.09,0,Closed,2024-05-25
CC001561,C05893,Classic,27200.0,15701.32,499,Active,2023-07-21
CC001562,C08034,Gold,78100.0,51695.46,0,Active,2022-07-18
CC001563,C03095,Gold,59400.0,2703.37,1999,Active,2022-07-30
CC001564,C07193,Classic,27900.0,16397.43,1999,Active,2023-10-28
CC001565,C14226,Signature,30500.0,5771.86,0,Active,2022-12-18
CC001566,C08588,Gold,67600.0,8464.33,999,Active,2022-12-31
CC001567,C06178,Platinum,42000.0,2952.55,999,Active,2022-05-10
CC001568,C07175,Gold,38900.0,3757.24,999,Active,2022-12-30
CC001569,C09037,Gold,21100.0,3853.18,999,Active,2023-03-28
CC001570,C11168,Classic,128500.0,25750.5,0,Active,2023-06-08
CC001571,C02228,Gold,20000.0,8482.12,0,Active,2022-08-24
CC001572,C12334,Classic,50400.0,8014.96,1999,Active,2024-05-14
CC001573,C00528,Classic,81600.0,8807.06,0,Active,2023-09-20
CC001574,C03915,Gold,48300.0,5504.26,0,Active,2025-01-09
CC001575,C04968,Gold,46100.0,11038.15,0,Active,2025-08-03
CC001576,C03646,Gold,95100.0,25492.72,1999,Closed,2023-10-03
CC001577,C04614,Gold,20000.0,7289.89,0,Active,2022-12-10
CC001578,C08746,Gold,26800.0,5118.63,499,Active,2024-06-05
CC001579,C04350,Gold,20000.0,10552.36,1999,Blocked,2025-08-19
CC001580,C00228,Platinum,32600.0,10719.69,499,Active,2024-01-09
CC001581,C04970,Gold,39800.0,19070.58,1999,Active,2023-10-14
CC001582,C04956,Gold,58200.0,16579.52,0,Active,2024-03-04
CC001583,C05348,Platinum,73600.0,12299.64,499,Active,2022-08-17
CC001584,C00727,Classic,33000.0,3371.84,999,Active,2024-07-10
CC001585,C13024,Gold,40600.0,3257.93,999,Active,2023-01-02
CC001586,C03613,Platinum,187300.0,49228.34,499,Active,2025-05-15
CC001587,C12620,Classic,46000.0,5687.79,0,Active,2025-06-17
CC001588,C05132,Classic,20000.0,4865.88,1999,Active,2024-02-26
CC001589,C11516,Classic,27700.0,7170.97,499,Active,2022-06-25
CC001590,C08424,Classic,80900.0,46029.38,0,Active,2022-09-20
CC001591,C09506,Classic,101700.0,30345.41,1999,Active,2025-01-17
CC001592,C02593,Gold,46900.0,10740.39,1999,Active,2024-06-29
CC001593,C09023,Platinum,73100.0,26356.35,1999,Active,2023-03-06
CC001594,C13659,Classic,50100.0,4948.59,0,Active,2024-11-30
CC001595,C08273,Gold,32700.0,5855.0,999,Active,2023-12-05
CC001596,C12399,Classic,38800.0,19652.46,0,Active,2022-12-17
CC001597,C04230,Classic,25200.0,4293.0,0,Active,2023-11-11
CC001598,C08884,Gold,45300.0,25399.51,999,Blocked,2024-12-30
CC001599,C10165,Gold,72100.0,24650.19,999,Active,2024-06-26
CC001600,C02945,Platinum,144200.0,74885.02,999,Active,2024-12-20
CC001601,C02707,Classic,49000.0,10710.73,999,Active,2023-02-27
CC001602,C11401,Platinum,35700.0,7993.13,499,Active,2022-02-07
CC001603,C12543,Platinum,42200.0,4177.09,499,Active,2024-05-27
CC001604,C08408,Platinum,42100.0,19956.92,0,Active,2025-11-08
CC001605,C07504,Signature,30100.0,6185.52,1999,Blocked,2024-10-18
CC001606,C08038,Platinum,20000.0,13105.62,499,Active,2025-06-08
CC001607,C07665,Gold,47200.0,10846.81,2999,Active,2025-02-18
CC001608,C08640,Gold,36500.0,15976.31,499,Active,2024-02-01
CC001609,C05478,Classic,47400.0,22018.61,499,Active,2023-09-17
CC001610,C00718,Classic,93700.0,37902.77,999,Active,2023-01-05
CC001611,C00330,Signature,48800.0,18525.86,0,Active,2024-04-24
CC001612,C13616,Gold,58300.0,13983.39,999,Active,2023-09-04
CC001613,C07117,Platinum,37500.0,14505.16,0,Active,2024-01-06
CC001614,C07274,Signature,57800.0,1548.08,499,Closed,2022-05-13
CC001615,C11105,Gold,42300.0,32319.04,1999,Active,2023-07-02
CC001616,C05964,Platinum,20000.0,14542.4,999,Active,2023-10-31
CC001617,C07852,Gold,42500.0,11856.29,0,Active,2023-05-24
CC001618,C07021,Signature,27000.0,6146.68,999,Active,2025-04-05
CC001619,C11081,Classic,95700.0,18616.22,0,Active,2025-05-18
CC001620,C00510,Signature,36400.0,20436.06,499,Active,2022-01-28
CC001621,C07962,Classic,27600.0,7223.04,2999,Active,2023-09-28
CC001622,C07796,Gold,63300.0,20538.64,499,Active,2023-10-01
CC001623,C12546,Classic,28900.0,9162.03,499,Active,2023-04-25
CC001624,C01277,Platinum,28600.0,16937.31,999,Active,2022-08-25
CC001625,C11155,Platinum,41900.0,19918.48,499,Active,2025-03-15
CC001626,C14411,Platinum,30300.0,6618.09,499,Active,2022-12-06
CC001627,C06687,Signature,20000.0,4724.77,1999,Active,2023-05-10
CC001628,C07500,Classic,20000.0,2986.26,499,Active,2023-11-24
CC001629,C00056,Classic,20000.0,8488.9,0,Active,2022-07-08
CC001630,C10589,Gold,32900.0,5480.17,499,Active,2023-07-26
CC001631,C00518,Gold,29000.0,6536.94,0,Active,2022-02-25
CC001632,C10740,Classic,89600.0,53692.18,1999,Active,2023-10-28
CC001633,C00789,Gold,50200.0,7769.36,999,Active,2022-11-16
CC001634,C04387,Gold,30600.0,20002.44,0,Closed,2023-10-04
CC001635,C10955,Gold,20000.0,7708.23,999,Active,2024-04-20
CC001636,C14658,Classic,22200.0,4119.0,499,Active,2025-11-09
CC001637,C11113,Platinum,39200.0,5332.93,0,Closed,2025-01-11
CC001638,C11034,Classic,21600.0,15069.82,499,Active,2023-10-30
CC001639,C03922,Platinum,29700.0,14971.47,0,Active,2025-08-23
CC001640,C07669,Signature,171200.0,22227.85,499,Active,2024-05-17
CC001641,C05382,Classic,36600.0,20736.38,0,Active,2024-09-19
CC001642,C00418,Signature,97300.0,43427.0,499,Closed,2022-01-16
CC001643,C08917,Classic,36200.0,6911.32,999,Active,2025-05-22
CC001644,C05072,Platinum,58800.0,32577.02,0,Active,2025-12-08
CC001645,C10379,Gold,41700.0,5346.47,0,Active,2025-03-27
CC001646,C00366,Gold,20000.0,4207.54,0,Closed,2025-11-06
CC001647,C08529,Classic,54100.0,12851.36,2999,Active,2022-08-30
CC001648,C05641,Gold,139800.0,42367.16,499,Active,2022-07-28
CC001649,C12640,Classic,59700.0,22440.38,0,Active,2023-12-03
CC001650,C11394,Classic,57800.0,7839.76,0,Active,2024-07-07
CC001651,C14996,Gold,53700.0,22043.19,499,Active,2024-08-17
CC001652,C13092,Platinum,58400.0,18855.97,999,Active,2023-03-13
CC001653,C03886,Platinum,23000.0,9827.6,0,Active,2023-01-30
CC001654,C00094,Platinum,32900.0,8023.11,2999,Active,2022-08-27
CC001655,C04270,Classic,21200.0,2308.31,1999,Active,2022-08-07
CC001656,C05162,Platinum,96000.0,34467.63,0,Active,2023-08-29
CC001657,C08446,Platinum,20000.0,7825.68,499,Active,2024-12-12
CC001658,C09418,Gold,34400.0,9850.26,0,Active,2023-03-04
CC001659,C03927,Gold,68200.0,15472.14,1999,Active,2024-03-23
CC001660,C05828,Platinum,23000.0,8690.1,0,Blocked,2022-05-08
CC001661,C09193,Classic,25200.0,13812.7,1999,Active,2023-09-04
CC001662,C07506,Signature,35100.0,2248.08,999,Active,2024-07-30
CC001663,C10889,Classic,52300.0,8215.89,0,Closed,2023-10-11
CC001664,C01761,Gold,33600.0,15954.56,0,Blocked,2025-12-21
CC001665,C06342,Gold,29200.0,4203.43,499,Active,2024-09-17
CC001666,C06330,Platinum,39600.0,21927.78,1999,Active,2025-02-23
CC001667,C00993,Gold,34700.0,2404.49,2999,Active,2022-01-29
CC001668,C11219,Classic,126600.0,31394.55,499,Active,2025-05-15
CC001669,C06162,Platinum,26400.0,7534.15,0,Active,2023-12-15
CC001670,C14289,Classic,57000.0,9378.36,999,Active,2025-09-13
CC001671,C14417,Classic,29800.0,19722.35,0,Active,2024-11-06
CC001672,C02772,Gold,54900.0,20016.81,999,Active,2023-08-14
CC001673,C13028,Gold,58000.0,21683.42,999,Active,2023-12-24
CC001674,C04131,Classic,54300.0,19343.03,0,Active,2022-07-21
CC001675,C05555,Gold,92600.0,39042.84,999,Active,2023-04-07
CC001676,C10713,Classic,49900.0,2990.81,2999,Active,2024-06-04
CC001677,C13090,Gold,79500.0,21768.83,499,Active,2025-05-28
CC001678,C00965,Gold,100400.0,64986.09,499,Active,2025-05-22
CC001679,C12479,Gold,67800.0,15105.05,0,Active,2023-05-27
CC001680,C01044,Classic,33100.0,20249.08,0,Active,2022-02-06
CC001681,C06534,Classic,78900.0,42427.37,0,Active,2025-11-11
CC001682,C12598,Platinum,97400.0,20832.6,0,Active,2023-11-03
CC001683,C07077,Classic,50400.0,21450.74,499,Active,2024-10-10
CC001684,C12412,Platinum,40800.0,8824.56,0,Active,2022-07-20
CC001685,C13962,Gold,111700.0,36621.91,0,Active,2024-06-29
CC001686,C00359,Platinum,75100.0,10342.63,999,Active,2025-05-09
CC001687,C12824,Gold,48300.0,16844.61,0,Active,2023-12-13
CC001688,C07535,Platinum,44200.0,21999.97,999,Active,2024-12-10
CC001689,C04376,Classic,20000.0,3954.66,0,Active,2025-02-25
CC001690,C14215,Platinum,52400.0,14801.3,1999,Active,2025-08-16
CC001691,C02599,Classic,32900.0,6161.59,0,Active,2023-12-06
CC001692,C08622,Platinum,59100.0,14169.06,1999,Active,2025-04-09
CC001693,C00860,Gold,39900.0,2667.39,999,Active,2025-08-13
CC001694,C13706,Classic,102900.0,37067.16,0,Active,2023-01-14
CC001695,C01319,Classic,107300.0,27045.06,0,Active,2023-10-01
CC001696,C07090,Classic,99700.0,30234.35,0,Active,2025-04-18
CC001697,C12360,Classic,71600.0,11918.5,999,Active,2023-04-01
CC001698,C08064,Gold,95400.0,7774.0,1999,Active,2023-11-04
CC001699,C01463,Gold,50300.0,13211.9,0,Active,2024-04-17
CC001700,C08812,Classic,27500.0,3682.17,1999,Active,2023-11-11
CC001701,C09363,Classic,47700.0,9108.06,499,Active,2023-08-22
CC001702,C07316,Classic,51500.0,15784.13,999,Active,2024-07-09
CC001703,C14157,Platinum,30500.0,11717.25,1999,Active,2025-11-24
CC001704,C11542,Classic,37600.0,15390.9,1999,Active,2022-02-27
CC001705,C13744,Gold,48600.0,24576.38,999,Active,2024-07-16
CC001706,C06932,Classic,20000.0,2947.36,0,Active,2025-12-11
CC001707,C11374,Gold,62700.0,20313.79,2999,Active,2025-05-13
CC001708,C02154,Classic,20500.0,8591.53,1999,Active,2024-12-19
CC001709,C08467,Platinum,20000.0,7518.43,0,Active,2023-06-02
CC001710,C14479,Classic,23800.0,8428.17,1999,Active,2024-02-22
CC001711,C12032,Classic,62900.0,15601.56,0,Active,2024-04-19
CC001712,C06194,Classic,37700.0,6272.83,0,Active,2025-04-04
CC001713,C12860,Classic,26600.0,10827.47,999,Active,2022-01-20
CC001714,C02663,Classic,35400.0,8829.93,0,Active,2022-12-07
CC001715,C13849,Classic,27200.0,9709.52,0,Active,2023-11-23
CC001716,C06343,Classic,70000.0,20878.1,0,Active,2023-01-24
CC001717,C11433,Gold,83000.0,14622.43,499,Active,2022-11-02
CC001718,C09071,Classic,26200.0,7590.47,499,Active,2025-06-05
CC001719,C04024,Gold,57200.0,3869.69,0,Active,2025-02-25
CC001720,C05016,Signature,80100.0,21159.73,0,Active,2024-06-02
CC001721,C02890,Classic,39900.0,8980.7,0,Active,2023-07-01
CC001722,C05124,Gold,27700.0,17421.92,499,Active,2023-06-23
CC001723,C08105,Platinum,23100.0,10628.88,499,Active,2022-01-29
CC001724,C06238,Classic,112700.0,21282.25,0,Active,2023-05-22
CC001725,C06770,Classic,57200.0,6831.39,0,Active,2022-11-09
CC001726,C12117,Platinum,20000.0,7957.65,0,Active,2023-06-28
CC001727,C06558,Classic,79600.0,46148.79,0,Active,2024-02-02
CC001728,C04388,Platinum,39000.0,12181.18,1999,Active,2022-07-21
CC001729,C14179,Classic,28400.0,3838.75,499,Active,2022-02-11
CC001730,C00931,Platinum,22500.0,2411.65,0,Blocked,2024-04-07
CC001731,C02472,Platinum,29800.0,5802.53,499,Active,2023-02-15
CC001732,C09521,Gold,42200.0,10297.72,0,Active,2024-10-07
CC001733,C09361,Platinum,46900.0,17878.26,1999,Active,2022-08-24
CC001734,C03804,Classic,20000.0,1578.7,999,Active,2024-04-03
CC001735,C00699,Classic,164600.0,35835.18,0,Closed,2024-11-28
CC001736,C11336,Gold,206300.0,90439.7,499,Active,2025-12-14
CC001737,C07841,Gold,78900.0,25099.94,0,Active,2023-02-22
CC001738,C14418,Classic,97900.0,11918.51,0,Active,2024-06-19
CC001739,C05049,Platinum,34300.0,7740.1,999,Active,2023-01-03
CC001740,C14473,Platinum,47500.0,13333.61,499,Active,2025-05-03
CC001741,C12831,Gold,47000.0,20447.88,499,Active,2022-12-25
CC001742,C04713,Gold,20100.0,2161.15,0,Active,2025-08-27
CC001743,C01349,Gold,44700.0,13698.35,0,Active,2023-04-17
CC001744,C08846,Classic,24300.0,12481.85,0,Active,2025-03-18
CC001745,C00499,Classic,79400.0,17349.77,0,Active,2022-09-04
CC001746,C01799,Classic,78800.0,17050.54,499,Active,2023-04-08
CC001747,C03749,Gold,41600.0,3689.47,999,Active,2023-10-27
CC001748,C03545,Classic,20000.0,6172.33,999,Active,2022-03-11
CC001749,C10539,Gold,48300.0,8759.35,499,Active,2024-10-10
CC001750,C02382,Gold,32800.0,19601.86,999,Active,2024-10-16
CC001751,C00859,Classic,30000.0,9726.23,999,Active,2025-11-06
CC001752,C12073,Gold,41100.0,6885.93,1999,Active,2024-03-22
CC001753,C08297,Classic,152800.0,51007.23,0,Active,2022-12-15
CC001754,C00532,Classic,43600.0,8017.44,0,Active,2024-03-28
CC001755,C08300,Gold,20000.0,12208.67,1999,Active,2022-05-02
CC001756,C09123,Classic,25000.0,11490.14,0,Active,2022-10-31
CC001757,C11861,Platinum,36700.0,4828.13,999,Active,2023-04-09
CC001758,C04866,Classic,43900.0,6789.12,499,Blocked,2023-02-08
CC001759,C02344,Classic,80900.0,28234.37,0,Active,2023-06-25
CC001760,C06768,Classic,61500.0,31641.3,499,Active,2022-08-08
CC001761,C14483,Platinum,73500.0,35226.56,499,Active,2023-04-23
CC001762,C08194,Classic,27500.0,11255.16,499,Active,2023-01-02
CC001763,C01294,Classic,67300.0,21597.97,499,Active,2022-06-05
CC001764,C12905,Classic,20000.0,3545.63,499,Active,2025-04-28
CC001765,C07746,Gold,295300.0,158485.4,0,Active,2024-09-25
CC001766,C10847,Classic,21100.0,5585.73,499,Active,2022-07-07
CC001767,C06733,Gold,20000.0,10317.89,999,Active,2024-08-07
CC001768,C01649,Gold,34400.0,14136.65,1999,Active,2023-01-19
CC001769,C09575,Signature,34900.0,5278.04,499,Active,2024-06-13
CC001770,C07747,Platinum,46300.0,30065.22,999,Active,2023-07-24
CC001771,C13263,Classic,67400.0,27429.34,0,Active,2022-05-09
CC001772,C14334,Platinum,20000.0,8602.92,0,Active,2022-12-02
CC001773,C12632,Platinum,33800.0,6954.52,0,Active,2022-04-21
CC001774,C12949,Classic,20000.0,4847.65,0,Active,2023-09-18
CC001775,C04946,Classic,90800.0,54822.75,999,Active,2023-04-24
CC001776,C09235,Gold,30300.0,1461.33,0,Active,2025-06-27
CC001777,C09845,Gold,25600.0,12670.7,1999,Active,2022-01-05
CC001778,C12830,Platinum,20000.0,2311.67,1999,Active,2022-01-18
CC001779,C00647,Classic,20000.0,7566.58,0,Active,2022-11-04
CC001780,C06878,Platinum,230600.0,47012.46,1999,Active,2023-04-21
CC001781,C02529,Platinum,63900.0,17604.05,499,Active,2023-04-08
CC001782,C06056,Classic,45900.0,14909.82,499,Active,2025-04-11
CC001783,C06722,Platinum,21800.0,1539.7,2999,Active,2024-07-21
CC001784,C09997,Gold,41200.0,8885.91,999,Active,2023-10-05
CC001785,C07212,Classic,61400.0,8571.62,0,Active,2022-11-05
CC001786,C05916,Platinum,69500.0,19988.02,0,Active,2023-08-13
CC001787,C01713,Platinum,20700.0,1366.95,0,Active,2025-05-09
CC001788,C11992,Platinum,31700.0,17205.86,1999,Active,2024-03-20
CC001789,C00072,Classic,49400.0,4760.79,999,Active,2025-02-13
CC001790,C07996,Gold,80600.0,16847.09,499,Active,2025-03-08
CC001791,C04822,Gold,68200.0,9468.97,499,Active,2022-12-09
CC001792,C09236,Gold,79200.0,10703.5,0,Active,2023-09-29
CC001793,C05738,Signature,74200.0,15723.5,1999,Active,2024-10-15
CC001794,C07142,Signature,41900.0,15451.72,0,Active,2024-05-03
CC001795,C05745,Signature,91100.0,4027.31,499,Active,2025-05-26
CC001796,C03269,Platinum,20000.0,983.66,499,Active,2025-07-31
CC001797,C13178,Classic,58400.0,6799.1,999,Active,2024-06-29
CC001798,C03925,Signature,33200.0,8243.95,0,Closed,2025-07-26
CC001799,C08209,Gold,157800.0,8629.95,499,Active,2022-04-02
CC001800,C13309,Gold,85700.0,13244.61,0,Active,2023-05-18
CC001801,C03203,Classic,21000.0,3569.13,1999,Blocked,2024-04-16
CC001802,C13735,Classic,46100.0,6450.35,499,Active,2024-10-11
CC001803,C14091,Platinum,51300.0,22531.96,0,Active,2024-03-30
CC001804,C11340,Platinum,40200.0,20050.28,499,Closed,2023-02-15
CC001805,C05101,Classic,38200.0,11599.19,0,Closed,2024-09-25
CC001806,C14254,Signature,44500.0,11290.28,499,Active,2023-03-18
CC001807,C09953,Gold,41100.0,5177.54,0,Active,2022-08-12
CC001808,C01321,Classic,20000.0,951.29,999,Active,2022-12-05
CC001809,C08334,Classic,65200.0,20445.29,1999,Active,2024-06-24
CC001810,C14084,Gold,61100.0,41548.26,499,Active,2024-03-15
CC001811,C04934,Gold,58800.0,12820.92,0,Active,2025-02-09
CC001812,C08689,Signature,49500.0,16818.57,0,Closed,2022-06-28
CC001813,C00986,Classic,23700.0,10630.3,1999,Active,2023-10-30
CC001814,C14688,Classic,32500.0,4574.17,0,Active,2024-06-22
CC001815,C00098,Gold,37400.0,2464.14,1999,Active,2023-04-04
CC001816,C14601,Signature,51500.0,12431.78,999,Active,2022-01-27
CC001817,C06757,Platinum,23800.0,9604.8,499,Active,2024-05-09
CC001818,C13185,Signature,83800.0,18623.9,2999,Active,2025-10-15
CC001819,C04644,Classic,66500.0,16750.38,499,Active,2024-06-16
CC001820,C09374,Gold,78100.0,18732.4,499,Active,2022-04-08
CC001821,C05027,Signature,58500.0,11556.53,499,Active,2024-03-27
CC001822,C12981,Gold,20000.0,14987.77,499,Active,2022-10-25
CC001823,C04302,Gold,83200.0,11056.63,0,Active,2024-06-17
CC001824,C10580,Platinum,59100.0,24826.76,499,Active,2022-04-26
CC001825,C12200,Gold,33000.0,4275.9,2999,Closed,2025-05-22
CC001826,C09741,Classic,20000.0,8736.75,2999,Active,2022-11-30
CC001827,C02995,Gold,43600.0,19981.05,1999,Closed,2025-09-04
CC001828,C11098,Gold,25800.0,516.0,999,Active,2022-07-03
CC001829,C02104,Gold,109000.0,43929.17,499,Active,2025-09-29
CC001830,C01162,Gold,20000.0,9061.03,0,Active,2024-11-17
CC001831,C05482,Gold,39100.0,17543.54,0,Active,2025-03-01
CC001832,C08983,Gold,20000.0,3070.67,499,Active,2025-11-19
CC001833,C03847,Classic,48300.0,11926.73,499,Active,2022-10-21
CC001834,C05293,Signature,20800.0,3562.07,499,Active,2022-03-21
CC001835,C09751,Platinum,64600.0,20749.44,1999,Active,2023-08-19
CC001836,C11342,Platinum,31000.0,2840.76,2999,Active,2024-09-21
CC001837,C13532,Gold,101400.0,10565.52,0,Active,2022-10-02
CC001838,C12531,Classic,20000.0,14025.35,2999,Active,2025-12-28
CC001839,C00515,Signature,68900.0,19101.46,0,Active,2024-05-13
CC001840,C01415,Classic,70800.0,27574.42,999,Active,2022-10-15
CC001841,C11251,Platinum,32200.0,6960.01,499,Closed,2024-11-01
CC001842,C01220,Classic,29300.0,1443.15,1999,Active,2022-03-27
CC001843,C13394,Gold,94900.0,9442.4,499,Active,2025-10-11
CC001844,C09770,Classic,29800.0,3334.54,0,Active,2023-11-22
CC001845,C12908,Gold,95700.0,42032.46,499,Active,2025-05-05
CC001846,C13033,Classic,104300.0,8143.0,0,Active,2022-08-27
CC001847,C09974,Platinum,62900.0,11145.34,999,Active,2024-06-09
CC001848,C02978,Platinum,40800.0,1843.94,1999,Active,2022-06-21
CC001849,C14486,Signature,76000.0,21759.45,1999,Closed,2022-06-05
CC001850,C13703,Classic,54200.0,39579.55,999,Active,2023-03-26
CC001851,C12915,Classic,35100.0,3197.77,1999,Active,2023-02-21
CC001852,C14819,Classic,32300.0,10512.45,999,Active,2024-02-23
CC001853,C02033,Gold,59700.0,25051.7,499,Active,2024-08-12
CC001854,C14884,Platinum,67100.0,14717.15,499,Active,2022-07-05
CC001855,C05363,Platinum,42300.0,16713.06,499,Active,2025-03-28
CC001856,C13497,Gold,20000.0,9910.57,0,Active,2022-01-13
CC001857,C08679,Signature,49300.0,7052.28,999,Active,2022-10-18
CC001858,C13168,Gold,22100.0,8372.68,999,Closed,2023-02-01
CC001859,C07614,Gold,20000.0,5058.01,1999,Active,2022-09-30
CC001860,C02660,Gold,46300.0,18750.17,0,Active,2024-02-28
CC001861,C00090,Signature,35600.0,9345.33,999,Active,2024-05-05
CC001862,C00719,Classic,117900.0,71418.68,499,Active,2024-04-08
CC001863,C10026,Gold,59900.0,42575.31,999,Active,2022-07-18
CC001864,C03231,Gold,70500.0,21365.76,499,Active,2024-12-09
CC001865,C00504,Classic,34600.0,12898.2,1999,Active,2025-07-28
CC001866,C06687,Signature,64800.0,23571.5,0,Active,2025-06-24
CC001867,C13255,Classic,25100.0,4997.38,0,Active,2022-09-05
CC001868,C02875,Classic,93900.0,48864.88,999,Active,2025-11-18
CC001869,C08269,Platinum,34300.0,16191.35,0,Active,2025-07-19
CC001870,C05459,Platinum,55000.0,17772.16,0,Closed,2024-09-12
CC001871,C10662,Platinum,20000.0,12745.85,2999,Active,2024-10-23
CC001872,C05015,Signature,80800.0,32193.16,1999,Active,2025-02-10
CC001873,C01754,Gold,67300.0,19366.4,0,Active,2023-04-26
CC001874,C04795,Platinum,20000.0,2562.67,0,Active,2024-12-20
CC001875,C05447,Classic,177700.0,49171.94,999,Active,2023-05-28
CC001876,C04818,Classic,42400.0,10090.7,999,Active,2024-10-07
CC001877,C04797,Platinum,46800.0,17618.51,499,Active,2023-03-08
CC001878,C06174,Gold,61900.0,10684.95,1999,Active,2024-06-15
CC001879,C09746,Classic,30300.0,3627.48,0,Blocked,2023-03-31
CC001880,C08502,Platinum,36700.0,13999.34,499,Closed,2022-07-29
CC001881,C14184,Gold,65700.0,9698.4,0,Active,2022-04-17
CC001882,C06966,Gold,83100.0,31784.3,999,Active,2023-03-04
CC001883,C09217,Signature,43900.0,9939.46,499,Active,2025-12-20
CC001884,C05576,Signature,96600.0,34168.33,0,Active,2025-12-09
CC001885,C03702,Classic,94900.0,17279.88,0,Closed,2025-09-16
CC001886,C06723,Platinum,22800.0,5123.92,0,Active,2024-07-21
CC001887,C06496,Gold,32600.0,6942.51,499,Active,2024-12-29
CC001888,C04541,Platinum,45200.0,18424.6,999,Active,2024-10-13
CC001889,C00415,Classic,20000.0,2988.64,999,Closed,2025-07-15
CC001890,C13928,Gold,169100.0,78724.02,0,Active,2022-09-30
CC001891,C09384,Classic,20000.0,7461.12,2999,Active,2023-11-04
CC001892,C06504,Platinum,125900.0,12873.29,0,Active,2023-06-28
CC001893,C02159,Gold,34400.0,13096.96,999,Active,2025-10-14
CC001894,C09398,Gold,238100.0,37290.35,499,Active,2024-03-09
CC001895,C07095,Platinum,25400.0,14395.15,1999,Active,2022-07-03
CC001896,C14834,Classic,62000.0,32711.38,0,Active,2024-01-31
CC001897,C07049,Gold,20000.0,3439.01,0,Active,2022-11-15
CC001898,C05557,Gold,122000.0,34514.43,999,Active,2022-10-11
CC001899,C02724,Classic,51800.0,18486.05,0,Active,2024-09-09
CC001900,C03378,Classic,55200.0,10361.79,0,Active,2025-11-29
CC001901,C07834,Classic,110900.0,42082.52,499,Active,2025-05-08
CC001902,C05391,Platinum,39700.0,17236.82,999,Active,2023-06-15
CC001903,C04877,Classic,27700.0,10049.17,999,Active,2025-04-03
CC001904,C08374,Gold,70500.0,33532.3,2999,Active,2024-08-20
CC001905,C02705,Gold,24600.0,6335.52,1999,Active,2023-09-10
CC001906,C04368,Platinum,76300.0,40642.57,999,Active,2025-02-26
CC001907,C04754,Platinum,169500.0,77152.22,499,Closed,2024-07-01
CC001908,C00930,Platinum,28300.0,3537.23,0,Active,2024-08-01
CC001909,C06525,Gold,108900.0,70862.43,0,Active,2024-11-23
CC001910,C14603,Classic,21900.0,3077.13,999,Active,2022-05-24
CC001911,C10292,Classic,49000.0,13090.9,499,Active,2025-11-10
CC001912,C06142,Gold,23900.0,2936.87,2999,Active,2023-04-20
CC001913,C01346,Gold,39500.0,14944.6,1999,Active,2023-11-24
CC001914,C02975,Platinum,79900.0,35757.25,0,Active,2024-06-03
CC001915,C00346,Classic,51100.0,15113.98,1999,Active,2025-05-20
CC001916,C03471,Platinum,75800.0,4044.93,499,Active,2024-06-10
CC001917,C07041,Classic,39400.0,13371.1,999,Active,2022-05-17
CC001918,C01106,Classic,21100.0,2902.14,0,Closed,2022-03-09
CC001919,C10096,Classic,26000.0,3643.78,499,Active,2022-10-28
CC001920,C02340,Gold,29200.0,14952.43,0,Active,2025-09-20
CC001921,C10955,Classic,44500.0,13507.41,499,Closed,2022-12-17
CC001922,C03044,Signature,64100.0,8905.19,499,Active,2025-02-10
CC001923,C02669,Gold,20900.0,5677.34,0,Active,2023-04-23
CC001924,C10895,Classic,36900.0,2276.34,0,Active,2024-01-05
CC001925,C00074,Platinum,48800.0,18123.34,499,Active,2024-05-28
CC001926,C06213,Classic,20000.0,2298.11,999,Active,2022-08-29
CC001927,C07858,Classic,39300.0,15128.14,0,Active,2025-03-23
CC001928,C02778,Classic,56500.0,20931.07,499,Active,2023-09-12
CC001929,C07596,Classic,71700.0,12696.31,0,Active,2023-05-24
CC001930,C08008,Classic,37100.0,22239.55,999,Active,2025-01-04
CC001931,C12784,Classic,23700.0,5530.69,499,Active,2025-01-25
CC001932,C01819,Signature,20000.0,4832.32,499,Active,2023-10-26
CC001933,C14331,Platinum,36700.0,5382.88,999,Active,2022-11-01
CC001934,C09540,Platinum,102200.0,42191.13,999,Active,2024-11-09
CC001935,C07451,Classic,46900.0,29004.99,1999,Active,2024-10-07
CC001936,C11088,Gold,22400.0,14457.73,0,Active,2022-04-17
CC001937,C11774,Classic,20000.0,9170.46,499,Active,2024-04-19
CC001938,C08004,Classic,20000.0,1780.23,499,Active,2024-08-16
CC001939,C14957,Platinum,81200.0,12474.09,0,Active,2022-08-28
CC001940,C11257,Gold,59300.0,12150.45,0,Active,2022-01-19
CC001941,C12898,Platinum,82400.0,10013.11,1999,Active,2022-04-15
CC001942,C00965,Gold,58200.0,11974.07,2999,Active,2022-12-02
CC001943,C14651,Classic,39500.0,11190.45,2999,Active,2022-08-01
CC001944,C03154,Signature,29700.0,2092.08,2999,Active,2025-07-01
CC001945,C13303,Signature,27100.0,15952.66,499,Active,2023-03-18
CC001946,C05890,Classic,27300.0,2835.09,499,Active,2023-03-24
CC001947,C14198,Gold,79300.0,25212.98,999,Active,2022-01-11
CC001948,C10059,Platinum,96100.0,35061.66,499,Blocked,2025-03-22
CC001949,C02808,Platinum,37600.0,10075.91,1999,Active,2023-03-02
CC001950,C08516,Gold,47800.0,19648.27,0,Active,2024-01-13
CC001951,C05549,Platinum,71700.0,33148.63,999,Active,2022-04-22
CC001952,C08915,Platinum,88500.0,31575.75,0,Active,2024-10-15
CC001953,C01271,Classic,103600.0,18862.23,999,Active,2022-08-18
CC001954,C11325,Classic,37700.0,14616.29,999,Active,2022-07-26
CC001955,C06454,Classic,24200.0,8741.7,0,Active,2025-10-09
CC001956,C00836,Classic,37300.0,15550.29,1999,Active,2024-01-15
CC001957,C05594,Classic,61800.0,25791.0,999,Active,2023-02-02
CC001958,C08404,Platinum,150500.0,21729.53,999,Active,2022-11-10
CC001959,C07460,Classic,31900.0,2688.14,999,Active,2022-02-21
CC001960,C14805,Classic,67400.0,22015.12,0,Active,2023-10-04
CC001961,C01573,Classic,48300.0,3688.58,1999,Active,2023-07-30
CC001962,C08903,Classic,32700.0,9933.3,0,Active,2024-02-20
CC001963,C14098,Classic,35600.0,9531.57,499,Active,2024-06-17
CC001964,C09925,Gold,22400.0,13495.69,499,Active,2022-08-01
CC001965,C12428,Gold,96400.0,46506.13,999,Active,2025-08-13
CC001966,C13019,Platinum,20000.0,1041.68,499,Active,2024-05-03
CC001967,C02812,Platinum,325400.0,163712.15,499,Active,2025-12-24
CC001968,C01824,Signature,55400.0,22435.88,2999,Active,2024-08-15
CC001969,C14433,Classic,45200.0,12480.85,0,Active,2023-01-30
CC001970,C05625,Gold,49200.0,20226.73,0,Blocked,2024-08-20
CC001971,C08876,Classic,33100.0,5219.74,0,Active,2024-04-29
CC001972,C14642,Platinum,50800.0,25167.23,999,Active,2022-03-17
CC001973,C12055,Classic,66800.0,12445.51,999,Active,2024-07-25
CC001974,C03487,Gold,109700.0,44569.96,499,Active,2025-05-09
CC001975,C07517,Signature,24300.0,9638.91,0,Active,2025-05-25
CC001976,C08428,Signature,37300.0,7313.47,999,Active,2025-09-24
CC001977,C07344,Classic,21200.0,7309.75,499,Active,2024-09-15
CC001978,C11038,Classic,132000.0,52973.01,999,Active,2022-07-03
CC001979,C11814,Platinum,58200.0,3995.82,1999,Active,2024-01-23
CC001980,C10346,Signature,23200.0,13286.09,999,Active,2025-08-06
CC001981,C06484,Classic,67000.0,32257.89,0,Active,2022-07-16
CC001982,C03852,Platinum,38700.0,4814.97,2999,Active,2022-12-21
CC001983,C08790,Gold,34300.0,2707.59,1999,Active,2025-12-07
CC001984,C07690,Classic,83000.0,46777.69,0,Active,2022-03-13
CC001985,C09450,Signature,94900.0,21699.65,0,Active,2023-02-19
CC001986,C02589,Platinum,20000.0,2459.19,0,Active,2025-05-31
CC001987,C11318,Classic,30100.0,602.0,0,Active,2023-08-08
CC001988,C12448,Platinum,110500.0,35646.56,499,Active,2023-11-18
CC001989,C08117,Classic,52600.0,17390.88,499,Closed,2024-11-12
CC001990,C04211,Platinum,40200.0,19338.95,999,Active,2024-12-19
CC001991,C12432,Classic,20000.0,5864.72,499,Active,2024-03-06
CC001992,C08382,Platinum,36600.0,10399.79,999,Active,2022-08-31
CC001993,C04386,Gold,56200.0,29751.66,999,Active,2025-05-07
CC001994,C14866,Platinum,43200.0,17300.44,999,Active,2025-08-23
CC001995,C03678,Gold,51500.0,12962.76,499,Active,2025-02-08
CC001996,C12526,Classic,102700.0,21189.68,0,Active,2023-09-25
CC001997,C11584,Signature,78500.0,43627.55,0,Active,2022-01-21
CC001998,C11983,Signature,23900.0,5530.78,999,Active,2025-03-01
CC001999,C00882,Gold,76000.0,19525.71,0,Active,2024-01-14
CC002000,C07816,Gold,20000.0,4578.61,999,Active,2022-04-06
CC002001,C00996,Gold,122100.0,46781.83,1999,Active,2023-07-07
CC002002,C04664,Classic,89900.0,53683.07,499,Active,2024-05-19
CC002003,C10660,Classic,69000.0,37799.54,1999,Closed,2025-10-15
CC002004,C13932,Classic,26700.0,11605.48,0,Active,2024-03-19
CC002005,C04825,Gold,27200.0,7912.55,499,Active,2023-07-10
CC002006,C03734,Gold,54100.0,9953.78,1999,Active,2024-11-12
CC002007,C05900,Classic,24400.0,8002.94,0,Active,2025-06-26
CC002008,C05133,Classic,54600.0,20939.62,499,Active,2025-03-25
CC002009,C10331,Platinum,20000.0,5436.62,0,Active,2022-06-25
CC002010,C08429,Gold,81800.0,15800.0,999,Active,2022-07-29
CC002011,C08783,Gold,42300.0,6125.1,999,Active,2025-11-09
CC002012,C13723,Platinum,29200.0,10613.53,999,Active,2023-02-19
CC002013,C03866,Platinum,23500.0,6249.98,499,Active,2025-10-30
CC002014,C03850,Gold,108400.0,49866.5,0,Active,2023-06-06
CC002015,C12865,Classic,52200.0,17195.93,0,Active,2025-12-04
CC002016,C12328,Classic,36600.0,8039.29,499,Active,2025-01-24
CC002017,C09647,Classic,30600.0,15610.16,2999,Active,2023-05-25
CC002018,C03662,Classic,33400.0,3471.44,0,Active,2025-08-22
CC002019,C09343,Gold,71200.0,20464.06,499,Active,2022-07-23
CC002020,C11324,Classic,24600.0,7626.9,999,Active,2022-04-07
CC002021,C12266,Classic,72200.0,16149.22,999,Active,2022-06-17
CC002022,C02436,Gold,31800.0,7158.91,1999,Active,2024-05-22
CC002023,C03556,Classic,62900.0,23445.52,999,Active,2025-01-30
CC002024,C05201,Classic,140900.0,39818.49,499,Active,2023-03-19
CC002025,C00402,Platinum,20000.0,4658.5,0,Active,2023-03-16
CC002026,C12893,Classic,46500.0,28869.86,0,Active,2024-08-05
CC002027,C06922,Platinum,45200.0,18857.03,499,Active,2025-09-06
CC002028,C08813,Classic,52200.0,9668.22,499,Active,2025-01-13
CC002029,C03140,Gold,30200.0,5791.62,0,Active,2024-06-29
CC002030,C10603,Gold,34600.0,4742.44,0,Active,2022-01-31
CC002031,C14334,Platinum,35500.0,18890.85,999,Active,2025-11-11
CC002032,C11759,Gold,87700.0,17221.67,499,Active,2023-06-29
CC002033,C02699,Signature,47800.0,22876.34,999,Blocked,2025-06-17
CC002034,C05033,Gold,39700.0,12014.77,0,Active,2022-09-16
CC002035,C01024,Classic,39400.0,9511.44,999,Blocked,2023-12-05
CC002036,C14511,Signature,43200.0,11989.98,499,Active,2025-05-31
CC002037,C03376,Platinum,27800.0,12455.4,499,Active,2025-05-06
CC002038,C06927,Platinum,35600.0,7577.72,0,Active,2025-04-12
CC002039,C14369,Gold,20000.0,8096.34,0,Active,2024-01-31
CC002040,C13584,Platinum,34800.0,19767.52,499,Active,2025-04-23
CC002041,C14323,Gold,80400.0,40801.76,499,Active,2025-01-25
CC002042,C00429,Classic,48000.0,28442.51,0,Active,2023-12-07
CC002043,C13745,Signature,35300.0,8934.15,499,Active,2022-06-07
CC002044,C10388,Platinum,154200.0,31283.45,0,Active,2024-07-05
CC002045,C00051,Classic,23700.0,10744.0,1999,Active,2024-04-09
CC002046,C05823,Gold,52200.0,11949.58,1999,Active,2022-07-22
CC002047,C13358,Classic,35800.0,9553.44,499,Active,2022-06-06
CC002048,C12615,Gold,138600.0,67005.34,499,Active,2025-09-06
CC002049,C04146,Signature,20000.0,8427.82,999,Active,2023-01-12
CC002050,C04637,Signature,57200.0,21537.5,1999,Active,2022-11-03
CC002051,C09463,Platinum,117500.0,63702.47,0,Blocked,2025-09-10
CC002052,C04879,Classic,28000.0,10072.59,499,Active,2025-12-14
CC002053,C00832,Classic,94500.0,34062.99,999,Active,2022-04-01
CC002054,C12473,Gold,38100.0,9852.25,0,Active,2022-11-21
CC002055,C08773,Signature,30900.0,13654.21,1999,Active,2025-08-10
CC002056,C12989,Gold,33300.0,5872.66,999,Active,2022-10-26
CC002057,C02567,Platinum,20000.0,3958.14,0,Active,2025-04-03
CC002058,C01957,Platinum,30900.0,5784.16,1999,Active,2023-12-19
CC002059,C11618,Platinum,20000.0,5323.67,0,Closed,2023-09-26
CC002060,C12321,Classic,30200.0,23069.79,1999,Active,2024-05-23
CC002061,C10375,Classic,34600.0,12670.28,999,Active,2023-01-23
CC002062,C02762,Classic,118700.0,64773.35,0,Active,2023-08-22
CC002063,C09302,Classic,159600.0,58338.89,0,Active,2024-10-11
CC002064,C06251,Classic,58000.0,14006.23,1999,Closed,2025-05-08
CC002065,C09472,Classic,30300.0,2943.81,0,Active,2025-09-18
CC002066,C12044,Classic,36000.0,21325.15,999,Active,2023-02-04
CC002067,C10996,Classic,105000.0,31712.51,0,Active,2022-11-11
CC002068,C10705,Platinum,64200.0,31186.2,499,Active,2023-11-26
CC002069,C02996,Classic,97300.0,50408.38,1999,Active,2022-01-15
CC002070,C12003,Gold,20000.0,3067.89,999,Active,2025-11-16
CC002071,C13978,Classic,69200.0,7110.71,1999,Active,2022-08-07
CC002072,C05302,Classic,96100.0,17157.72,499,Active,2022-07-01
CC002073,C01239,Platinum,20000.0,12610.43,499,Active,2023-10-27
CC002074,C13107,Gold,20000.0,3778.84,999,Active,2022-09-30
CC002075,C06612,Classic,30200.0,9912.94,499,Blocked,2023-09-15
CC002076,C00977,Platinum,47300.0,10035.57,0,Active,2024-04-20
CC002077,C06254,Classic,49700.0,10639.33,1999,Closed,2023-12-14
CC002078,C05099,Classic,35800.0,10842.97,1999,Active,2022-12-04
CC002079,C04585,Platinum,76400.0,34509.52,1999,Active,2023-05-03
CC002080,C07580,Gold,52300.0,42468.92,499,Active,2025-07-21
CC002081,C03071,Gold,39300.0,19906.46,0,Active,2022-07-24
CC002082,C00148,Signature,66700.0,15042.35,999,Active,2023-08-31
CC002083,C04468,Gold,45500.0,10905.27,999,Active,2023-03-23
CC002084,C01388,Gold,20000.0,8863.77,2999,Active,2024-03-11
CC002085,C09088,Platinum,51700.0,26577.06,499,Closed,2024-09-02
CC002086,C04411,Platinum,33200.0,3601.84,999,Active,2023-12-17
CC002087,C08859,Gold,66900.0,26372.12,499,Active,2024-11-30
CC002088,C04246,Gold,69400.0,20293.1,999,Active,2024-03-07
CC002089,C06684,Classic,87000.0,7852.22,0,Active,2022-11-02
CC002090,C14253,Gold,26100.0,4801.12,2999,Active,2024-01-16
CC002091,C11501,Platinum,109300.0,28899.64,0,Active,2023-12-16
CC002092,C13751,Classic,62700.0,15477.71,499,Closed,2025-10-08
CC002093,C13251,Gold,27400.0,6955.13,499,Active,2022-08-22
CC002094,C13406,Classic,38100.0,1907.46,0,Active,2022-12-08
CC002095,C07594,Platinum,52400.0,2999.4,0,Active,2024-12-25
CC002096,C10687,Platinum,57200.0,17972.25,1999,Active,2025-04-23
CC002097,C07207,Platinum,27900.0,12000.47,499,Active,2024-04-28
CC002098,C07744,Classic,24400.0,4855.03,499,Active,2023-11-14
CC002099,C07271,Gold,81500.0,25890.89,0,Active,2023-09-18
CC002100,C08017,Gold,28700.0,5515.19,0,Active,2025-08-31
CC002101,C11272,Classic,63200.0,32510.15,1999,Active,2022-12-23
CC002102,C03532,Classic,51200.0,9606.58,499,Active,2022-11-08
CC002103,C14103,Gold,77900.0,3542.86,0,Active,2022-05-02
CC002104,C00861,Gold,239200.0,81372.57,2999,Active,2022-12-30
CC002105,C03963,Signature,39100.0,7421.75,999,Active,2023-02-25
CC002106,C14383,Platinum,57300.0,22078.3,0,Active,2024-03-11
CC002107,C08849,Platinum,129000.0,35231.3,499,Active,2024-07-25
CC002108,C10242,Gold,60200.0,16046.26,499,Active,2025-09-23
CC002109,C00687,Platinum,81900.0,21239.81,499,Active,2022-01-05
CC002110,C07228,Classic,76600.0,26180.9,999,Active,2023-03-11
CC002111,C06020,Classic,120700.0,29354.01,0,Closed,2025-01-04
CC002112,C00920,Classic,83800.0,27842.12,999,Active,2025-01-24
CC002113,C04148,Gold,120200.0,10535.35,499,Active,2024-11-14
CC002114,C11571,Platinum,20000.0,2118.42,999,Active,2023-10-27
CC002115,C11849,Gold,25300.0,12900.21,0,Active,2022-03-10
CC002116,C04240,Platinum,60400.0,9350.64,0,Active,2022-05-01
CC002117,C11526,Gold,89500.0,17377.64,999,Active,2025-08-21
CC002118,C12558,Classic,40500.0,7334.64,999,Active,2024-02-20
CC002119,C02536,Classic,20000.0,9465.95,999,Active,2024-03-12
CC002120,C02573,Gold,48500.0,20475.56,499,Blocked,2023-09-29
CC002121,C06613,Classic,66800.0,28225.5,0,Active,2022-12-03
CC002122,C03740,Gold,27700.0,13904.03,499,Active,2025-02-16
CC002123,C13841,Classic,36000.0,13522.12,0,Active,2023-10-10
CC002124,C03689,Classic,23800.0,2980.28,0,Active,2025-01-03
CC002125,C02156,Platinum,118000.0,31016.1,0,Active,2023-08-28
CC002126,C08940,Platinum,77800.0,11261.46,0,Blocked,2023-02-08
CC002127,C11425,Platinum,23500.0,1613.85,999,Active,2024-12-25
CC002128,C01523,Gold,49900.0,3445.26,499,Active,2025-08-29
CC002129,C00414,Gold,62800.0,19359.93,1999,Active,2024-12-05
CC002130,C03589,Platinum,39800.0,19420.72,0,Closed,2024-12-11
CC002131,C02163,Gold,103700.0,63168.92,0,Active,2023-03-13
CC002132,C04535,Classic,83600.0,34606.77,499,Active,2023-04-11
CC002133,C02911,Platinum,179300.0,23705.51,999,Active,2024-05-10
CC002134,C06806,Classic,107700.0,29127.37,999,Closed,2023-12-04
CC002135,C13580,Gold,24300.0,5297.64,999,Active,2025-04-28
CC002136,C11593,Gold,46100.0,6561.95,999,Active,2025-08-21
CC002137,C07069,Gold,115600.0,59205.85,0,Active,2023-07-27
CC002138,C02326,Gold,56800.0,37007.13,999,Active,2023-11-13
CC002139,C02807,Platinum,74800.0,6573.1,1999,Active,2025-12-18
CC002140,C00396,Signature,164600.0,66349.59,999,Active,2025-12-11
CC002141,C05309,Platinum,53300.0,20296.42,2999,Active,2025-07-26
CC002142,C08717,Platinum,57200.0,9219.0,999,Active,2023-12-16
CC002143,C05525,Platinum,98600.0,18577.85,499,Active,2024-09-15
CC002144,C11786,Signature,20000.0,13258.16,0,Active,2022-07-24
CC002145,C01967,Platinum,35800.0,6906.32,999,Blocked,2023-07-10
CC002146,C13641,Classic,42700.0,17188.76,0,Active,2022-08-14
CC002147,C00646,Gold,41700.0,25941.46,2999,Active,2023-03-08
CC002148,C03922,Platinum,54600.0,17504.74,0,Active,2022-07-14
CC002149,C03958,Classic,53800.0,8890.2,0,Active,2024-03-18
CC002150,C04901,Gold,20000.0,10444.81,999,Active,2022-01-11
CC002151,C03405,Gold,20000.0,3892.27,1999,Active,2022-06-29
CC002152,C07730,Gold,31700.0,18509.35,0,Active,2023-08-03
CC002153,C03123,Classic,62600.0,10609.69,0,Active,2022-03-24
CC002154,C08435,Gold,20000.0,2992.76,499,Active,2023-09-04
CC002155,C02451,Classic,20000.0,11753.77,999,Blocked,2025-04-27
CC002156,C09462,Classic,60700.0,36773.69,999,Active,2025-12-23
CC002157,C13495,Classic,27600.0,7543.64,0,Active,2025-11-24
CC002158,C03493,Platinum,53900.0,14561.98,2999,Active,2025-02-13
CC002159,C02082,Gold,137600.0,20218.42,0,Active,2024-02-24
CC002160,C10122,Gold,153100.0,57672.74,499,Active,2024-04-15
CC002161,C09997,Platinum,58300.0,25324.03,0,Active,2023-08-25
CC002162,C13670,Gold,95200.0,19035.75,1999,Active,2022-11-20
CC002163,C03238,Gold,23200.0,8585.94,1999,Active,2025-02-03
CC002164,C14578,Classic,21400.0,2793.42,1999,Active,2023-03-06
CC002165,C04718,Platinum,53000.0,9870.11,499,Active,2025-11-21
CC002166,C01815,Classic,50000.0,29703.78,499,Active,2022-12-07
CC002167,C00981,Classic,29900.0,10243.25,999,Active,2023-02-02
CC002168,C06045,Gold,20000.0,3660.26,999,Active,2025-06-08
CC002169,C07529,Gold,20000.0,9182.91,499,Active,2025-01-13
CC002170,C07332,Platinum,69800.0,30710.78,499,Active,2023-01-14
CC002171,C09578,Classic,23600.0,4334.73,499,Active,2024-11-06
CC002172,C09323,Platinum,99000.0,13905.28,999,Active,2024-05-07
CC002173,C07248,Gold,56500.0,21766.35,0,Active,2025-01-02
CC002174,C06913,Platinum,33000.0,13506.77,0,Closed,2022-07-22
CC002175,C03128,Signature,44200.0,11779.91,1999,Active,2024-03-16
CC002176,C11669,Classic,57700.0,19648.4,1999,Active,2025-03-02
CC002177,C01632,Platinum,20000.0,6326.22,999,Active,2024-11-02
CC002178,C11182,Classic,28200.0,13307.69,2999,Active,2025-02-20
CC002179,C13106,Classic,33800.0,7745.26,499,Active,2025-10-29
CC002180,C01238,Gold,78300.0,46972.98,999,Active,2022-09-29
CC002181,C03875,Classic,232000.0,108538.9,0,Active,2024-03-15
CC002182,C10286,Classic,86100.0,45077.43,1999,Active,2022-05-28
CC002183,C14040,Classic,65900.0,12730.99,0,Active,2025-12-27
CC002184,C00403,Gold,38200.0,9585.18,0,Active,2022-08-17
CC002185,C12059,Classic,42000.0,8638.39,0,Active,2024-04-19
CC002186,C05335,Classic,61700.0,12880.3,499,Active,2025-09-25
CC002187,C10596,Gold,74000.0,32242.84,0,Active,2022-06-10
CC002188,C14680,Classic,56900.0,34412.22,0,Active,2022-11-10
CC002189,C13370,Signature,40200.0,10473.17,0,Active,2022-12-03
CC002190,C10418,Classic,78600.0,24602.25,0,Blocked,2022-03-28
CC002191,C06435,Platinum,26700.0,2817.27,0,Active,2025-06-24
CC002192,C09112,Classic,21500.0,641.05,999,Active,2025-02-15
CC002193,C02458,Platinum,53200.0,17334.02,499,Active,2025-01-21
CC002194,C02841,Classic,20000.0,4321.58,499,Active,2025-09-12
CC002195,C05984,Classic,41500.0,18493.26,0,Active,2023-02-01
CC002196,C00294,Classic,102000.0,7620.58,999,Closed,2023-03-02
CC002197,C01750,Platinum,51700.0,22107.46,0,Active,2023-07-23
CC002198,C14866,Classic,42500.0,24002.46,0,Active,2023-02-27
CC002199,C05310,Gold,38300.0,10418.48,1999,Active,2024-11-20
CC002200,C05415,Gold,31300.0,13652.92,0,Active,2022-09-07
CC002201,C06032,Gold,58600.0,22508.08,499,Active,2022-07-30
CC002202,C03490,Gold,73500.0,13325.49,1999,Active,2025-07-21
CC002203,C03478,Signature,20000.0,7432.68,999,Active,2024-02-17
CC002204,C03708,Classic,51900.0,9471.79,0,Active,2024-09-16
CC002205,C04852,Classic,30900.0,16693.68,0,Active,2025-01-03
CC002206,C03145,Gold,20000.0,3750.96,0,Active,2022-01-24
CC002207,C12668,Classic,81900.0,32646.97,1999,Active,2022-07-28
CC002208,C06771,Gold,105500.0,54057.16,1999,Active,2024-04-30
CC002209,C04324,Classic,56800.0,10496.87,0,Closed,2023-01-25
CC002210,C09282,Classic,100400.0,25757.33,2999,Active,2022-02-10
CC002211,C07016,Platinum,22200.0,3681.59,499,Active,2023-03-21
CC002212,C13233,Classic,34700.0,17519.43,999,Active,2023-09-08
CC002213,C08262,Platinum,34300.0,5887.1,499,Active,2022-10-23
CC002214,C11400,Classic,83900.0,47000.23,0,Active,2022-10-06
CC002215,C14734,Signature,58300.0,8717.14,0,Closed,2023-10-25
CC002216,C05261,Classic,57900.0,7988.71,1999,Blocked,2023-09-15
CC002217,C06859,Gold,55700.0,28473.56,0,Active,2022-07-20
CC002218,C02726,Classic,22300.0,5072.47,0,Active,2024-11-16
CC002219,C11185,Classic,130200.0,34013.1,0,Active,2024-12-20
CC002220,C06736,Platinum,68700.0,40336.46,999,Active,2024-03-15
CC002221,C14988,Platinum,20000.0,4342.98,499,Active,2024-09-29
CC002222,C08777,Platinum,20000.0,670.37,1999,Active,2022-06-09
CC002223,C07924,Signature,38600.0,15390.37,999,Closed,2025-07-18
CC002224,C08088,Gold,27100.0,3690.08,0,Active,2023-11-17
CC002225,C09589,Classic,53500.0,18609.6,0,Active,2022-12-25
CC002226,C02074,Platinum,20000.0,7004.52,0,Active,2025-07-31
CC002227,C03591,Classic,35300.0,4734.65,1999,Active,2022-09-22
CC002228,C06974,Gold,20000.0,2969.76,499,Active,2024-01-16
CC002229,C10196,Gold,43400.0,7883.5,0,Active,2024-12-23
CC002230,C14943,Signature,84600.0,42856.77,0,Active,2025-08-24
CC002231,C10102,Platinum,146300.0,16011.39,1999,Active,2022-02-03
CC002232,C07690,Signature,20000.0,6825.47,0,Active,2023-09-23
CC002233,C07643,Gold,51500.0,19717.99,999,Active,2022-08-16
CC002234,C07597,Classic,50400.0,2827.48,1999,Active,2022-05-25
CC002235,C10399,Classic,56300.0,31760.8,999,Active,2024-09-08
CC002236,C10028,Gold,70600.0,19359.46,1999,Active,2025-07-25
CC002237,C07892,Signature,33300.0,6657.67,499,Active,2024-11-22
CC002238,C13002,Signature,55200.0,28232.17,1999,Active,2024-06-02
CC002239,C05173,Gold,76000.0,31173.05,999,Active,2025-05-15
CC002240,C05952,Classic,95400.0,43483.2,999,Active,2023-11-15
CC002241,C10967,Platinum,70100.0,47109.12,499,Active,2022-07-15
CC002242,C13510,Platinum,99600.0,43064.94,0,Active,2024-04-19
CC002243,C10500,Classic,20000.0,8733.59,0,Active,2024-05-22
CC002244,C05229,Platinum,23700.0,4460.37,499,Active,2025-12-21
CC002245,C12994,Classic,29800.0,8825.42,999,Active,2025-04-08
CC002246,C01865,Classic,38800.0,5110.03,999,Active,2024-04-02
CC002247,C02932,Signature,20000.0,10110.69,0,Active,2024-12-28
CC002248,C09231,Signature,20700.0,8916.57,999,Active,2024-12-17
CC002249,C01332,Platinum,89200.0,26112.31,1999,Active,2025-08-15
CC002250,C00542,Gold,25400.0,13656.41,0,Active,2023-06-11
CC002251,C09830,Classic,71700.0,28535.41,499,Active,2022-10-17
CC002252,C05067,Signature,68900.0,11593.48,999,Active,2023-02-27
CC002253,C05216,Gold,99600.0,42729.09,0,Active,2023-06-19
CC002254,C12520,Platinum,20000.0,12019.07,0,Active,2023-09-05
CC002255,C09405,Classic,72000.0,13989.49,999,Active,2025-09-10
CC002256,C06166,Classic,82800.0,25593.3,499,Active,2022-02-10
CC002257,C06429,Gold,57700.0,13361.42,0,Active,2025-07-26
CC002258,C07362,Classic,86100.0,34443.83,2999,Active,2022-08-05
CC002259,C08086,Classic,64500.0,27967.85,0,Active,2023-03-16
CC002260,C08446,Platinum,55000.0,1100.0,0,Active,2022-08-14
CC002261,C04493,Gold,36400.0,10233.67,1999,Active,2025-02-17
CC002262,C12466,Classic,55800.0,32943.4,0,Active,2022-07-19
CC002263,C01817,Gold,67100.0,30215.32,499,Active,2023-02-22
CC002264,C14650,Classic,40300.0,3712.69,0,Active,2024-01-18
CC002265,C10774,Platinum,20000.0,3392.26,0,Active,2023-06-07
CC002266,C03780,Classic,50500.0,17591.88,0,Active,2025-06-05
CC002267,C00009,Classic,41800.0,16870.1,0,Active,2023-08-27
CC002268,C14766,Classic,62300.0,20232.21,1999,Active,2023-11-16
CC002269,C14240,Platinum,104200.0,55641.79,2999,Active,2025-05-30
CC002270,C06120,Platinum,63500.0,11788.71,0,Active,2022-11-01
CC002271,C14300,Signature,23300.0,10423.53,499,Active,2025-09-17
CC002272,C05170,Classic,34500.0,11040.72,0,Active,2022-03-23
CC002273,C01511,Classic,42600.0,15974.51,0,Active,2025-02-21
CC002274,C14341,Gold,39300.0,13622.66,999,Active,2023-05-03
CC002275,C13347,Gold,70200.0,26401.86,0,Active,2023-04-12
CC002276,C13827,Gold,71000.0,7926.95,499,Active,2022-07-28
CC002277,C03486,Classic,88000.0,12587.41,499,Active,2024-09-25
CC002278,C14546,Gold,75900.0,38513.83,1999,Active,2023-06-21
CC002279,C11931,Classic,26300.0,13543.32,1999,Active,2024-06-16
CC002280,C01656,Signature,21200.0,8433.48,0,Active,2025-06-04
CC002281,C06101,Classic,75500.0,21326.33,0,Active,2025-08-15
CC002282,C11652,Platinum,68600.0,13815.29,499,Active,2023-09-26
CC002283,C09292,Classic,20000.0,4659.67,499,Active,2025-01-24
CC002284,C10628,Classic,40100.0,5345.99,999,Active,2025-12-18
CC002285,C02201,Platinum,31200.0,4568.93,0,Active,2025-06-15
CC002286,C06852,Platinum,20000.0,9317.51,0,Active,2025-11-02
CC002287,C03342,Gold,44900.0,29665.06,1999,Active,2025-04-06
CC002288,C13593,Platinum,79000.0,5847.28,0,Active,2022-12-27
CC002289,C12886,Platinum,38900.0,10495.69,0,Active,2022-10-09
CC002290,C00002,Signature,68500.0,13366.01,1999,Active,2025-10-22
CC002291,C05391,Classic,59700.0,13637.22,499,Active,2022-12-12
CC002292,C02293,Classic,31400.0,14026.99,2999,Blocked,2024-03-06
CC002293,C10474,Signature,41400.0,17771.71,0,Active,2024-05-14
CC002294,C11138,Gold,42200.0,14692.7,0,Active,2025-05-09
CC002295,C06565,Classic,37200.0,6817.37,1999,Active,2023-07-05
CC002296,C08448,Signature,72500.0,17115.16,2999,Active,2024-10-06
CC002297,C07376,Gold,44900.0,30028.74,0,Active,2025-04-25
CC002298,C13372,Signature,22800.0,2681.68,1999,Active,2023-02-17
CC002299,C04800,Classic,37300.0,7131.09,499,Closed,2022-07-01
CC002300,C08048,Classic,77000.0,11248.37,999,Active,2025-09-19
CC002301,C04205,Classic,20000.0,1951.58,499,Active,2024-06-24
CC002302,C10862,Classic,83100.0,47614.17,0,Active,2025-02-05
CC002303,C03455,Signature,118100.0,36512.57,999,Active,2025-11-14
CC002304,C09197,Platinum,50700.0,14634.27,999,Active,2022-11-13
CC002305,C05332,Platinum,32700.0,4877.37,499,Active,2024-04-03
CC002306,C06480,Platinum,79100.0,6283.54,499,Active,2023-08-05
CC002307,C00852,Classic,49100.0,7952.28,0,Active,2024-01-26
CC002308,C09399,Platinum,31600.0,12389.46,0,Active,2025-12-10
CC002309,C12000,Platinum,65900.0,13067.14,499,Active,2023-12-01
CC002310,C07114,Gold,58300.0,18251.61,499,Active,2025-12-08
CC002311,C13577,Classic,20000.0,8918.68,1999,Active,2023-12-06
CC002312,C03944,Classic,74400.0,54218.53,999,Active,2024-06-16
CC002313,C12596,Gold,113800.0,26133.07,999,Active,2024-02-06
CC002314,C00983,Gold,20000.0,5659.47,2999,Active,2024-04-12
CC002315,C09341,Platinum,38100.0,7818.33,999,Active,2022-12-13
CC002316,C02694,Gold,20000.0,1680.24,499,Closed,2023-09-20
CC002317,C04583,Classic,20000.0,7977.58,499,Active,2024-09-26
CC002318,C05373,Platinum,49100.0,10079.57,499,Active,2023-09-12
CC002319,C14234,Gold,20000.0,8963.51,999,Closed,2024-12-26
CC002320,C07157,Gold,60800.0,17083.72,0,Closed,2025-02-14
CC002321,C03648,Platinum,35500.0,14015.11,1999,Closed,2023-10-02
CC002322,C03839,Classic,29200.0,4112.32,499,Active,2023-05-29
CC002323,C07811,Signature,26000.0,6513.02,0,Active,2022-12-04
CC002324,C02411,Classic,116900.0,7904.03,999,Active,2023-09-05
CC002325,C01909,Signature,20000.0,9257.81,0,Closed,2022-09-20
CC002326,C09168,Platinum,150900.0,43354.6,0,Active,2025-08-09
CC002327,C09455,Signature,116000.0,10210.95,499,Active,2023-06-21
CC002328,C10049,Classic,62100.0,25726.0,0,Active,2022-12-14
CC002329,C10688,Platinum,72300.0,7801.97,499,Active,2023-04-05
CC002330,C09392,Platinum,20000.0,1131.76,0,Active,2025-05-26
CC002331,C04634,Gold,57600.0,15743.79,0,Active,2025-07-24
CC002332,C04634,Classic,38600.0,8553.71,999,Active,2024-07-12
CC002333,C13560,Classic,57200.0,39093.45,0,Active,2024-11-25
CC002334,C01302,Gold,28700.0,8003.32,499,Active,2024-07-21
CC002335,C09470,Gold,28900.0,12992.92,999,Active,2023-01-11
CC002336,C12555,Classic,85100.0,20475.95,0,Active,2024-05-29
CC002337,C01521,Signature,42800.0,9963.23,0,Active,2022-11-02
CC002338,C02574,Classic,55400.0,2823.42,1999,Closed,2022-04-21
CC002339,C02885,Gold,20000.0,1629.57,0,Active,2025-09-09
CC002340,C07906,Classic,67100.0,16981.09,1999,Active,2024-08-16
CC002341,C13607,Classic,102600.0,49850.67,1999,Active,2025-01-11
CC002342,C02378,Gold,45600.0,17144.49,0,Active,2024-03-25
CC002343,C06117,Classic,117400.0,63001.77,499,Active,2025-01-08
CC002344,C01049,Gold,119000.0,36032.47,0,Active,2024-02-18
CC002345,C09541,Signature,73400.0,17495.87,499,Closed,2022-04-23
CC002346,C02491,Platinum,68200.0,20680.6,1999,Active,2022-05-01
CC002347,C07349,Platinum,21000.0,6291.02,499,Active,2025-11-03
CC002348,C03452,Classic,38300.0,4786.04,499,Active,2025-01-27
CC002349,C00165,Platinum,50000.0,32775.92,999,Active,2022-05-01
CC002350,C07514,Classic,100700.0,15774.83,0,Active,2022-01-13
CC002351,C05684,Classic,20000.0,7441.99,0,Closed,2024-04-12
CC002352,C13044,Gold,68700.0,31794.48,0,Active,2023-05-05
CC002353,C01543,Classic,37100.0,11055.44,999,Active,2025-01-08
CC002354,C04683,Gold,96000.0,27765.18,499,Active,2024-08-27
CC002355,C14084,Classic,66700.0,30210.6,1999,Active,2024-10-10
CC002356,C07524,Platinum,84800.0,16903.3,0,Active,2022-02-06
CC002357,C11272,Platinum,60800.0,9130.38,999,Active,2024-11-18
CC002358,C12483,Signature,20200.0,6075.54,999,Active,2025-01-06
CC002359,C03641,Gold,20300.0,7773.35,0,Active,2025-04-19
CC002360,C03193,Classic,20000.0,2070.24,499,Active,2024-04-10
CC002361,C10969,Classic,43000.0,7927.73,1999,Active,2025-01-18
CC002362,C08764,Gold,111100.0,71168.2,499,Active,2023-05-22
CC002363,C08035,Gold,86700.0,16120.95,1999,Active,2023-02-11
CC002364,C06310,Platinum,50900.0,23872.26,499,Active,2025-09-10
CC002365,C03414,Platinum,59100.0,17998.63,0,Active,2022-06-04
CC002366,C04115,Platinum,147800.0,69032.59,2999,Active,2025-01-13
CC002367,C03742,Gold,29300.0,868.06,499,Active,2025-06-01
CC002368,C09182,Classic,20000.0,5276.39,1999,Blocked,2025-02-05
CC002369,C13724,Gold,76900.0,1538.0,499,Active,2023-01-10
CC002370,C08462,Classic,86800.0,19118.35,499,Active,2023-01-15
CC002371,C03620,Classic,30900.0,10877.25,0,Active,2024-06-17
CC002372,C06529,Platinum,20800.0,6599.47,0,Active,2022-06-25
CC002373,C11308,Gold,46000.0,6700.31,1999,Active,2025-05-25
CC002374,C01770,Platinum,48300.0,17601.15,999,Active,2024-07-27
CC002375,C04837,Gold,91100.0,21094.04,999,Active,2023-07-30
CC002376,C00580,Platinum,22300.0,1817.33,499,Active,2025-12-08
CC002377,C00191,Classic,32900.0,12522.98,999,Active,2024-09-16
CC002378,C09035,Classic,32700.0,8585.71,0,Active,2025-10-03
CC002379,C05314,Platinum,52100.0,3649.71,999,Active,2024-06-08
CC002380,C05851,Classic,67400.0,7363.75,0,Active,2023-02-05
CC002381,C01186,Gold,58100.0,21578.94,999,Active,2025-10-15
CC002382,C13441,Gold,39800.0,11266.82,499,Active,2024-11-21
CC002383,C10892,Gold,39500.0,6903.17,499,Active,2022-02-18
CC002384,C12201,Classic,142500.0,78018.39,499,Active,2022-02-25
CC002385,C10696,Gold,26300.0,7553.87,499,Active,2025-02-13
CC002386,C06286,Classic,44600.0,23369.3,0,Active,2022-01-02
CC002387,C05271,Signature,20000.0,786.09,1999,Active,2022-04-28
CC002388,C02913,Platinum,31100.0,9990.21,0,Active,2025-07-24
CC002389,C10547,Classic,41700.0,14750.38,1999,Active,2025-12-28
CC002390,C12966,Signature,32800.0,14725.58,499,Blocked,2022-04-18
CC002391,C03846,Classic,61100.0,15148.15,499,Active,2023-10-17
CC002392,C14441,Platinum,93800.0,39036.94,999,Active,2024-07-06
CC002393,C01740,Classic,20000.0,11202.74,0,Active,2025-01-25
CC002394,C12394,Signature,141000.0,31139.91,499,Closed,2023-02-17
CC002395,C09025,Platinum,95500.0,8156.35,0,Active,2023-03-07
CC002396,C09309,Gold,33400.0,4540.55,499,Active,2025-09-08
CC002397,C05917,Gold,33100.0,16609.93,0,Closed,2025-04-23
CC002398,C02940,Classic,39300.0,6321.41,499,Active,2025-07-31
CC002399,C06751,Platinum,130500.0,30846.9,1999,Active,2022-05-04
CC002400,C05858,Classic,20000.0,6502.69,1999,Active,2025-09-26
CC002401,C00246,Platinum,27400.0,3970.44,499,Active,2025-11-24
CC002402,C14962,Gold,36500.0,16563.06,1999,Active,2025-06-26
CC002403,C11582,Gold,43900.0,12794.09,499,Active,2022-01-30
CC002404,C05397,Platinum,39500.0,12112.23,499,Active,2023-01-20
CC002405,C13932,Classic,26000.0,11007.36,999,Active,2024-08-25
CC002406,C01368,Gold,37400.0,18785.69,0,Active,2023-04-12
CC002407,C06621,Classic,20000.0,10491.03,999,Active,2024-07-13
CC002408,C14093,Classic,69800.0,30339.68,0,Active,2025-10-06
CC002409,C05975,Classic,86900.0,16323.88,0,Active,2024-11-23
CC002410,C09335,Gold,50300.0,4647.04,499,Active,2024-03-09
CC002411,C09703,Gold,101400.0,30482.94,499,Active,2025-01-03
CC002412,C00034,Classic,44800.0,16600.04,2999,Active,2025-10-29
CC002413,C03651,Classic,32900.0,11168.04,1999,Active,2025-10-09
CC002414,C05628,Classic,54100.0,20329.18,499,Active,2022-12-25
CC002415,C14627,Classic,44000.0,26574.1,1999,Blocked,2025-02-18
CC002416,C05714,Platinum,96800.0,18856.1,2999,Active,2023-05-21
CC002417,C14512,Classic,60900.0,33548.3,0,Active,2024-05-03
CC002418,C10381,Classic,27500.0,22347.42,499,Closed,2022-12-14
CC002419,C12001,Gold,23700.0,12438.11,0,Active,2025-08-16
CC002420,C04967,Classic,31300.0,8190.99,999,Active,2023-09-15
CC002421,C02429,Signature,83500.0,10445.31,0,Active,2024-07-04
CC002422,C00193,Gold,38200.0,19514.65,499,Active,2022-07-11
CC002423,C13807,Platinum,23900.0,9035.65,999,Blocked,2023-11-08
CC002424,C03522,Platinum,28700.0,8231.79,0,Active,2025-02-21
CC002425,C10632,Gold,230800.0,95415.51,999,Active,2023-09-25
CC002426,C06553,Platinum,26200.0,5379.07,0,Active,2022-05-05
CC002427,C09780,Platinum,33300.0,13166.8,0,Active,2023-01-29
CC002428,C12619,Classic,37000.0,13476.11,499,Active,2022-09-29
CC002429,C05841,Gold,88500.0,27663.63,1999,Active,2023-02-14
CC002430,C10143,Classic,63400.0,21049.35,0,Active,2022-11-27
CC002431,C01140,Platinum,20000.0,3292.06,999,Active,2024-07-10
CC002432,C02306,Signature,20000.0,4399.47,0,Active,2022-10-18
CC002433,C14900,Classic,20000.0,5764.16,499,Active,2022-05-19
CC002434,C07977,Platinum,20000.0,2187.23,1999,Active,2023-03-11
CC002435,C14710,Classic,80600.0,9253.2,999,Active,2022-08-31
CC002436,C13173,Platinum,53700.0,1893.38,499,Active,2023-11-10
CC002437,C05263,Signature,34200.0,12249.29,999,Active,2023-11-16
CC002438,C14367,Signature,20000.0,3455.75,0,Active,2024-09-09
CC002439,C01593,Gold,78600.0,19266.01,1999,Closed,2023-01-28
CC002440,C03403,Gold,76700.0,37950.65,0,Active,2022-03-14
CC002441,C13406,Classic,227400.0,31103.18,499,Active,2023-11-09
CC002442,C14190,Gold,132200.0,27892.82,999,Active,2024-10-07
CC002443,C08414,Signature,34700.0,10508.29,499,Active,2022-03-22
CC002444,C06053,Classic,66300.0,17114.65,499,Active,2025-08-25
CC002445,C14416,Gold,33000.0,19491.21,0,Active,2022-05-20
CC002446,C06488,Platinum,65100.0,22231.56,999,Active,2025-03-26
CC002447,C04042,Classic,53100.0,15426.33,499,Active,2024-04-09
CC002448,C14814,Classic,108700.0,14757.09,499,Blocked,2025-05-29
CC002449,C10241,Gold,60500.0,6763.65,999,Active,2025-05-29
CC002450,C05452,Signature,66300.0,14354.48,999,Active,2023-12-25
CC002451,C08546,Classic,30500.0,11589.06,0,Active,2024-04-19
CC002452,C06749,Gold,24900.0,9560.54,0,Active,2024-12-09
CC002453,C03462,Platinum,41200.0,2020.47,499,Active,2022-07-19
CC002454,C11854,Classic,51800.0,16961.3,0,Active,2025-12-28
CC002455,C00698,Classic,152400.0,94939.05,999,Active,2025-08-07
CC002456,C10958,Classic,22100.0,10775.55,499,Active,2023-11-04
CC002457,C10817,Platinum,42300.0,11027.85,0,Active,2022-01-21
CC002458,C00507,Gold,36200.0,14132.21,0,Active,2022-11-24
CC002459,C00540,Classic,20000.0,13766.03,0,Active,2025-03-11
CC002460,C02359,Gold,57000.0,11877.6,0,Active,2024-07-25
CC002461,C09377,Classic,33200.0,4955.18,1999,Active,2022-10-07
CC002462,C12732,Gold,76200.0,12887.18,2999,Active,2025-10-13
CC002463,C14033,Gold,89000.0,19351.47,499,Active,2022-08-11
CC002464,C00123,Gold,28600.0,17138.97,0,Active,2023-05-24
CC002465,C12544,Signature,203700.0,114088.3,499,Blocked,2024-02-06
CC002466,C02478,Platinum,35700.0,11792.11,999,Active,2022-01-04
CC002467,C12699,Platinum,98000.0,16144.61,499,Active,2024-03-07
CC002468,C07793,Classic,76200.0,26710.4,1999,Blocked,2022-01-10
CC002469,C05284,Platinum,40600.0,13158.29,0,Active,2023-11-10
CC002470,C07532,Gold,23800.0,2174.25,1999,Active,2025-05-15
CC002471,C06133,Platinum,32100.0,8021.09,0,Active,2023-01-12
CC002472,C01252,Gold,88400.0,23496.13,999,Blocked,2025-04-29
CC002473,C02585,Classic,109500.0,11699.12,499,Active,2024-05-07
CC002474,C11662,Classic,139500.0,32750.77,499,Closed,2024-05-21
CC002475,C11894,Gold,55900.0,10324.49,499,Active,2022-10-14
CC002476,C09948,Classic,48700.0,10629.42,0,Active,2025-12-19
CC002477,C06861,Platinum,57400.0,35372.37,0,Active,2023-12-30
CC002478,C14020,Signature,20000.0,6984.14,0,Active,2025-10-13
CC002479,C02394,Gold,54200.0,29621.59,2999,Closed,2023-01-23
CC002480,C13980,Platinum,84200.0,34933.87,2999,Active,2023-01-30
CC002481,C05360,Platinum,91000.0,48754.27,999,Active,2022-07-23
CC002482,C03845,Platinum,27000.0,16440.75,999,Active,2023-04-14
CC002483,C00192,Classic,20000.0,5338.79,499,Active,2024-09-26
CC002484,C01104,Platinum,34500.0,21807.64,499,Active,2025-07-30
CC002485,C09402,Classic,56900.0,8906.51,0,Active,2022-08-26
CC002486,C03830,Gold,52200.0,12550.98,999,Active,2022-07-16
CC002487,C13453,Classic,42300.0,35763.8,0,Active,2024-03-04
CC002488,C05221,Gold,23900.0,5309.53,0,Active,2023-10-28
CC002489,C09984,Classic,35800.0,7469.25,0,Active,2024-07-20
CC002490,C02138,Gold,20000.0,8464.85,1999,Active,2023-11-24
CC002491,C01076,Platinum,56100.0,24593.53,999,Active,2025-09-06
CC002492,C09778,Signature,35600.0,13275.96,0,Active,2023-01-03
CC002493,C14359,Platinum,20000.0,12581.62,0,Active,2022-01-14
CC002494,C13493,Gold,44000.0,17789.86,0,Active,2023-09-05
CC002495,C05975,Gold,39200.0,4992.46,499,Active,2025-11-07
CC002496,C12031,Platinum,41900.0,18509.33,1999,Active,2025-11-03
CC002497,C12819,Gold,87700.0,30184.86,999,Active,2025-10-18
CC002498,C01451,Signature,26500.0,2181.57,1999,Active,2022-10-20
CC002499,C11620,Gold,40400.0,9362.59,0,Active,2024-05-10
CC002500,C05458,Gold,74300.0,33893.42,999,Active,2023-09-05
CC002501,C03442,Platinum,66200.0,10676.76,499,Active,2025-03-23
CC002502,C01262,Gold,83700.0,24078.4,499,Active,2023-06-25
CC002503,C11800,Classic,51100.0,13484.82,499,Active,2022-10-23
CC002504,C14636,Gold,158100.0,76478.06,499,Blocked,2025-02-21
CC002505,C03057,Classic,26600.0,11601.04,499,Active,2025-11-25
CC002506,C10424,Gold,49100.0,17081.07,0,Active,2022-01-29
CC002507,C13408,Signature,28200.0,4656.31,0,Active,2022-12-20
CC002508,C12355,Gold,25000.0,9943.64,499,Active,2022-04-06
CC002509,C00389,Gold,116900.0,19845.92,0,Active,2024-04-11
CC002510,C06408,Platinum,68900.0,14468.72,499,Active,2025-12-25
CC002511,C14763,Platinum,129100.0,46678.75,0,Active,2024-07-11
CC002512,C02383,Classic,53500.0,15945.54,0,Active,2025-09-23
CC002513,C09787,Classic,54400.0,6991.63,999,Active,2022-03-18
CC002514,C13124,Classic,33500.0,9323.33,1999,Active,2025-08-13
CC002515,C07561,Platinum,20000.0,6311.86,499,Closed,2022-01-20
CC002516,C14625,Platinum,40900.0,10452.28,0,Active,2023-04-01
CC002517,C05005,Gold,49700.0,8270.28,999,Active,2023-09-05
CC002518,C10492,Classic,73600.0,14255.0,499,Active,2023-03-14
CC002519,C08388,Gold,37900.0,9666.9,499,Active,2024-11-26
CC002520,C14673,Classic,20000.0,1723.12,999,Active,2023-09-09
CC002521,C12740,Gold,217900.0,106722.61,999,Active,2024-10-17
CC002522,C05997,Platinum,22100.0,9429.94,1999,Active,2023-01-02
CC002523,C07582,Gold,26500.0,4454.93,499,Active,2024-10-12
CC002524,C06068,Signature,26900.0,6369.62,499,Active,2024-04-22
CC002525,C04564,Gold,21300.0,1392.85,1999,Active,2023-03-30
CC002526,C05825,Classic,64600.0,30809.88,0,Active,2024-12-07
CC002527,C09000,Classic,69500.0,27806.45,999,Active,2022-03-10
CC002528,C00223,Signature,34400.0,10476.27,1999,Active,2025-04-23
CC002529,C03305,Platinum,58800.0,5278.66,0,Active,2023-02-08
CC002530,C12951,Gold,116700.0,40808.38,1999,Active,2024-07-31
CC002531,C02410,Classic,127200.0,38326.16,0,Active,2024-04-28
CC002532,C00986,Gold,51300.0,21244.93,999,Active,2024-10-01
CC002533,C14999,Classic,68300.0,11877.98,999,Active,2022-12-03
CC002534,C01894,Gold,21900.0,5472.34,0,Active,2022-09-23
CC002535,C11083,Signature,20100.0,7456.96,999,Active,2023-09-16
CC002536,C00112,Platinum,43900.0,15322.13,1999,Active,2023-06-17
CC002537,C11388,Gold,20000.0,14398.5,0,Active,2025-04-22
CC002538,C05896,Classic,45900.0,9776.97,499,Active,2022-01-01
CC002539,C00782,Gold,35400.0,21846.78,2999,Active,2023-12-16
CC002540,C09865,Gold,80900.0,8087.74,499,Active,2023-01-29
CC002541,C07258,Classic,23500.0,8568.62,0,Closed,2025-01-12
CC002542,C06324,Classic,106000.0,24334.68,0,Active,2024-03-05
CC002543,C06543,Platinum,66600.0,22051.06,1999,Active,2023-02-11
CC002544,C11933,Classic,53600.0,19467.32,0,Closed,2023-05-06
CC002545,C02019,Classic,50000.0,10167.05,0,Active,2025-10-23
CC002546,C11645,Gold,35100.0,12441.43,1999,Closed,2023-08-11
CC002547,C14628,Classic,50900.0,25790.91,0,Active,2024-09-20
CC002548,C02703,Classic,37900.0,11640.25,499,Active,2025-02-10
CC002549,C06781,Classic,99300.0,17405.71,999,Active,2022-10-22
CC002550,C01939,Gold,32200.0,11585.53,1999,Active,2023-03-08
CC002551,C03539,Platinum,67500.0,16000.35,499,Active,2025-05-03
CC002552,C02798,Gold,46500.0,24121.48,0,Active,2025-02-02
CC002553,C10593,Gold,70600.0,14952.77,499,Active,2024-12-03
CC002554,C12452,Gold,20000.0,1778.19,499,Active,2024-07-07
CC002555,C09149,Signature,46500.0,14068.36,499,Active,2022-04-01
CC002556,C06127,Classic,20000.0,4554.78,1999,Active,2022-08-09
CC002557,C00512,Classic,23300.0,466.0,499,Active,2023-06-19
CC002558,C05855,Platinum,43500.0,19542.78,499,Active,2025-01-31
CC002559,C10531,Gold,37000.0,12649.57,1999,Active,2022-01-09
CC002560,C02817,Classic,157900.0,28034.99,999,Active,2022-01-10
CC002561,C09662,Gold,65400.0,7277.09,0,Active,2022-05-16
CC002562,C13424,Gold,310900.0,97928.47,499,Active,2024-03-12
CC002563,C09616,Signature,35300.0,15983.65,999,Active,2022-09-28
CC002564,C14830,Classic,80700.0,9009.96,2999,Active,2025-08-24
CC002565,C01809,Gold,40200.0,9377.31,1999,Closed,2025-10-07
CC002566,C02957,Gold,38100.0,5344.9,499,Active,2024-05-01
CC002567,C02993,Platinum,38500.0,22176.02,2999,Blocked,2023-03-12
CC002568,C12421,Gold,89400.0,22168.84,1999,Active,2025-08-22
CC002569,C08835,Platinum,28300.0,8116.7,0,Active,2023-02-06
CC002570,C03250,Classic,63200.0,14884.56,2999,Active,2024-08-16
CC002571,C10770,Platinum,79300.0,49185.43,0,Active,2022-07-26
CC002572,C10357,Platinum,66200.0,18959.18,999,Active,2025-12-27
CC002573,C02632,Classic,33100.0,14658.09,0,Active,2023-09-13
CC002574,C02522,Gold,35700.0,8907.59,499,Active,2023-09-03
CC002575,C11860,Platinum,33000.0,9270.88,499,Active,2022-01-05
CC002576,C06889,Gold,75400.0,6763.1,0,Active,2023-05-30
CC002577,C14599,Platinum,46500.0,18681.33,499,Active,2023-07-29
CC002578,C05898,Signature,20900.0,8164.38,0,Blocked,2022-02-15
CC002579,C09923,Classic,20000.0,1863.42,499,Closed,2023-08-28
CC002580,C10105,Classic,20700.0,11251.51,0,Active,2025-01-15
CC002581,C01684,Gold,29500.0,4800.1,0,Active,2025-09-06
CC002582,C14814,Platinum,265000.0,42293.8,2999,Active,2024-01-22
CC002583,C13988,Classic,20000.0,7195.09,999,Active,2025-12-17
CC002584,C11483,Gold,131500.0,27481.11,0,Active,2023-08-27
CC002585,C05696,Classic,20000.0,4371.73,0,Active,2023-03-18
CC002586,C07401,Signature,261800.0,37854.18,0,Active,2022-07-23
CC002587,C05301,Classic,20000.0,1633.06,0,Active,2025-02-07
CC002588,C13574,Platinum,65200.0,44878.33,0,Active,2023-05-04
CC002589,C08122,Classic,20000.0,4784.29,999,Active,2023-11-06
CC002590,C00414,Gold,145100.0,57615.97,499,Active,2024-03-27
CC002591,C13848,Classic,38300.0,5968.32,0,Active,2024-11-22
CC002592,C05230,Platinum,42000.0,14861.89,2999,Active,2025-11-28
CC002593,C04177,Classic,48500.0,10454.88,999,Closed,2024-03-10
CC002594,C10445,Platinum,20000.0,8791.07,499,Active,2025-10-21
CC002595,C04537,Platinum,20000.0,1862.9,0,Active,2023-11-26
CC002596,C01468,Signature,68000.0,40344.53,0,Active,2023-06-19
CC002597,C10303,Gold,91700.0,33240.07,0,Active,2024-03-08
CC002598,C07872,Classic,48200.0,18001.92,0,Active,2024-01-07
CC002599,C02678,Gold,23000.0,4299.62,499,Active,2022-01-31
CC002600,C02477,Classic,54700.0,22701.56,0,Active,2023-07-01
CC002601,C09913,Classic,45200.0,9349.55,999,Active,2024-12-03
CC002602,C14028,Gold,20000.0,7528.51,499,Active,2022-04-29
CC002603,C01134,Gold,23200.0,6502.62,0,Active,2023-11-14
CC002604,C04538,Gold,20000.0,4572.09,1999,Active,2022-06-13
CC002605,C01597,Classic,20000.0,5825.17,1999,Closed,2024-05-29
CC002606,C14450,Classic,41500.0,1600.2,999,Active,2022-11-21
CC002607,C04165,Gold,21300.0,1386.49,999,Blocked,2025-08-08
CC002608,C11027,Gold,107900.0,27264.38,499,Active,2025-10-04
CC002609,C11078,Gold,81500.0,40404.34,0,Active,2022-11-04
CC002610,C00855,Gold,93700.0,60461.53,999,Active,2025-03-13
CC002611,C08342,Platinum,64900.0,14861.47,0,Active,2025-06-20
CC002612,C08375,Platinum,46100.0,8493.02,499,Active,2025-06-03
CC002613,C01211,Classic,87100.0,20469.39,999,Active,2023-12-08
CC002614,C12034,Classic,46100.0,18469.68,999,Active,2025-07-29
CC002615,C13007,Gold,63800.0,15770.42,1999,Active,2024-01-26
CC002616,C01057,Platinum,106500.0,38295.42,499,Active,2022-12-30
CC002617,C07697,Gold,110000.0,43267.4,499,Active,2025-11-18
CC002618,C10110,Platinum,27600.0,2734.64,0,Active,2022-03-26
CC002619,C08340,Gold,20000.0,6015.1,1999,Active,2024-08-20
CC002620,C02685,Classic,65100.0,19101.1,499,Active,2022-09-25
CC002621,C00650,Gold,20000.0,4566.16,999,Active,2022-11-18
CC002622,C13108,Classic,72900.0,11726.14,1999,Active,2024-01-18
CC002623,C08836,Classic,26200.0,1891.89,499,Active,2025-01-22
CC002624,C02416,Classic,134200.0,12404.69,0,Active,2024-02-22
CC002625,C11752,Classic,47500.0,3163.7,1999,Active,2023-06-01
CC002626,C09156,Platinum,30900.0,6143.91,499,Active,2025-02-08
CC002627,C08832,Classic,50100.0,8871.81,0,Active,2022-05-22
CC002628,C00535,Classic,25400.0,3451.18,999,Active,2022-10-01
CC002629,C00128,Classic,23300.0,4635.65,0,Active,2022-07-19
CC002630,C11638,Platinum,63800.0,14512.7,0,Active,2025-03-06
CC002631,C07717,Gold,254500.0,95635.12,999,Active,2025-11-27
CC002632,C06072,Gold,38800.0,26915.69,2999,Active,2024-06-25
CC002633,C13290,Platinum,91800.0,7904.08,999,Active,2022-02-05
CC002634,C06503,Signature,26400.0,3709.51,1999,Active,2025-06-30
CC002635,C02559,Classic,143300.0,36707.87,0,Closed,2022-06-02
CC002636,C06406,Classic,48100.0,26128.68,999,Active,2024-09-26
CC002637,C08677,Classic,22200.0,4876.21,0,Active,2023-05-09
CC002638,C09699,Classic,98800.0,44753.13,999,Active,2025-05-12
CC002639,C09456,Platinum,85300.0,14594.56,999,Active,2025-06-02
CC002640,C00198,Gold,20000.0,627.34,1999,Active,2024-12-23
CC002641,C12533,Gold,38600.0,2028.86,499,Active,2024-08-16
CC002642,C11902,Classic,40800.0,13107.21,499,Active,2025-08-22
CC002643,C02157,Gold,33300.0,3685.06,499,Closed,2024-05-24
CC002644,C01403,Gold,70900.0,19795.97,0,Active,2023-08-04
CC002645,C10193,Gold,20000.0,9906.72,999,Active,2023-12-05
CC002646,C02134,Signature,58800.0,16362.11,0,Active,2023-01-24
CC002647,C12592,Classic,33400.0,4633.44,0,Active,2025-04-13
CC002648,C04127,Gold,50500.0,34725.91,0,Active,2022-04-09
CC002649,C01548,Platinum,70500.0,22844.36,1999,Active,2025-02-17
CC002650,C06796,Platinum,58600.0,24922.53,499,Blocked,2023-05-28
CC002651,C02482,Classic,56900.0,13910.57,1999,Active,2023-10-02
CC002652,C12650,Classic,33000.0,13995.34,499,Active,2024-01-31
CC002653,C02968,Gold,47700.0,12574.94,499,Active,2023-07-09
CC002654,C05507,Platinum,28500.0,2925.17,0,Closed,2022-02-04
CC002655,C07451,Signature,47400.0,26606.96,0,Active,2025-01-31
CC002656,C01833,Gold,22000.0,14553.81,1999,Active,2025-11-03
CC002657,C11617,Platinum,203800.0,101081.66,0,Active,2023-10-03
CC002658,C08644,Platinum,48100.0,8724.01,2999,Active,2025-01-15
CC002659,C07253,Gold,34100.0,10482.12,0,Active,2025-01-07
CC002660,C10626,Classic,20000.0,4555.28,999,Active,2025-06-11
CC002661,C13529,Platinum,74600.0,6235.47,999,Active,2022-12-19
CC002662,C13386,Signature,53100.0,16396.07,1999,Blocked,2022-09-26
CC002663,C10667,Gold,85000.0,18231.12,0,Active,2022-10-24
CC002664,C14811,Signature,46900.0,8336.34,499,Active,2024-01-03
CC002665,C12954,Platinum,20000.0,8793.22,499,Active,2022-07-27
CC002666,C05044,Classic,20000.0,5893.95,499,Active,2023-02-06
CC002667,C00926,Gold,50700.0,10127.97,0,Active,2022-11-25
CC002668,C04686,Classic,20000.0,5170.9,499,Active,2024-05-08
CC002669,C07435,Classic,34800.0,13067.61,1999,Active,2024-07-16
CC002670,C09584,Platinum,24200.0,3683.26,999,Active,2025-09-23
CC002671,C10481,Classic,26400.0,9025.21,999,Active,2023-08-11
CC002672,C07965,Classic,47200.0,19904.81,499,Active,2024-05-23
CC002673,C01880,Signature,23900.0,8399.23,0,Active,2023-07-04
CC002674,C07337,Classic,49600.0,4449.58,999,Active,2025-12-31
CC002675,C00850,Platinum,55700.0,28421.94,0,Active,2025-02-06
CC002676,C12819,Platinum,69500.0,10794.4,999,Blocked,2025-12-21
CC002677,C00041,Gold,48600.0,15545.54,499,Active,2024-02-16
CC002678,C02166,Gold,38500.0,8046.74,0,Active,2025-12-22
CC002679,C11882,Platinum,54800.0,16208.27,0,Active,2024-06-07
CC002680,C06871,Signature,41600.0,30779.03,1999,Active,2025-08-29
CC002681,C13493,Platinum,45600.0,9278.25,0,Active,2022-10-16
CC002682,C00617,Classic,89600.0,27048.32,0,Active,2022-09-30
CC002683,C10233,Signature,309000.0,89831.13,999,Active,2022-02-18
CC002684,C01069,Classic,36500.0,21830.64,2999,Active,2023-09-29
CC002685,C01593,Platinum,40900.0,15361.19,0,Active,2022-08-22
CC002686,C05915,Platinum,114400.0,18272.07,0,Active,2022-11-21
CC002687,C03495,Classic,33500.0,10182.16,499,Closed,2022-10-10
CC002688,C14847,Platinum,20000.0,3485.42,999,Active,2022-09-08
CC002689,C09912,Gold,35400.0,16768.08,0,Blocked,2025-11-09
CC002690,C02390,Platinum,51800.0,19004.42,1999,Active,2025-04-13
CC002691,C11624,Platinum,65900.0,9746.82,499,Closed,2022-06-09
CC002692,C09847,Gold,133400.0,66127.29,1999,Active,2025-09-11
CC002693,C02058,Gold,78000.0,10253.64,1999,Active,2022-04-15
CC002694,C05988,Platinum,49900.0,5508.82,499,Active,2022-07-11
CC002695,C08708,Platinum,52400.0,39020.7,499,Active,2025-01-17
CC002696,C01453,Gold,70700.0,36756.38,2999,Active,2025-12-04
CC002697,C02567,Platinum,36200.0,11961.31,499,Active,2025-03-27
CC002698,C00398,Classic,22300.0,8469.21,499,Blocked,2023-09-27
CC002699,C00597,Gold,60600.0,10465.55,999,Active,2022-01-13
CC002700,C06628,Classic,122000.0,19984.53,0,Active,2024-04-04
CC002701,C07194,Classic,34000.0,7268.94,0,Active,2024-04-22
CC002702,C00542,Classic,57500.0,10465.74,0,Active,2024-02-02
CC002703,C05588,Gold,63200.0,23672.08,0,Active,2025-02-27
CC002704,C00520,Classic,90600.0,32936.66,1999,Active,2025-12-07
CC002705,C06962,Signature,50800.0,7352.14,0,Active,2023-08-16
CC002706,C09519,Classic,50300.0,4779.97,1999,Active,2022-04-29
CC002707,C00079,Platinum,52100.0,10927.33,999,Active,2025-03-22
CC002708,C04320,Classic,21800.0,6136.42,499,Active,2024-11-28
CC002709,C11107,Platinum,31700.0,17061.26,1999,Active,2023-07-27
CC002710,C11494,Classic,23600.0,7792.71,2999,Active,2022-06-12
CC002711,C07178,Gold,20000.0,9499.65,0,Active,2023-04-05
CC002712,C08444,Gold,134400.0,51615.47,499,Active,2022-02-07
CC002713,C01817,Gold,27000.0,5245.02,0,Active,2025-12-31
CC002714,C02402,Classic,82800.0,30885.13,999,Active,2025-04-17
CC002715,C09095,Gold,129800.0,58539.49,499,Active,2022-08-27
CC002716,C03142,Classic,42400.0,7484.03,499,Active,2024-02-29
CC002717,C01353,Gold,69600.0,1392.0,999,Active,2025-10-12
CC002718,C04109,Classic,28500.0,10119.16,0,Active,2024-05-05
CC002719,C12506,Signature,135000.0,62922.69,1999,Active,2022-09-03
CC002720,C06225,Gold,49800.0,6657.75,0,Active,2025-01-03
CC002721,C07572,Gold,60600.0,9977.63,0,Active,2025-10-14
CC002722,C14837,Gold,88700.0,49658.11,999,Active,2024-03-26
CC002723,C13259,Classic,20000.0,4558.88,1999,Active,2025-04-10
CC002724,C12074,Platinum,52500.0,6990.35,499,Closed,2025-01-20
CC002725,C06806,Classic,164600.0,80793.12,999,Active,2024-01-30
CC002726,C03375,Classic,63700.0,6770.42,0,Active,2025-12-09
CC002727,C03786,Classic,74300.0,9010.66,1999,Active,2022-06-07
CC002728,C14529,Platinum,72200.0,14757.48,0,Blocked,2023-08-24
CC002729,C05936,Platinum,80000.0,4178.87,0,Active,2023-04-26
CC002730,C02546,Signature,20000.0,13565.71,0,Active,2023-06-16
CC002731,C01321,Gold,157200.0,41882.7,999,Blocked,2022-10-05
CC002732,C13619,Platinum,58500.0,16527.31,0,Active,2024-02-03
CC002733,C09896,Classic,54500.0,12003.7,499,Active,2024-01-28
CC002734,C03268,Gold,25600.0,13148.25,1999,Active,2023-01-26
CC002735,C02174,Gold,21400.0,8852.11,499,Active,2022-06-28
CC002736,C09994,Gold,57700.0,13161.03,1999,Active,2025-10-02
CC002737,C04626,Gold,57600.0,31041.88,0,Active,2024-02-22
CC002738,C00543,Platinum,128400.0,29215.99,1999,Active,2024-08-17
CC002739,C06056,Platinum,24300.0,11400.18,0,Active,2023-03-14
CC002740,C14110,Gold,23100.0,5399.45,499,Active,2024-02-04
CC002741,C12406,Classic,26000.0,6135.26,499,Active,2024-09-08
CC002742,C07302,Platinum,34600.0,11404.65,999,Active,2024-10-21
CC002743,C14516,Classic,28800.0,12519.5,999,Active,2024-07-25
CC002744,C14898,Classic,32400.0,9159.68,0,Blocked,2022-03-18
CC002745,C07865,Gold,40700.0,4739.43,0,Active,2025-10-19
CC002746,C04554,Signature,28700.0,13448.91,0,Closed,2024-03-06
CC002747,C02872,Gold,32700.0,2593.83,499,Active,2022-08-06
CC002748,C06052,Classic,23700.0,11152.15,0,Active,2024-06-25
CC002749,C14350,Platinum,21100.0,5611.46,0,Active,2022-02-26
CC002750,C07218,Platinum,37900.0,5048.24,0,Active,2024-04-16
CC002751,C04034,Platinum,69800.0,22302.78,0,Active,2023-08-16
CC002752,C10637,Platinum,61200.0,10272.07,999,Active,2023-02-15
CC002753,C10981,Platinum,84700.0,27242.34,0,Active,2025-05-15
CC002754,C14620,Gold,80100.0,10818.76,999,Closed,2024-07-29
CC002755,C14403,Gold,57100.0,4719.0,1999,Active,2022-11-28
CC002756,C04065,Platinum,20500.0,8262.35,499,Closed,2024-10-15
CC002757,C10498,Gold,20000.0,1288.08,499,Active,2025-02-22
CC002758,C04458,Gold,46000.0,10348.68,0,Active,2024-01-27
CC002759,C01750,Platinum,47500.0,1906.55,499,Active,2023-03-18
CC002760,C04601,Classic,258100.0,34545.54,0,Active,2025-09-07
CC002761,C03767,Classic,100100.0,20568.9,999,Active,2025-07-24
CC002762,C06795,Classic,39500.0,16087.87,0,Active,2022-08-22
CC002763,C05066,Signature,81200.0,37777.73,999,Active,2024-01-14
CC002764,C06449,Signature,66200.0,27479.95,999,Active,2024-10-21
CC002765,C07431,Classic,70200.0,12891.83,499,Active,2024-03-13
CC002766,C08183,Platinum,217700.0,130707.04,999,Active,2022-10-02
CC002767,C11601,Platinum,20000.0,13331.59,999,Active,2022-11-28
CC002768,C01963,Gold,29200.0,6504.77,1999,Closed,2023-02-05
CC002769,C03336,Classic,24000.0,9307.42,0,Closed,2024-10-27
CC002770,C14356,Gold,25900.0,11960.69,499,Active,2023-09-01
CC002771,C10530,Classic,26400.0,3905.58,999,Active,2022-09-29
CC002772,C09276,Classic,46600.0,21325.82,499,Active,2024-12-01
CC002773,C11059,Gold,194700.0,29903.3,2999,Active,2025-07-07
CC002774,C02786,Platinum,80500.0,25465.29,999,Active,2024-05-01
CC002775,C07335,Gold,35000.0,14352.28,2999,Active,2025-10-13
CC002776,C06176,Platinum,93300.0,25260.15,0,Active,2022-09-09
CC002777,C03614,Platinum,22700.0,1245.23,0,Active,2023-08-26
CC002778,C04020,Platinum,39400.0,5404.8,999,Active,2024-03-14
CC002779,C09235,Classic,20000.0,11000.69,2999,Closed,2023-01-05
CC002780,C10883,Platinum,60400.0,7457.21,999,Active,2023-11-13
CC002781,C08945,Classic,57100.0,27429.06,1999,Active,2023-05-02
CC002782,C05383,Classic,203200.0,71514.96,499,Active,2025-03-24
CC002783,C11472,Classic,97400.0,24094.0,499,Active,2024-05-16
CC002784,C01566,Classic,42300.0,2148.57,999,Blocked,2024-12-06
CC002785,C02585,Gold,30100.0,7235.02,0,Active,2022-07-13
CC002786,C14280,Platinum,102400.0,26551.04,999,Active,2022-07-23
CC002787,C00325,Classic,59400.0,10247.66,0,Active,2024-09-04
CC002788,C06092,Classic,63000.0,17880.39,1999,Active,2022-09-29
CC002789,C10024,Gold,89400.0,15781.97,499,Active,2025-09-16
CC002790,C05831,Gold,21300.0,7732.16,499,Active,2023-02-18
CC002791,C00177,Classic,20000.0,7481.0,999,Active,2025-05-23
CC002792,C02691,Classic,31500.0,2605.4,0,Active,2022-05-03
CC002793,C03946,Platinum,46500.0,16297.84,499,Active,2025-11-07
CC002794,C00350,Classic,69000.0,19280.22,0,Active,2023-10-20
CC002795,C14473,Platinum,30400.0,9208.08,499,Closed,2025-07-14
CC002796,C09898,Platinum,64500.0,15889.74,999,Active,2022-04-23
CC002797,C11325,Gold,46600.0,13093.81,499,Blocked,2023-11-20
CC002798,C02511,Classic,20000.0,5450.01,999,Active,2024-04-25
CC002799,C08704,Classic,24800.0,6288.85,499,Active,2024-06-04
CC002800,C06693,Classic,38800.0,24554.63,0,Active,2024-05-03
CC002801,C07631,Platinum,20000.0,8681.45,1999,Active,2025-07-27
CC002802,C13315,Platinum,26000.0,3696.73,1999,Active,2025-04-28
CC002803,C12750,Gold,172800.0,30942.69,499,Active,2024-08-09
CC002804,C01812,Gold,53400.0,21311.99,499,Active,2023-09-19
CC002805,C07759,Gold,62300.0,4151.38,0,Active,2025-01-16
CC002806,C02648,Platinum,55500.0,7164.19,499,Active,2022-08-08
CC002807,C12987,Classic,44000.0,5997.21,0,Active,2023-03-06
CC002808,C05590,Signature,79200.0,9453.03,0,Active,2024-09-20
CC002809,C09764,Gold,31400.0,15069.1,1999,Active,2023-07-08
CC002810,C09282,Classic,29600.0,15057.13,0,Active,2024-07-22
CC002811,C03309,Gold,52700.0,7642.79,999,Active,2023-08-04
CC002812,C01610,Classic,22200.0,9541.79,499,Active,2024-04-01
CC002813,C08518,Platinum,20000.0,6776.76,0,Active,2025-11-05
CC002814,C14388,Signature,146400.0,19737.53,2999,Active,2022-03-14
CC002815,C05657,Classic,113200.0,49887.62,0,Active,2022-11-18
CC002816,C05427,Gold,21000.0,15405.92,499,Active,2024-04-22
CC002817,C02493,Signature,20000.0,6399.4,999,Blocked,2025-01-27
CC002818,C11463,Classic,27700.0,1615.53,1999,Active,2025-12-24
CC002819,C14404,Signature,56800.0,6700.5,0,Active,2025-10-14
CC002820,C01248,Classic,128300.0,58858.69,0,Active,2023-11-04
CC002821,C03848,Platinum,127100.0,55388.54,0,Active,2022-09-21
CC002822,C11950,Classic,182300.0,20643.55,499,Active,2025-04-18
CC002823,C10429,Classic,47700.0,4821.28,0,Active,2023-05-13
CC002824,C00728,Platinum,82300.0,8580.59,1999,Active,2022-12-06
CC002825,C13760,Gold,121300.0,17156.34,1999,Blocked,2024-07-14
CC002826,C14248,Platinum,52800.0,19933.52,1999,Active,2025-12-06
CC002827,C11137,Gold,54000.0,21337.72,0,Active,2022-11-14
CC002828,C11117,Platinum,88300.0,26494.03,499,Active,2024-03-05
CC002829,C01545,Classic,223800.0,110991.52,0,Active,2024-09-14
CC002830,C05113,Classic,36600.0,16015.26,1999,Active,2023-01-20
CC002831,C13300,Gold,103600.0,31981.18,1999,Active,2022-01-09
CC002832,C12263,Gold,46900.0,18628.53,999,Active,2022-10-02
CC002833,C08450,Classic,76500.0,28877.02,1999,Active,2023-10-04
CC002834,C12544,Gold,67800.0,3486.71,499,Blocked,2023-07-05
CC002835,C03033,Classic,23300.0,466.0,999,Active,2023-06-15
CC002836,C04674,Gold,20000.0,4581.05,999,Active,2024-01-22
CC002837,C11810,Signature,91000.0,23541.25,499,Active,2023-09-24
CC002838,C06534,Classic,29200.0,15107.72,0,Active,2024-10-23
CC002839,C05253,Platinum,57500.0,17891.94,0,Active,2025-09-02
CC002840,C04060,Gold,20000.0,5892.38,0,Active,2024-11-16
CC002841,C03231,Classic,79000.0,16026.85,0,Active,2023-08-07
CC002842,C10240,Gold,20000.0,6206.61,0,Active,2024-10-13
CC002843,C13518,Gold,103500.0,14165.07,0,Active,2022-03-20
CC002844,C11823,Classic,40200.0,14932.12,999,Blocked,2022-09-04
CC002845,C10235,Classic,186100.0,15628.97,0,Active,2023-05-21
CC002846,C11141,Gold,101200.0,37860.1,999,Active,2025-04-16
CC002847,C07403,Gold,20000.0,5656.13,999,Closed,2023-02-15
CC002848,C07198,Gold,80600.0,49578.56,0,Active,2025-08-28
CC002849,C06692,Classic,37200.0,25657.87,999,Active,2022-02-23
CC002850,C04616,Classic,73400.0,16201.95,0,Active,2025-07-10
CC002851,C00773,Classic,34800.0,14861.28,1999,Active,2025-09-19
CC002852,C07825,Gold,41600.0,8532.38,0,Active,2025-01-22
CC002853,C13307,Platinum,25000.0,7995.32,0,Active,2024-11-12
CC002854,C05729,Classic,58300.0,12544.34,0,Active,2022-01-13
CC002855,C14478,Signature,51200.0,9990.12,1999,Active,2024-08-14
CC002856,C01558,Gold,47200.0,10236.91,1999,Blocked,2022-02-12
CC002857,C12982,Gold,43700.0,13883.53,999,Active,2023-04-25
CC002858,C09180,Classic,20000.0,2411.87,0,Active,2023-11-10
CC002859,C05253,Gold,20000.0,8303.56,499,Active,2024-10-19
CC002860,C03207,Classic,23100.0,3399.74,999,Active,2022-05-15
CC002861,C07176,Platinum,34600.0,10442.33,499,Active,2024-03-11
CC002862,C14332,Classic,68600.0,2468.31,0,Active,2024-05-28
CC002863,C02977,Platinum,57500.0,28797.36,499,Active,2025-08-08
CC002864,C01384,Classic,20000.0,4172.89,0,Active,2025-06-12
CC002865,C11860,Gold,43400.0,22868.52,999,Active,2022-11-18
CC002866,C12300,Gold,30400.0,14676.52,499,Active,2025-05-30
CC002867,C03853,Classic,49400.0,24167.46,0,Active,2025-04-02
CC002868,C05575,Platinum,20000.0,2549.47,0,Active,2022-10-15
CC002869,C05426,Gold,27400.0,2140.7,999,Closed,2024-05-04
CC002870,C03961,Signature,20000.0,10701.29,999,Active,2022-06-15
CC002871,C02130,Platinum,35900.0,13117.15,499,Active,2022-05-15
CC002872,C06839,Platinum,20000.0,4948.34,999,Active,2025-04-04
CC002873,C01836,Gold,43600.0,4244.09,499,Active,2024-06-20
CC002874,C14060,Signature,20000.0,4826.65,499,Active,2024-07-03
CC002875,C12824,Gold,59700.0,25410.97,1999,Active,2022-03-29
CC002876,C12496,Platinum,33800.0,1783.72,499,Active,2025-06-24
CC002877,C14853,Classic,20000.0,7536.91,0,Active,2024-02-02
CC002878,C10210,Gold,46700.0,15376.53,499,Active,2023-11-07
CC002879,C13420,Classic,40500.0,6614.15,499,Active,2025-04-26
CC002880,C05733,Signature,27900.0,12110.43,0,Active,2023-05-27
CC002881,C13830,Gold,49800.0,9503.23,499,Active,2023-12-02
CC002882,C02211,Classic,20000.0,1680.09,0,Active,2025-06-05
CC002883,C13126,Platinum,69300.0,12169.69,1999,Active,2025-10-14
CC002884,C13063,Gold,23800.0,11754.93,999,Active,2022-03-11
CC002885,C07181,Classic,54300.0,29839.97,0,Active,2025-03-01
CC002886,C07713,Gold,105600.0,23991.39,499,Active,2022-11-04
CC002887,C01430,Classic,20000.0,6050.53,0,Active,2025-11-12
CC002888,C12548,Signature,87400.0,37133.23,0,Active,2023-12-20
CC002889,C10509,Classic,48000.0,12516.24,1999,Active,2024-10-22
CC002890,C00193,Gold,23100.0,5647.82,0,Active,2024-12-29
CC002891,C09446,Gold,20000.0,8089.61,999,Active,2023-12-11
CC002892,C02148,Platinum,52200.0,17533.27,0,Active,2023-02-01
CC002893,C01227,Classic,52300.0,12328.55,999,Active,2024-09-07
CC002894,C06588,Classic,22400.0,3026.34,0,Active,2023-04-22
CC002895,C09728,Platinum,27000.0,8316.33,2999,Active,2022-09-08
CC002896,C04825,Platinum,20700.0,11374.35,499,Active,2023-05-17
CC002897,C10719,Platinum,57300.0,16813.06,499,Active,2022-01-08
CC002898,C02643,Classic,34100.0,3510.58,0,Active,2023-12-12
CC002899,C11778,Classic,24800.0,4674.14,0,Active,2025-03-22
CC002900,C13448,Gold,54800.0,24600.76,999,Active,2025-08-26
CC002901,C11069,Classic,85100.0,13960.84,499,Active,2023-09-11
CC002902,C05858,Classic,77900.0,50254.33,2999,Active,2025-01-01
CC002903,C12509,Platinum,22600.0,11135.39,499,Active,2023-04-12
CC002904,C08805,Signature,47100.0,22887.41,2999,Active,2022-04-06
CC002905,C01733,Gold,43100.0,7952.99,0,Active,2022-07-23
CC002906,C09765,Classic,20000.0,1773.58,499,Active,2023-08-22
CC002907,C01028,Gold,89300.0,55447.56,0,Active,2025-12-16
CC002908,C02408,Platinum,24600.0,3219.03,499,Active,2024-12-14
CC002909,C04356,Gold,28400.0,5158.74,2999,Active,2024-09-23
CC002910,C10380,Gold,21500.0,9065.1,499,Blocked,2024-11-03
CC002911,C12644,Platinum,63700.0,15588.65,0,Active,2022-07-23
CC002912,C14335,Classic,24600.0,4429.86,1999,Active,2022-05-01
CC002913,C08875,Gold,22600.0,5293.54,999,Active,2025-11-16
CC002914,C02787,Classic,35500.0,3184.43,0,Active,2024-06-04
CC002915,C06408,Classic,187100.0,50067.16,0,Active,2025-12-05
CC002916,C04846,Platinum,69200.0,9427.27,499,Active,2025-11-24
CC002917,C11424,Gold,26600.0,3890.46,999,Closed,2022-06-05
CC002918,C14916,Classic,22800.0,7891.05,0,Active,2022-08-17
CC002919,C08668,Platinum,57400.0,13007.62,0,Active,2024-12-15
CC002920,C05407,Classic,20000.0,2990.49,0,Active,2025-01-25
CC002921,C03567,Platinum,20000.0,3211.05,0,Active,2024-01-21
CC002922,C02648,Classic,61800.0,19078.4,0,Active,2025-03-14
CC002923,C05549,Platinum,25600.0,2516.43,499,Active,2024-08-21
CC002924,C00953,Classic,40700.0,8337.55,2999,Active,2025-03-05
CC002925,C14993,Gold,35100.0,5681.54,1999,Active,2023-08-11
CC002926,C00806,Platinum,40200.0,3801.7,0,Active,2024-01-16
CC002927,C13258,Gold,52600.0,23080.25,0,Active,2022-04-13
CC002928,C01211,Classic,70200.0,34245.81,2999,Active,2025-10-24
CC002929,C02840,Platinum,31300.0,20132.17,999,Active,2022-04-23
CC002930,C08402,Classic,67800.0,29681.29,1999,Active,2023-06-25
CC002931,C00381,Classic,57700.0,12159.48,1999,Active,2025-06-10
CC002932,C02344,Platinum,33100.0,15654.68,999,Active,2023-03-05
CC002933,C02632,Gold,78600.0,20135.12,0,Active,2025-03-06
CC002934,C11271,Gold,20000.0,13273.9,999,Active,2024-11-14
CC002935,C07807,Gold,40100.0,14759.16,499,Active,2022-04-03
CC002936,C04444,Platinum,54300.0,4745.7,0,Active,2023-07-26
CC002937,C02557,Classic,122600.0,49213.72,0,Closed,2023-05-07
CC002938,C09900,Platinum,54900.0,20137.62,0,Active,2024-01-28
CC002939,C01258,Classic,40100.0,11075.84,0,Active,2025-06-26
CC002940,C14557,Gold,72700.0,58255.71,999,Active,2022-06-16
CC002941,C09760,Classic,47000.0,17109.55,499,Active,2022-02-04
CC002942,C04039,Platinum,37000.0,19277.23,0,Active,2023-01-15
CC002943,C09138,Platinum,62900.0,17053.4,499,Active,2022-06-26
CC002944,C03222,Platinum,61100.0,45328.34,1999,Active,2025-01-25
CC002945,C06109,Gold,57700.0,32167.63,0,Active,2025-07-28
CC002946,C07855,Platinum,39200.0,11228.15,0,Active,2024-07-21
CC002947,C05686,Platinum,89200.0,40013.21,499,Active,2023-10-18
CC002948,C06653,Platinum,39700.0,14980.86,999,Active,2025-10-20
CC002949,C02197,Classic,20000.0,10720.63,1999,Active,2024-10-16
CC002950,C10737,Platinum,44200.0,10941.04,0,Active,2024-06-16
CC002951,C05004,Platinum,86500.0,34469.81,1999,Active,2024-01-22
CC002952,C10676,Platinum,28400.0,6091.25,999,Active,2025-04-04
CC002953,C00217,Classic,47800.0,3161.81,1999,Active,2023-07-16
CC002954,C03584,Platinum,27400.0,2094.61,0,Active,2023-07-15
CC002955,C07510,Classic,20000.0,5658.69,0,Active,2025-12-31
CC002956,C12548,Gold,58900.0,12832.0,999,Closed,2024-07-04
CC002957,C05529,Classic,24900.0,783.32,999,Active,2025-04-22
CC002958,C03355,Classic,41900.0,5360.1,999,Active,2022-09-08
CC002959,C00002,Gold,29900.0,9452.94,999,Active,2022-10-03
CC002960,C13773,Gold,57200.0,13182.17,0,Active,2025-08-03
CC002961,C05653,Classic,85000.0,10464.37,1999,Active,2025-06-07
CC002962,C14201,Classic,27100.0,4139.91,999,Active,2022-01-30
CC002963,C14081,Signature,54200.0,17755.48,999,Active,2025-12-25
CC002964,C04753,Gold,75400.0,3298.43,0,Active,2024-03-23
CC002965,C06831,Signature,21300.0,6392.19,0,Active,2025-11-16
CC002966,C00892,Platinum,75700.0,6831.73,999,Active,2025-05-25
CC002967,C05194,Classic,109300.0,22787.9,0,Active,2024-10-04
CC002968,C14098,Classic,20000.0,4745.15,0,Active,2025-05-06
CC002969,C11921,Gold,46200.0,6609.47,499,Active,2023-11-26
CC002970,C05472,Gold,28500.0,3539.96,499,Active,2025-04-14
CC002971,C12571,Gold,39800.0,13051.0,2999,Active,2025-12-06
CC002972,C06359,Platinum,78400.0,21801.49,499,Active,2023-12-15
CC002973,C03673,Gold,25200.0,3906.62,499,Active,2025-09-22
CC002974,C10124,Classic,51600.0,5994.77,0,Active,2022-08-26
CC002975,C11671,Classic,103300.0,29651.86,0,Active,2022-06-21
CC002976,C00280,Gold,29600.0,8131.2,499,Active,2024-07-29
CC002977,C13749,Gold,46200.0,12541.91,1999,Active,2024-10-09
CC002978,C03701,Platinum,93100.0,51629.65,0,Active,2023-08-08
CC002979,C12449,Classic,105200.0,13327.97,999,Active,2025-10-08
CC002980,C13615,Platinum,53800.0,19531.22,1999,Active,2025-02-06
CC002981,C09800,Platinum,20900.0,2362.48,0,Active,2025-01-20
CC002982,C08944,Classic,74600.0,16342.06,0,Active,2025-08-12
CC002983,C10335,Gold,40000.0,18986.29,499,Active,2022-01-06
CC002984,C09775,Platinum,70200.0,7399.62,0,Closed,2023-10-27
CC002985,C00223,Platinum,98700.0,16406.39,499,Closed,2024-08-07
CC002986,C01139,Gold,71100.0,16136.74,999,Active,2025-03-08
CC002987,C03406,Signature,52400.0,8936.06,0,Active,2024-10-11
CC002988,C09364,Classic,86800.0,13636.6,1999,Active,2023-11-04
CC002989,C05966,Platinum,62000.0,26055.27,999,Active,2025-12-13
CC002990,C10296,Classic,28600.0,9322.02,499,Active,2023-06-23
CC002991,C14964,Classic,47700.0,2656.39,0,Active,2022-08-20
CC002992,C08107,Platinum,35100.0,2285.58,0,Active,2023-09-05
CC002993,C12882,Platinum,34400.0,6248.07,499,Active,2022-08-12
CC002994,C12027,Platinum,45500.0,10948.55,999,Active,2024-05-06
CC002995,C07445,Classic,39500.0,7618.0,499,Closed,2025-09-04
CC002996,C13555,Gold,85000.0,22094.2,999,Closed,2022-05-02
CC002997,C00828,Platinum,31100.0,11275.0,499,Closed,2024-09-20
CC002998,C07532,Gold,30600.0,18986.14,1999,Active,2024-02-08
CC002999,C04700,Gold,103400.0,52418.52,499,Active,2022-09-08
CC003000,C03175,Platinum,33300.0,3546.36,499,Active,2024-07-19
CC003001,C00093,Platinum,106200.0,42069.1,999,Active,2022-01-31
CC003002,C14799,Classic,31800.0,8340.4,0,Active,2024-03-01
CC003003,C09772,Classic,26700.0,6439.62,0,Active,2023-05-20
CC003004,C14498,Gold,59600.0,24995.69,0,Active,2022-09-11
CC003005,C09923,Signature,69300.0,13767.17,999,Closed,2022-11-14
CC003006,C02024,Classic,21700.0,1471.97,499,Active,2022-03-20
CC003007,C03751,Classic,20000.0,2038.17,499,Active,2025-05-02
CC003008,C10907,Gold,75200.0,20099.22,1999,Active,2025-03-04
CC003009,C09986,Platinum,38700.0,18437.19,999,Active,2024-01-01
CC003010,C10843,Gold,55100.0,12353.7,499,Active,2022-06-02
CC003011,C11555,Gold,54500.0,17498.04,499,Active,2024-09-14
CC003012,C01425,Gold,55000.0,29614.16,499,Active,2023-09-01
CC003013,C10103,Signature,20000.0,7396.5,1999,Active,2024-07-20
CC003014,C02308,Platinum,56000.0,29737.02,999,Active,2023-06-27
CC003015,C10094,Gold,48900.0,17599.54,499,Active,2022-06-25
CC003016,C09846,Platinum,44800.0,10261.74,1999,Active,2022-10-29
CC003017,C03233,Platinum,20000.0,4531.08,0,Active,2023-03-20
CC003018,C08082,Classic,20000.0,4129.12,0,Active,2022-02-18
CC003019,C13465,Gold,50400.0,12997.47,499,Active,2024-06-14
CC003020,C06115,Signature,48900.0,10450.47,499,Closed,2025-06-06
CC003021,C14828,Classic,20000.0,6037.28,0,Active,2024-08-05
CC003022,C09681,Gold,68400.0,7576.03,999,Active,2022-08-31
CC003023,C10042,Classic,33600.0,5438.32,499,Active,2022-06-25
CC003024,C11537,Signature,36900.0,7122.66,0,Active,2024-06-19
CC003025,C00878,Classic,31700.0,4037.24,2999,Active,2025-04-20
CC003026,C13312,Classic,46800.0,26467.28,999,Active,2025-09-04
CC003027,C00184,Signature,22200.0,1601.15,499,Active,2022-05-19
CC003028,C00155,Gold,171200.0,4903.62,0,Active,2023-01-18
CC003029,C13017,Gold,46300.0,14340.34,999,Active,2023-07-15
CC003030,C03467,Platinum,57100.0,36389.62,0,Active,2025-10-02
CC003031,C14968,Platinum,23100.0,2250.1,499,Active,2025-07-27
CC003032,C01954,Platinum,129700.0,10052.27,1999,Active,2024-03-10
CC003033,C14445,Platinum,121100.0,33232.34,1999,Closed,2023-05-21
CC003034,C00901,Platinum,32900.0,13143.7,999,Active,2023-05-26
CC003035,C08157,Platinum,39000.0,14694.28,0,Active,2022-06-29
CC003036,C09748,Classic,35700.0,9792.87,999,Active,2022-02-27
CC003037,C06417,Platinum,24200.0,11091.9,0,Active,2024-12-20
CC003038,C02030,Classic,50900.0,8243.21,999,Active,2024-09-29
CC003039,C13349,Gold,98000.0,25098.87,0,Active,2022-12-13
CC003040,C06430,Gold,20000.0,13052.72,1999,Active,2022-10-23
CC003041,C12978,Platinum,35500.0,6042.04,0,Active,2023-01-11
CC003042,C14660,Classic,30600.0,9096.72,0,Active,2024-06-13
CC003043,C04421,Gold,63700.0,12106.87,499,Active,2024-09-25
CC003044,C10356,Gold,38800.0,14510.89,0,Active,2024-04-27
CC003045,C05551,Classic,42200.0,20699.65,1999,Active,2023-09-09
CC003046,C04722,Signature,20000.0,10628.12,1999,Active,2024-11-01
CC003047,C06024,Classic,25300.0,6714.6,0,Active,2024-05-10
CC003048,C11565,Classic,34100.0,8327.66,0,Active,2024-11-09
CC003049,C11655,Gold,36500.0,12590.75,499,Active,2023-01-06
CC003050,C10627,Signature,35200.0,12762.54,0,Active,2024-12-13
CC003051,C02931,Gold,134300.0,52637.69,999,Active,2022-10-13
CC003052,C03722,Signature,128700.0,57705.9,0,Active,2025-07-27
CC003053,C08528,Signature,143000.0,59849.46,0,Blocked,2023-05-06
CC003054,C07168,Signature,38000.0,11049.85,0,Blocked,2022-10-24
CC003055,C00834,Platinum,63900.0,18644.31,0,Active,2025-09-02
CC003056,C02417,Platinum,52900.0,5986.11,499,Active,2022-06-05
CC003057,C10292,Classic,31100.0,12106.48,0,Closed,2024-01-09
CC003058,C07056,Gold,53000.0,6423.23,999,Active,2024-05-14
CC003059,C06067,Platinum,84100.0,5190.15,0,Active,2025-12-31
CC003060,C05179,Signature,22400.0,6715.12,0,Closed,2025-10-11
CC003061,C09542,Gold,37500.0,11475.31,0,Active,2023-07-27
CC003062,C00194,Signature,114100.0,79421.11,999,Active,2024-05-05
CC003063,C13075,Classic,50500.0,14416.3,0,Active,2025-04-02
CC003064,C09140,Gold,124200.0,23943.46,0,Active,2025-02-07
CC003065,C12118,Classic,24900.0,12424.04,1999,Active,2023-03-25
CC003066,C05862,Gold,33600.0,6484.87,999,Active,2025-06-23
CC003067,C09640,Gold,67200.0,15899.59,999,Active,2025-01-05
CC003068,C00248,Classic,110100.0,20188.72,999,Blocked,2024-10-09
CC003069,C00485,Classic,58500.0,13984.37,0,Active,2024-07-06
CC003070,C13259,Classic,20000.0,3587.71,999,Active,2025-11-18
CC003071,C03654,Classic,31500.0,11016.07,1999,Active,2023-12-14
CC003072,C09996,Platinum,64100.0,11893.84,999,Active,2024-03-21
CC003073,C14869,Classic,34600.0,9430.28,2999,Active,2023-09-09
CC003074,C05085,Classic,60400.0,15089.35,499,Active,2025-10-05
CC003075,C03594,Classic,132000.0,27143.29,499,Active,2025-10-17
CC003076,C11638,Classic,44600.0,29816.45,499,Active,2024-10-31
CC003077,C13187,Classic,20000.0,5222.08,499,Closed,2023-08-04
CC003078,C07247,Classic,174100.0,56422.4,1999,Active,2025-10-27
CC003079,C13803,Platinum,95500.0,13773.05,499,Blocked,2022-12-25
CC003080,C06717,Signature,40600.0,7430.39,999,Active,2022-03-22
CC003081,C04423,Gold,32500.0,13478.51,2999,Closed,2024-10-01
CC003082,C05525,Gold,71400.0,5282.29,1999,Active,2023-07-07
CC003083,C03451,Classic,20000.0,2374.73,2999,Active,2022-08-05
CC003084,C14995,Platinum,24000.0,6704.12,999,Active,2023-02-07
CC003085,C01783,Classic,61000.0,8969.93,499,Active,2024-10-08
CC003086,C09412,Signature,63400.0,9884.01,0,Active,2025-01-28
CC003087,C04800,Platinum,21000.0,8109.08,0,Active,2024-04-08
CC003088,C10363,Classic,51300.0,10898.14,1999,Active,2024-03-04
CC003089,C08069,Platinum,20000.0,6078.85,1999,Active,2023-04-09
CC003090,C01170,Classic,22500.0,10438.04,2999,Active,2023-10-21
CC003091,C00983,Classic,31400.0,8927.79,1999,Active,2022-10-21
CC003092,C05995,Gold,47700.0,18882.03,499,Active,2024-11-06
CC003093,C10189,Platinum,92800.0,14281.41,499,Active,2024-08-11
CC003094,C13169,Classic,31300.0,2581.59,1999,Active,2025-02-19
CC003095,C00501,Gold,52400.0,1414.78,499,Active,2024-10-16
CC003096,C12317,Gold,42200.0,20244.39,999,Active,2023-08-27
CC003097,C09335,Classic,73900.0,9518.85,499,Active,2023-04-27
CC003098,C02978,Classic,55100.0,29799.7,499,Active,2023-05-05
CC003099,C11139,Classic,20000.0,10809.93,499,Active,2023-08-06
CC003100,C11526,Gold,39600.0,10121.55,499,Blocked,2024-05-21
CC003101,C11332,Classic,27000.0,22011.89,499,Active,2024-09-27
CC003102,C09655,Gold,56000.0,29460.92,2999,Blocked,2024-12-24
CC003103,C03331,Gold,69800.0,2592.59,999,Active,2024-04-30
CC003104,C13928,Gold,66100.0,20606.18,2999,Active,2025-09-02
CC003105,C03492,Gold,81600.0,13907.86,0,Active,2022-01-23
CC003106,C01481,Platinum,24600.0,9096.86,999,Active,2023-02-24
CC003107,C02907,Signature,122100.0,64893.46,1999,Active,2023-11-21
CC003108,C06226,Gold,52300.0,16232.38,0,Active,2024-12-08
CC003109,C05401,Gold,45500.0,25450.55,999,Active,2022-12-05
CC003110,C09765,Gold,67500.0,36442.28,0,Active,2022-04-09
CC003111,C09104,Platinum,72500.0,14373.87,499,Active,2024-06-06
CC003112,C11685,Platinum,156700.0,80865.18,1999,Active,2024-05-02
CC003113,C01974,Platinum,70500.0,19680.08,0,Active,2022-08-25
CC003114,C06304,Platinum,136800.0,64825.52,0,Active,2025-11-20
CC003115,C07560,Gold,33700.0,20999.89,499,Active,2024-02-09
CC003116,C05154,Platinum,32700.0,9422.48,1999,Active,2023-07-02
CC003117,C08890,Gold,20000.0,7895.66,0,Active,2025-04-28
CC003118,C08854,Gold,74200.0,44131.93,1999,Active,2024-05-17
CC003119,C07220,Gold,59700.0,20244.37,0,Active,2024-07-11
CC003120,C08905,Classic,20000.0,8529.73,499,Active,2022-06-15
CC003121,C14753,Signature,55000.0,12218.17,0,Active,2025-03-04
CC003122,C08715,Classic,51000.0,29596.48,0,Active,2025-12-21
CC003123,C10134,Signature,30200.0,10782.9,999,Active,2025-01-04
CC003124,C08696,Signature,84100.0,21647.59,499,Active,2023-07-29
CC003125,C05510,Classic,50900.0,19266.97,999,Active,2024-01-30
CC003126,C05137,Classic,130400.0,8983.72,1999,Active,2025-01-16
CC003127,C07773,Gold,67200.0,15274.85,1999,Closed,2025-06-22
CC003128,C08314,Gold,20000.0,7582.47,0,Active,2024-04-13
CC003129,C12815,Gold,52500.0,2864.19,999,Active,2024-08-08
CC003130,C07433,Gold,37600.0,3640.71,0,Active,2023-04-16
CC003131,C10407,Platinum,51900.0,28708.93,999,Active,2022-04-02
CC003132,C14133,Gold,93400.0,6066.5,499,Closed,2025-02-28
CC003133,C01791,Platinum,40200.0,2154.05,0,Active,2022-08-18
CC003134,C13753,Gold,20000.0,3515.81,999,Active,2023-08-29
CC003135,C01068,Platinum,39100.0,9892.08,999,Active,2023-11-16
CC003136,C02568,Platinum,78500.0,39398.29,999,Active,2025-08-11
CC003137,C14159,Gold,102400.0,18632.37,499,Closed,2023-09-18
CC003138,C06044,Classic,48600.0,19077.14,499,Active,2024-07-11
CC003139,C12263,Classic,64000.0,35048.62,2999,Active,2024-03-10
CC003140,C02528,Gold,53800.0,11905.12,999,Active,2022-06-24
CC003141,C07240,Classic,120200.0,79803.19,0,Active,2024-03-01
CC003142,C03851,Signature,129800.0,38035.15,1999,Active,2023-02-15
CC003143,C04421,Classic,120400.0,50649.48,1999,Blocked,2023-03-30
CC003144,C12370,Signature,51400.0,29076.06,0,Active,2022-09-06
CC003145,C04377,Platinum,68100.0,7773.31,0,Active,2024-12-11
CC003146,C00242,Gold,20000.0,11166.67,0,Active,2025-06-25
CC003147,C05170,Gold,30300.0,9869.72,499,Active,2025-04-30
CC003148,C06464,Platinum,82200.0,42992.59,499,Active,2025-05-29
CC003149,C11478,Platinum,79100.0,42523.72,999,Active,2022-11-10
CC003150,C04527,Classic,27500.0,17826.71,499,Blocked,2024-08-05
CC003151,C11554,Classic,31200.0,6305.2,499,Active,2022-09-27
CC003152,C01929,Classic,49000.0,3412.07,499,Active,2024-05-13
CC003153,C05084,Gold,20000.0,9400.71,0,Closed,2022-07-11
CC003154,C07467,Classic,38500.0,11381.91,499,Closed,2023-05-09
CC003155,C06613,Classic,84400.0,13797.21,499,Active,2024-08-07
CC003156,C13655,Gold,20000.0,7681.52,499,Active,2024-12-13
CC003157,C12600,Gold,83800.0,38415.37,0,Closed,2025-04-10
CC003158,C05675,Classic,20000.0,1479.36,999,Active,2023-05-25
CC003159,C13331,Classic,81500.0,20538.1,499,Active,2025-08-26
CC003160,C08900,Classic,104500.0,10910.65,1999,Active,2022-10-02
CC003161,C00004,Platinum,37100.0,1171.51,999,Active,2022-04-25
CC003162,C03793,Platinum,99300.0,29645.91,999,Active,2023-05-27
CC003163,C09530,Platinum,42200.0,21232.39,0,Active,2024-01-24
CC003164,C10790,Classic,65100.0,9213.36,499,Active,2022-10-14
CC003165,C11272,Gold,60600.0,10638.08,0,Active,2023-03-02
CC003166,C02505,Classic,21800.0,8318.68,0,Active,2024-06-16
CC003167,C12132,Gold,170900.0,49548.29,1999,Active,2024-04-26
CC003168,C00867,Gold,20500.0,5385.39,499,Active,2024-11-28
CC003169,C06443,Classic,27900.0,16967.44,0,Active,2024-01-08
CC003170,C04375,Classic,35000.0,7314.09,499,Active,2022-12-25
CC003171,C07913,Platinum,43800.0,10352.81,0,Active,2023-06-01
CC003172,C09853,Gold,90100.0,20864.33,999,Active,2023-06-19
CC003173,C14663,Classic,63900.0,9516.06,999,Active,2022-06-08
CC003174,C05606,Platinum,71000.0,7197.6,0,Active,2024-07-19
CC003175,C11219,Platinum,38100.0,22689.43,499,Active,2025-09-29
CC003176,C02085,Gold,59700.0,24261.94,999,Closed,2022-06-06
CC003177,C11462,Platinum,33200.0,8244.94,499,Active,2023-12-01
CC003178,C01392,Platinum,124700.0,54435.32,499,Active,2022-08-09
CC003179,C10418,Platinum,29600.0,13900.58,1999,Active,2025-08-17
CC003180,C01500,Platinum,54600.0,30799.76,0,Active,2024-01-08
CC003181,C04003,Gold,64300.0,28779.37,999,Blocked,2023-10-13
CC003182,C09752,Platinum,112700.0,57578.26,0,Active,2024-08-11
CC003183,C10615,Platinum,27100.0,10972.57,499,Closed,2023-12-26
CC003184,C08934,Gold,23500.0,5851.59,0,Active,2024-06-16
CC003185,C07611,Classic,20000.0,3455.4,499,Active,2024-03-08
CC003186,C14253,Classic,70600.0,29174.13,0,Active,2022-08-17
CC003187,C14435,Gold,93700.0,26626.49,0,Active,2023-08-17
CC003188,C01817,Gold,122800.0,25159.13,999,Active,2022-09-02
CC003189,C06230,Platinum,42500.0,8132.41,0,Active,2024-02-27
CC003190,C05235,Gold,61900.0,37158.71,0,Active,2025-01-02
CC003191,C14142,Gold,50900.0,8062.04,1999,Closed,2023-05-22
CC003192,C03139,Platinum,67000.0,26583.51,0,Active,2025-07-20
CC003193,C12560,Signature,29800.0,20302.93,0,Active,2024-06-21
CC003194,C05136,Platinum,63900.0,13371.56,0,Active,2022-02-13
CC003195,C06191,Gold,107800.0,14545.8,1999,Active,2022-12-05
CC003196,C01859,Gold,50100.0,27091.62,0,Active,2025-02-17
CC003197,C00665,Classic,81000.0,44491.39,0,Active,2025-03-18
CC003198,C01882,Platinum,63400.0,29667.01,0,Active,2023-10-26
CC003199,C00808,Gold,21900.0,4189.19,499,Active,2022-04-28
CC003200,C09266,Classic,35800.0,18228.39,499,Active,2022-08-15
CC003201,C14369,Platinum,27900.0,7573.32,999,Active,2023-01-15
CC003202,C05597,Platinum,43100.0,21013.02,999,Active,2022-12-03
CC003203,C11910,Platinum,79800.0,18090.47,0,Active,2022-10-20
CC003204,C14184,Classic,20000.0,1569.4,0,Active,2023-06-13
CC003205,C02800,Signature,33700.0,14245.15,1999,Active,2022-01-28
CC003206,C02495,Signature,44900.0,8976.28,499,Active,2022-05-19
CC003207,C13080,Gold,50200.0,18534.55,0,Blocked,2022-05-07
CC003208,C07784,Gold,147700.0,9839.81,1999,Active,2025-12-20
CC003209,C06005,Classic,37500.0,9732.2,499,Active,2023-12-09
CC003210,C06475,Platinum,31000.0,8588.43,499,Active,2024-07-26
CC003211,C14208,Classic,20000.0,10587.2,1999,Closed,2025-11-18
CC003212,C04666,Gold,35700.0,12019.2,499,Active,2025-12-26
CC003213,C08556,Gold,23800.0,15213.41,999,Active,2025-08-17
CC003214,C01198,Classic,42200.0,2462.81,999,Active,2024-07-23
CC003215,C01134,Classic,58700.0,34879.18,499,Active,2023-10-31
CC003216,C04787,Gold,34800.0,7082.71,499,Active,2023-01-15
CC003217,C07779,Gold,59400.0,9016.47,999,Active,2022-04-24
CC003218,C06323,Classic,46800.0,10108.18,0,Active,2025-01-28
CC003219,C01782,Classic,38200.0,7595.91,999,Active,2023-07-08
CC003220,C03467,Platinum,40100.0,14266.04,999,Active,2025-03-30
CC003221,C11161,Platinum,32900.0,7567.36,499,Active,2023-01-28
CC003222,C01211,Classic,32200.0,10891.46,1999,Active,2025-05-02
CC003223,C09477,Platinum,53500.0,25907.05,1999,Active,2024-08-24
CC003224,C13902,Gold,27200.0,16042.12,499,Active,2023-05-24
CC003225,C03040,Gold,20000.0,4715.61,0,Active,2025-02-02
CC003226,C02760,Platinum,74700.0,20474.06,0,Active,2024-08-15
CC003227,C09455,Platinum,23100.0,4360.66,2999,Active,2022-04-22
CC003228,C12192,Gold,41200.0,21115.66,0,Active,2024-02-04
CC003229,C12927,Platinum,68800.0,17472.27,999,Active,2023-12-04
CC003230,C09559,Classic,79600.0,14941.5,499,Active,2024-10-24
CC003231,C13004,Gold,36000.0,15194.04,999,Active,2025-07-27
CC003232,C09713,Gold,36100.0,14708.67,999,Active,2023-11-15
CC003233,C05526,Gold,131300.0,18837.66,0,Active,2022-08-05
CC003234,C08951,Platinum,33600.0,4743.47,499,Closed,2025-03-23
CC003235,C00165,Classic,39200.0,15768.43,999,Active,2024-04-09
CC003236,C12714,Classic,106200.0,19425.47,0,Active,2022-04-06
CC003237,C05080,Classic,34700.0,4180.21,499,Active,2022-07-04
CC003238,C10060,Classic,49400.0,13834.21,499,Active,2022-09-27
CC003239,C02770,Classic,70700.0,30045.37,499,Closed,2022-02-23
CC003240,C01292,Gold,60200.0,4924.59,0,Active,2023-08-04
CC003241,C09874,Classic,20000.0,3715.67,999,Closed,2023-12-06
CC003242,C05675,Classic,46100.0,21198.17,1999,Active,2023-11-17
CC003243,C05989,Classic,70800.0,23678.38,499,Active,2025-09-20
CC003244,C04054,Classic,44200.0,7023.13,999,Active,2025-12-21
CC003245,C04757,Classic,56500.0,17920.72,999,Active,2025-03-31
CC003246,C00922,Classic,33000.0,9839.71,0,Active,2022-10-21
CC003247,C14263,Signature,69400.0,18473.9,999,Active,2022-04-24
CC003248,C05906,Classic,48300.0,17067.95,999,Blocked,2024-10-28
CC003249,C13876,Gold,34700.0,12256.96,499,Active,2023-06-28
CC003250,C11274,Classic,45900.0,5784.41,0,Active,2022-05-18
CC003251,C07993,Signature,20000.0,3405.75,0,Active,2024-09-18
CC003252,C09064,Platinum,36000.0,8375.31,2999,Active,2024-03-15
CC003253,C11074,Gold,25700.0,6620.53,1999,Active,2024-11-18
CC003254,C11255,Platinum,48200.0,13914.02,499,Active,2024-09-01
CC003255,C00178,Gold,22700.0,4715.84,999,Closed,2025-09-29
CC003256,C08550,Platinum,21700.0,11650.14,0,Active,2024-12-19
CC003257,C11514,Classic,32500.0,18076.44,1999,Active,2023-12-03
CC003258,C14450,Classic,39000.0,9855.11,999,Active,2022-07-14
CC003259,C13903,Signature,26200.0,1342.42,1999,Active,2023-11-25
CC003260,C10404,Signature,20200.0,2940.58,1999,Active,2025-03-08
CC003261,C06008,Platinum,96600.0,36058.52,1999,Active,2023-06-21
CC003262,C06415,Platinum,36900.0,5920.43,0,Active,2022-07-06
CC003263,C05523,Platinum,20000.0,7264.26,0,Active,2023-03-17
CC003264,C00794,Gold,61100.0,25496.15,499,Active,2024-09-24
CC003265,C05711,Classic,35300.0,9142.54,999,Active,2022-04-15
CC003266,C06026,Gold,57700.0,22143.78,999,Active,2022-02-19
CC003267,C02779,Classic,43100.0,4430.95,1999,Active,2024-07-12
CC003268,C02214,Platinum,229400.0,10963.12,499,Active,2025-05-01
CC003269,C14728,Platinum,29000.0,1170.29,0,Active,2025-08-09
CC003270,C08725,Platinum,22000.0,2531.71,499,Active,2025-11-12
CC003271,C00878,Gold,40100.0,3442.99,0,Active,2022-03-04
CC003272,C13690,Platinum,48100.0,25860.29,499,Closed,2025-08-01
CC003273,C03077,Gold,41900.0,10769.49,0,Active,2025-02-21
CC003274,C11840,Platinum,58800.0,5941.98,499,Active,2023-10-19
CC003275,C14460,Gold,75100.0,42620.13,999,Active,2023-09-10
CC003276,C11487,Classic,65600.0,41670.86,499,Active,2025-01-26
CC003277,C03195,Gold,87100.0,14024.89,499,Active,2025-11-21
CC003278,C08304,Gold,20000.0,4278.66,999,Active,2024-09-09
CC003279,C06366,Gold,75100.0,18320.2,0,Active,2024-07-07
CC003280,C13075,Platinum,20000.0,2838.0,499,Active,2022-05-15
CC003281,C02305,Classic,43500.0,10497.85,999,Active,2023-08-10
CC003282,C08467,Gold,61700.0,26277.68,499,Active,2022-09-26
CC003283,C13827,Gold,48400.0,9032.12,999,Active,2023-04-07
CC003284,C05596,Gold,87500.0,37031.79,499,Active,2025-10-17
CC003285,C10903,Platinum,66400.0,3662.13,1999,Active,2024-03-25
CC003286,C14234,Classic,91100.0,23265.55,0,Active,2022-10-17
CC003287,C07949,Platinum,27900.0,19599.25,0,Active,2022-01-24
CC003288,C07250,Platinum,28500.0,8006.83,0,Active,2022-02-15
CC003289,C01499,Gold,72700.0,24369.24,0,Active,2023-08-25
CC003290,C04649,Signature,24000.0,3712.81,0,Active,2022-10-04
CC003291,C11320,Gold,97800.0,20152.32,999,Active,2024-09-24
CC003292,C06277,Classic,27500.0,3927.89,2999,Active,2023-12-04
CC003293,C05080,Classic,34600.0,5148.12,499,Blocked,2024-08-09
CC003294,C04851,Platinum,87500.0,29075.8,499,Active,2022-11-08
CC003295,C14478,Platinum,68700.0,15495.14,999,Active,2022-06-05
CC003296,C10616,Classic,20000.0,3245.72,499,Active,2023-12-07
CC003297,C07706,Platinum,67600.0,34256.82,499,Active,2024-11-17
CC003298,C09010,Classic,37900.0,13456.97,999,Closed,2025-09-17
CC003299,C13440,Classic,76600.0,24595.21,0,Active,2023-08-05
CC003300,C03157,Platinum,54200.0,8521.32,0,Blocked,2025-06-19
CC003301,C13072,Platinum,44900.0,16421.23,0,Active,2024-08-31
CC003302,C06047,Gold,40000.0,7072.17,0,Closed,2023-07-24
CC003303,C04397,Platinum,65600.0,15826.11,1999,Active,2022-12-26
CC003304,C06272,Classic,93200.0,21064.27,499,Active,2023-12-19
CC003305,C04862,Classic,28000.0,7341.89,0,Active,2024-01-06
CC003306,C02405,Classic,54400.0,24827.77,0,Active,2023-07-11
CC003307,C05887,Platinum,20000.0,1781.27,2999,Active,2024-05-26
CC003308,C03132,Platinum,29600.0,6121.11,0,Active,2023-01-13
CC003309,C14408,Signature,184600.0,41256.87,1999,Closed,2025-04-23
CC003310,C08168,Classic,29000.0,18586.36,0,Active,2025-08-24
CC003311,C00578,Classic,32200.0,25010.64,999,Active,2024-01-10
CC003312,C09748,Gold,29900.0,4983.63,0,Active,2023-10-16
CC003313,C04705,Platinum,135100.0,42456.97,0,Active,2023-05-03
CC003314,C01033,Gold,50900.0,4867.44,1999,Active,2023-06-26
CC003315,C01426,Gold,36000.0,10941.84,1999,Closed,2023-04-17
CC003316,C11395,Gold,54900.0,7069.39,2999,Active,2022-02-24
CC003317,C02196,Signature,20000.0,4843.43,999,Closed,2022-06-04
CC003318,C14994,Gold,135000.0,31180.04,2999,Active,2025-10-10
CC003319,C12755,Gold,79200.0,26478.88,1999,Active,2024-08-07
CC003320,C09626,Platinum,93400.0,24786.38,0,Active,2025-12-30
CC003321,C02913,Gold,20000.0,5024.17,1999,Active,2023-02-02
CC003322,C07498,Platinum,42600.0,29748.41,0,Active,2023-07-13
CC003323,C07010,Gold,164300.0,15198.26,0,Active,2025-02-07
CC003324,C09857,Signature,35900.0,15622.03,999,Active,2023-07-25
CC003325,C03289,Signature,21100.0,4709.63,499,Active,2024-03-26
CC003326,C09544,Signature,60700.0,23940.33,1999,Active,2024-05-26
CC003327,C03685,Platinum,50900.0,17357.19,0,Active,2025-08-23
CC003328,C08503,Signature,48800.0,6522.64,0,Active,2024-12-25
CC003329,C09690,Classic,40700.0,10113.79,999,Active,2025-10-03
CC003330,C02338,Signature,103400.0,2233.18,999,Active,2024-10-25
CC003331,C04134,Platinum,64500.0,16341.28,999,Active,2025-04-18
CC003332,C01505,Classic,39400.0,18818.26,0,Active,2025-08-17
CC003333,C14599,Platinum,36100.0,11062.02,999,Active,2023-08-29
CC003334,C12227,Signature,130000.0,31848.6,999,Active,2025-12-14
CC003335,C04648,Gold,66100.0,10063.94,0,Active,2023-02-13
CC003336,C14178,Gold,23300.0,6993.14,999,Active,2024-08-15
CC003337,C11818,Platinum,63800.0,22634.28,0,Active,2025-05-09
CC003338,C12791,Platinum,20000.0,1547.17,499,Active,2025-07-28
CC003339,C12625,Classic,38000.0,8063.65,0,Active,2022-02-26
CC003340,C02462,Platinum,41200.0,15854.18,0,Active,2023-01-19
CC003341,C06405,Gold,53200.0,26489.62,499,Active,2024-12-03
CC003342,C08378,Platinum,139000.0,35085.77,499,Active,2023-05-21
CC003343,C01110,Classic,21900.0,12152.2,1999,Active,2024-09-01
CC003344,C01186,Platinum,37600.0,18043.02,999,Active,2025-08-14
CC003345,C00352,Gold,27600.0,11014.56,1999,Active,2022-03-25
CC003346,C03013,Platinum,56300.0,23141.21,1999,Active,2024-04-13
CC003347,C14348,Classic,88600.0,17599.87,499,Active,2023-03-17
CC003348,C02449,Gold,104600.0,48922.0,1999,Active,2025-10-20
CC003349,C04430,Classic,47700.0,26564.41,1999,Active,2023-12-25
CC003350,C14586,Signature,22200.0,2596.38,1999,Active,2024-03-05
CC003351,C12634,Gold,143100.0,56976.99,499,Active,2024-11-05
CC003352,C03210,Classic,20000.0,9219.11,499,Active,2022-04-27
CC003353,C10233,Classic,38600.0,8147.37,1999,Active,2022-03-07
CC003354,C03020,Classic,20000.0,3910.4,999,Active,2023-03-07
CC003355,C00415,Platinum,56400.0,3063.88,0,Active,2023-08-05
CC003356,C09246,Classic,56800.0,17417.55,2999,Active,2022-03-19
CC003357,C02847,Gold,21700.0,11945.72,1999,Active,2022-07-20
CC003358,C11747,Classic,80500.0,6006.33,499,Active,2025-03-27
CC003359,C09630,Gold,44500.0,19598.16,999,Active,2025-07-25
CC003360,C01914,Gold,34100.0,9748.66,0,Active,2024-08-12
CC003361,C12250,Classic,130800.0,81038.2,1999,Active,2024-10-23
CC003362,C04112,Gold,20200.0,6613.08,0,Active,2022-03-02
CC003363,C13752,Gold,90500.0,14261.9,0,Active,2023-01-14
CC003364,C06983,Classic,44500.0,4295.95,999,Active,2025-03-14
CC003365,C06604,Classic,30600.0,11055.14,1999,Active,2025-08-08
CC003366,C07193,Gold,45500.0,21645.79,999,Active,2023-01-15
CC003367,C11431,Signature,28400.0,9508.14,0,Active,2022-10-22
CC003368,C09604,Classic,83400.0,18414.26,2999,Active,2022-10-15
CC003369,C00096,Platinum,35300.0,8190.55,499,Active,2024-09-02
CC003370,C05041,Gold,21700.0,6206.16,499,Active,2024-03-11
CC003371,C00935,Platinum,22300.0,10871.44,499,Active,2023-03-17
CC003372,C12422,Classic,94000.0,50842.52,0,Active,2022-01-01
CC003373,C13358,Classic,66600.0,6858.51,0,Active,2025-06-15
CC003374,C00890,Classic,25000.0,9215.78,999,Active,2023-01-03
CC003375,C10647,Classic,33100.0,3799.63,0,Active,2024-03-07
CC003376,C10182,Platinum,30800.0,12367.7,0,Active,2022-11-26
CC003377,C11465,Platinum,34000.0,6766.37,2999,Active,2025-11-15
CC003378,C03703,Classic,92200.0,21329.37,0,Active,2023-03-02
CC003379,C02138,Classic,20000.0,1146.57,499,Active,2025-07-14
CC003380,C07180,Platinum,20000.0,5470.41,0,Active,2024-12-09
CC003381,C07591,Classic,54500.0,32373.07,999,Active,2025-05-03
CC003382,C13736,Gold,53700.0,13171.03,1999,Active,2024-08-25
CC003383,C04942,Signature,38100.0,3391.4,999,Blocked,2024-06-20
CC003384,C03907,Gold,48400.0,14689.59,0,Active,2024-08-30
CC003385,C01762,Platinum,24400.0,9297.87,499,Active,2024-09-02
CC003386,C10354,Classic,102800.0,29813.76,2999,Active,2024-08-01
CC003387,C10170,Signature,51800.0,12993.75,1999,Active,2024-12-20
CC003388,C09504,Classic,77000.0,18850.63,499,Active,2025-12-11
CC003389,C00128,Signature,105700.0,42993.43,1999,Closed,2025-03-13
CC003390,C01628,Gold,41600.0,18430.54,499,Active,2025-12-02
CC003391,C05122,Gold,59800.0,11682.13,999,Active,2023-07-30
CC003392,C06917,Classic,36800.0,2897.7,2999,Active,2022-02-27
CC003393,C02797,Platinum,57600.0,15610.92,0,Active,2024-08-23
CC003394,C00391,Classic,40100.0,7041.89,499,Blocked,2025-04-08
CC003395,C07179,Classic,20800.0,10603.01,2999,Active,2024-02-07
CC003396,C05182,Classic,25700.0,8957.99,999,Active,2024-12-08
CC003397,C00707,Platinum,30900.0,18695.84,999,Active,2024-04-10
CC003398,C11791,Classic,131300.0,23443.72,0,Active,2024-08-02
CC003399,C03568,Classic,33600.0,15021.18,499,Active,2025-08-04
CC003400,C11119,Gold,92100.0,40334.37,1999,Active,2025-11-25
CC003401,C12368,Classic,36200.0,2810.58,0,Active,2024-09-13
CC003402,C10481,Platinum,31500.0,5248.94,0,Active,2022-08-02
CC003403,C06483,Classic,29000.0,9848.55,0,Active,2022-05-06
CC003404,C08850,Classic,26800.0,4040.86,2999,Blocked,2022-08-27
CC003405,C14198,Gold,57900.0,21374.3,499,Active,2024-01-27
CC003406,C07116,Classic,70200.0,8360.39,0,Active,2022-01-29
CC003407,C10609,Signature,20000.0,6476.71,499,Active,2024-05-13
CC003408,C01002,Classic,58800.0,22542.09,2999,Active,2024-06-09
CC003409,C04801,Classic,32200.0,13748.91,1999,Active,2022-10-16
CC003410,C09258,Classic,23100.0,13164.47,499,Active,2022-11-01
CC003411,C06402,Platinum,62700.0,9541.89,999,Active,2024-06-07
CC003412,C05410,Gold,73800.0,40500.98,499,Active,2025-01-20
CC003413,C02545,Signature,47600.0,11952.51,499,Active,2025-09-28
CC003414,C01223,Gold,20000.0,5750.12,1999,Active,2024-12-08
CC003415,C08751,Signature,72000.0,4499.4,0,Active,2023-04-07
CC003416,C07730,Classic,86900.0,39744.91,0,Active,2024-06-14
CC003417,C08796,Signature,39800.0,10537.26,1999,Active,2025-07-31
CC003418,C13903,Classic,27800.0,1389.89,499,Active,2025-06-16
CC003419,C10983,Classic,105600.0,66572.71,999,Active,2025-03-02
CC003420,C01589,Classic,32600.0,12207.01,1999,Active,2023-11-01
CC003421,C02208,Gold,27700.0,14118.04,0,Active,2023-07-28
CC003422,C01934,Platinum,81200.0,56792.72,1999,Active,2024-02-24
CC003423,C08614,Gold,25300.0,6125.65,999,Active,2024-06-26
CC003424,C08171,Classic,20000.0,4108.8,2999,Active,2024-03-26
CC003425,C07535,Classic,60700.0,18276.22,999,Active,2024-10-17
CC003426,C04359,Gold,30800.0,11104.51,0,Active,2022-10-02
CC003427,C11347,Classic,22100.0,7003.2,1999,Active,2025-12-25
CC003428,C14326,Classic,147700.0,59652.84,0,Active,2025-09-07
CC003429,C03937,Signature,20000.0,751.93,0,Active,2022-08-04
CC003430,C02625,Classic,68000.0,24474.53,0,Active,2024-08-27
CC003431,C00433,Platinum,75400.0,49721.24,499,Active,2023-07-30
CC003432,C03475,Platinum,44100.0,7466.39,1999,Blocked,2022-12-09
CC003433,C03659,Signature,39400.0,4615.23,2999,Active,2023-11-05
CC003434,C14071,Classic,22600.0,3232.23,499,Active,2025-05-20
CC003435,C00688,Platinum,156800.0,72335.78,0,Active,2022-10-19
CC003436,C07042,Gold,20000.0,12552.95,1999,Active,2023-09-27
CC003437,C01176,Platinum,44200.0,13283.04,999,Blocked,2024-02-27
CC003438,C07872,Gold,48400.0,15211.75,0,Active,2025-03-12
CC003439,C13447,Classic,65400.0,16153.89,1999,Active,2022-04-29
CC003440,C11243,Classic,35500.0,3722.51,999,Active,2025-12-29
CC003441,C07975,Classic,24200.0,9994.04,0,Active,2024-03-30
CC003442,C09946,Gold,42800.0,18427.02,999,Active,2022-12-19
CC003443,C08414,Platinum,42400.0,17152.72,999,Active,2025-04-03
CC003444,C07096,Platinum,40400.0,6229.19,499,Active,2025-10-26
CC003445,C00904,Gold,92800.0,13490.08,0,Active,2024-12-23
CC003446,C00219,Signature,105500.0,30935.45,999,Active,2024-07-18
CC003447,C02063,Platinum,20000.0,1646.58,1999,Active,2023-02-11
CC003448,C06758,Classic,73100.0,39952.98,0,Active,2022-02-16
CC003449,C04747,Classic,46900.0,8382.63,499,Active,2024-09-16
CC003450,C08867,Platinum,20000.0,3061.01,0,Closed,2022-01-06
CC003451,C08442,Classic,20000.0,8720.38,499,Active,2022-05-25
CC003452,C10568,Platinum,46500.0,1425.28,2999,Active,2023-06-08
CC003453,C00156,Gold,56400.0,9479.51,999,Active,2023-07-18
CC003454,C05183,Gold,20000.0,9210.42,1999,Active,2024-04-12
CC003455,C04803,Classic,43500.0,5756.15,499,Active,2022-12-10
CC003456,C13870,Classic,34400.0,19630.73,499,Active,2023-11-28
CC003457,C05669,Gold,30200.0,5327.03,0,Active,2022-12-18
CC003458,C08197,Gold,20000.0,8522.42,0,Active,2022-08-04
CC003459,C03356,Gold,20000.0,5766.33,499,Active,2023-08-15
CC003460,C05152,Gold,20200.0,3296.1,999,Active,2025-08-30
CC003461,C05823,Signature,56100.0,10850.55,499,Active,2024-01-27
CC003462,C09278,Gold,50800.0,16399.6,499,Active,2023-03-04
CC003463,C11887,Gold,20000.0,7815.28,499,Active,2023-05-23
CC003464,C09382,Classic,52500.0,17366.56,999,Active,2022-05-29
CC003465,C07041,Classic,20000.0,6118.03,1999,Active,2022-02-26
CC003466,C10277,Platinum,20000.0,2901.69,0,Active,2024-02-06
CC003467,C13165,Gold,152400.0,13189.21,0,Active,2022-12-18
CC003468,C13308,Platinum,47800.0,22195.96,999,Active,2025-11-22
CC003469,C14608,Gold,65700.0,26866.98,499,Active,2025-02-10
CC003470,C01794,Platinum,84500.0,24195.75,1999,Active,2023-08-18
CC003471,C01040,Classic,46100.0,16838.41,499,Active,2024-07-13
CC003472,C10989,Classic,46200.0,21707.22,0,Active,2022-06-20
CC003473,C08116,Classic,41900.0,14620.79,999,Active,2022-06-05
CC003474,C09078,Gold,69500.0,11077.66,499,Active,2024-10-01
CC003475,C13558,Platinum,53300.0,6854.13,0,Active,2025-09-07
CC003476,C14475,Platinum,120500.0,27946.36,999,Active,2024-02-23
CC003477,C11035,Gold,20000.0,3570.87,999,Active,2024-11-26
CC003478,C09827,Platinum,79700.0,16641.85,999,Active,2022-06-23
CC003479,C04362,Classic,20000.0,8160.35,0,Active,2023-05-01
CC003480,C05750,Classic,44600.0,5457.58,499,Blocked,2025-10-17
CC003481,C07316,Gold,46100.0,11836.0,499,Active,2023-01-03
CC003482,C09914,Gold,100300.0,36702.85,0,Active,2022-05-24
CC003483,C10048,Classic,73900.0,6667.68,1999,Active,2023-05-17
CC003484,C03565,Classic,66700.0,7364.18,1999,Active,2022-04-29
CC003485,C11074,Signature,71200.0,12634.68,499,Active,2022-09-13
CC003486,C14243,Gold,32800.0,1593.29,0,Active,2023-03-18
CC003487,C14139,Gold,91800.0,18844.98,0,Active,2025-01-09
CC003488,C07902,Classic,20000.0,616.15,999,Active,2025-09-01
CC003489,C02012,Platinum,38400.0,9427.32,1999,Active,2024-01-26
CC003490,C09245,Gold,46100.0,20838.64,0,Active,2025-09-01
CC003491,C04357,Platinum,20000.0,1798.12,0,Blocked,2025-12-09
CC003492,C06510,Platinum,34400.0,6621.62,1999,Active,2025-08-08
CC003493,C07323,Classic,49500.0,14993.23,499,Active,2024-03-30
CC003494,C10221,Classic,20000.0,3716.21,0,Active,2022-03-27
CC003495,C11325,Gold,61500.0,31008.99,0,Blocked,2024-02-03
CC003496,C11187,Gold,55100.0,6178.02,0,Active,2024-01-08
CC003497,C14943,Platinum,20000.0,8954.55,499,Active,2025-07-31
CC003498,C01818,Classic,50900.0,11769.91,499,Active,2023-02-13
CC003499,C14300,Classic,62800.0,38011.82,499,Active,2023-01-27
CC003500,C09972,Platinum,30100.0,18544.37,999,Active,2022-07-29
CC003501,C03153,Platinum,87800.0,39330.17,1999,Active,2024-08-22
CC003502,C10200,Classic,51700.0,20611.63,0,Active,2023-02-12
CC003503,C07883,Platinum,32700.0,18203.8,999,Closed,2025-01-26
CC003504,C05471,Signature,49800.0,12388.95,499,Active,2025-12-26
CC003505,C10285,Gold,80700.0,27558.49,0,Active,2024-04-07
CC003506,C02735,Gold,20000.0,4313.32,0,Closed,2024-11-24
CC003507,C03997,Classic,49000.0,10527.53,999,Active,2025-03-10
CC003508,C11639,Signature,53700.0,17935.65,999,Active,2023-03-27
CC003509,C13627,Platinum,48600.0,12657.64,999,Active,2024-09-01
CC003510,C08522,Classic,41500.0,11735.34,999,Active,2024-03-08
CC003511,C06992,Gold,41700.0,14424.21,0,Active,2025-11-13
CC003512,C13937,Gold,92600.0,56165.59,1999,Active,2022-02-03
CC003513,C11375,Classic,43300.0,1163.27,0,Active,2025-01-23
CC003514,C02224,Gold,63900.0,25416.79,1999,Active,2022-02-06
CC003515,C02029,Gold,28600.0,18186.48,499,Active,2024-06-13
CC003516,C12745,Gold,33200.0,5596.99,1999,Active,2024-09-26
CC003517,C01839,Gold,28400.0,5352.21,0,Active,2022-02-21
CC003518,C03439,Gold,39400.0,6564.97,0,Active,2025-11-17
CC003519,C13461,Gold,32900.0,4636.7,2999,Active,2022-09-09
CC003520,C10531,Classic,36800.0,12420.27,999,Blocked,2025-07-17
CC003521,C01494,Gold,20000.0,8101.13,0,Blocked,2023-07-12
CC003522,C08188,Platinum,64300.0,8424.38,1999,Active,2022-01-20
CC003523,C12387,Platinum,53200.0,10115.68,1999,Active,2024-05-30
CC003524,C01122,Gold,20000.0,9740.98,1999,Closed,2024-08-14
CC003525,C01720,Signature,70400.0,25329.49,999,Active,2024-07-16
CC003526,C06494,Gold,91000.0,26131.55,499,Active,2023-05-09
CC003527,C14671,Platinum,83300.0,13812.81,499,Active,2022-11-26
CC003528,C06104,Platinum,84400.0,14264.27,999,Active,2024-09-17
CC003529,C01330,Platinum,25700.0,7907.61,0,Active,2024-08-10
CC003530,C10608,Platinum,31400.0,4388.92,0,Active,2025-09-03
CC003531,C11741,Classic,41000.0,9537.92,499,Active,2022-09-23
CC003532,C09091,Gold,39800.0,16217.85,999,Active,2023-01-21
CC003533,C01890,Gold,39300.0,15173.25,0,Active,2022-02-03
CC003534,C04775,Gold,60000.0,7638.41,1999,Active,2024-08-31
CC003535,C14772,Classic,30500.0,11599.04,499,Active,2025-05-25
CC003536,C07973,Classic,20000.0,10056.09,0,Active,2023-10-17
CC003537,C07014,Platinum,33900.0,21432.53,0,Active,2024-10-09
CC003538,C12114,Classic,77400.0,1548.0,2999,Active,2023-02-11
CC003539,C08388,Classic,20000.0,2017.39,1999,Blocked,2023-02-22
CC003540,C12077,Signature,44800.0,13141.08,999,Active,2025-10-06
CC003541,C01651,Gold,36800.0,5413.14,999,Active,2022-06-12
CC003542,C01494,Classic,90400.0,1808.0,499,Active,2022-09-12
CC003543,C02400,Platinum,58300.0,12156.63,1999,Active,2022-09-12
CC003544,C06701,Classic,57700.0,15388.2,499,Blocked,2024-09-04
CC003545,C00720,Platinum,26200.0,1735.01,999,Closed,2024-08-12
CC003546,C02759,Classic,38200.0,8272.12,499,Active,2024-06-06
CC003547,C01987,Platinum,27600.0,9691.96,0,Active,2023-02-19
CC003548,C00518,Classic,107200.0,36865.07,0,Active,2025-01-28
CC003549,C12092,Gold,31600.0,7643.23,0,Active,2024-07-19
CC003550,C01760,Classic,50600.0,11986.57,0,Active,2024-08-10
CC003551,C08769,Classic,20000.0,5457.07,499,Active,2022-11-19
CC003552,C10340,Classic,122800.0,48583.29,2999,Active,2025-12-06
CC003553,C04923,Classic,30400.0,11324.81,0,Active,2022-03-01
CC003554,C12625,Gold,58700.0,26017.71,2999,Closed,2022-04-26
CC003555,C03094,Gold,20800.0,4309.33,0,Active,2022-11-18
CC003556,C05353,Gold,65700.0,21666.71,999,Active,2022-03-12
CC003557,C13836,Gold,42200.0,4962.4,0,Closed,2025-01-17
CC003558,C08455,Signature,20000.0,9035.54,999,Active,2025-08-02
CC003559,C10745,Gold,38600.0,16060.97,999,Active,2023-08-14
CC003560,C07738,Gold,20000.0,3293.62,2999,Active,2024-04-11
CC003561,C11789,Gold,35900.0,18879.9,499,Active,2025-10-21
CC003562,C08770,Classic,168500.0,66029.78,999,Active,2022-12-07
CC003563,C14172,Classic,110800.0,18089.76,999,Active,2022-11-07
CC003564,C06986,Classic,52100.0,2784.25,999,Active,2022-01-18
CC003565,C00503,Signature,48400.0,23708.81,0,Active,2024-10-02
CC003566,C06895,Classic,98400.0,36657.66,999,Active,2025-12-11
CC003567,C12678,Signature,38200.0,16180.27,499,Active,2023-06-24
CC003568,C10909,Gold,34800.0,13448.33,0,Active,2024-05-03
CC003569,C12604,Platinum,130400.0,66883.77,999,Active,2024-11-30
CC003570,C04279,Platinum,55000.0,6607.79,0,Active,2022-07-15
CC003571,C00598,Platinum,27700.0,2122.72,499,Active,2023-12-19
CC003572,C05482,Gold,32000.0,16081.49,999,Closed,2023-01-07
CC003573,C13593,Classic,235000.0,60714.8,999,Active,2025-10-18
CC003574,C07298,Gold,24500.0,2379.17,999,Active,2024-05-31
CC003575,C13604,Gold,39400.0,6392.15,999,Active,2022-10-23
CC003576,C00189,Signature,94400.0,28974.21,0,Active,2023-07-05
CC003577,C01334,Platinum,21100.0,6805.3,499,Active,2025-02-12
CC003578,C07390,Classic,20000.0,2499.83,1999,Active,2022-10-18
CC003579,C14915,Classic,58900.0,26856.57,999,Active,2022-02-09
CC003580,C02879,Platinum,35200.0,13582.99,0,Active,2025-01-22
CC003581,C06049,Platinum,20000.0,6814.43,999,Active,2022-01-01
CC003582,C06418,Gold,43800.0,10970.79,999,Active,2022-05-03
CC003583,C03675,Gold,56400.0,34104.02,0,Closed,2025-10-21
CC003584,C05348,Platinum,132300.0,52128.53,0,Blocked,2024-08-02
CC003585,C01891,Platinum,46400.0,10250.28,0,Active,2024-02-26
CC003586,C13798,Platinum,44100.0,5390.85,0,Active,2024-08-31
CC003587,C00821,Gold,32300.0,14767.65,0,Active,2022-04-05
CC003588,C14752,Classic,69500.0,33828.86,1999,Active,2024-10-05
CC003589,C09867,Platinum,21300.0,3674.47,0,Active,2023-02-16
CC003590,C00823,Signature,48000.0,3978.08,0,Active,2023-03-25
CC003591,C08691,Classic,46700.0,16991.91,0,Active,2023-12-16
CC003592,C09751,Platinum,184500.0,105879.56,0,Active,2024-09-03
CC003593,C00596,Platinum,20000.0,6850.86,999,Active,2024-09-28
CC003594,C09962,Gold,23300.0,6164.32,0,Active,2022-01-08
CC003595,C08034,Classic,83500.0,9582.2,999,Active,2024-12-10
CC003596,C13559,Classic,39000.0,17252.69,999,Active,2022-04-14
CC003597,C05691,Signature,300500.0,81053.4,499,Active,2025-10-19
CC003598,C03977,Platinum,47100.0,25564.31,2999,Blocked,2023-12-19
CC003599,C11011,Classic,35800.0,5257.39,0,Blocked,2023-04-11
CC003600,C06023,Signature,126200.0,70994.02,499,Active,2025-04-02
CC003601,C09997,Gold,30300.0,3344.61,499,Active,2022-06-12
CC003602,C07637,Classic,37700.0,14451.89,1999,Active,2024-03-04
CC003603,C12135,Platinum,23800.0,9621.75,999,Closed,2024-11-26
CC003604,C06301,Signature,20000.0,8030.71,999,Active,2022-08-26
CC003605,C08008,Gold,28700.0,5975.28,1999,Closed,2022-03-21
CC003606,C04323,Gold,118700.0,40244.56,1999,Active,2022-03-14
CC003607,C14020,Classic,78000.0,16724.7,499,Active,2023-01-19
CC003608,C09450,Classic,22500.0,3679.43,499,Active,2022-11-18
CC003609,C11567,Classic,44700.0,28630.08,0,Closed,2025-05-29
CC003610,C12283,Classic,20500.0,9334.96,0,Active,2022-09-28
CC003611,C04252,Classic,21600.0,6091.07,499,Active,2022-05-06
CC003612,C07167,Gold,156500.0,69963.07,0,Active,2023-09-27
CC003613,C04811,Platinum,117400.0,72082.52,1999,Active,2024-08-08
CC003614,C13807,Signature,39000.0,10674.69,999,Active,2023-04-21
CC003615,C13927,Classic,69200.0,11061.39,499,Active,2022-11-09
CC003616,C06711,Platinum,45900.0,17077.82,0,Active,2025-05-07
CC003617,C02432,Platinum,31600.0,16559.71,0,Active,2023-10-28
CC003618,C02964,Classic,103500.0,43159.73,0,Active,2023-02-16
CC003619,C14244,Platinum,79100.0,49875.64,0,Active,2024-10-16
CC003620,C09436,Platinum,25500.0,5169.33,0,Active,2023-06-08
CC003621,C04094,Gold,54000.0,23273.21,0,Closed,2022-01-25
CC003622,C10870,Gold,146500.0,37828.01,1999,Active,2024-07-05
CC003623,C00359,Classic,33000.0,5959.86,1999,Active,2023-07-17
CC003624,C04747,Signature,77900.0,17168.67,999,Active,2023-11-13
CC003625,C01026,Platinum,62500.0,13544.92,0,Active,2024-12-06
CC003626,C10780,Classic,29000.0,10810.2,499,Active,2024-03-18
CC003627,C02233,Signature,67800.0,22671.02,2999,Active,2024-07-02
CC003628,C02649,Classic,31200.0,13255.03,999,Active,2025-03-10
CC003629,C02927,Gold,25500.0,4307.68,499,Active,2023-05-28
CC003630,C05929,Classic,34400.0,26639.54,0,Active,2024-02-02
CC003631,C14378,Gold,20000.0,7940.58,0,Closed,2025-01-14
CC003632,C05337,Gold,85000.0,16043.75,0,Active,2023-04-16
CC003633,C02755,Classic,72100.0,21955.94,1999,Active,2022-12-28
CC003634,C00957,Classic,63800.0,14595.96,0,Active,2025-04-22
CC003635,C11179,Classic,61100.0,15382.39,1999,Closed,2022-08-09
CC003636,C09596,Classic,34300.0,7516.37,999,Active,2024-02-04
CC003637,C02646,Gold,30400.0,4484.92,999,Active,2024-01-18
CC003638,C11176,Platinum,49900.0,15326.3,999,Active,2023-05-12
CC003639,C11033,Platinum,48500.0,10117.32,0,Active,2025-12-16
CC003640,C07983,Gold,54300.0,19626.59,1999,Blocked,2024-05-31
CC003641,C11023,Classic,52200.0,4585.93,1999,Active,2024-02-08
CC003642,C08637,Signature,32600.0,14654.44,499,Active,2023-11-19
CC003643,C07138,Platinum,55500.0,23983.8,0,Closed,2024-10-14
CC003644,C03291,Classic,36400.0,17926.83,499,Active,2023-11-12
CC003645,C10906,Classic,90100.0,17644.84,999,Active,2023-05-22
CC003646,C00288,Classic,36800.0,24137.49,999,Active,2022-12-01
CC003647,C08761,Gold,46700.0,23674.48,999,Active,2024-09-11
CC003648,C00372,Platinum,41700.0,19563.27,999,Active,2025-04-29
CC003649,C03603,Gold,32600.0,1340.62,1999,Active,2025-04-30
CC003650,C11436,Classic,86300.0,18349.39,1999,Active,2025-05-25
CC003651,C07404,Classic,88600.0,28531.86,0,Active,2022-08-22
CC003652,C01163,Gold,77900.0,3988.17,499,Active,2025-12-23
CC003653,C04081,Classic,20000.0,4428.2,999,Active,2025-09-04
CC003654,C12270,Classic,22200.0,5151.67,499,Active,2024-11-07
CC003655,C14301,Gold,162900.0,38252.82,0,Active,2025-08-03
CC003656,C11502,Classic,20400.0,4483.12,0,Active,2023-04-23
CC003657,C02114,Platinum,29900.0,15531.57,1999,Active,2025-10-17
CC003658,C02232,Platinum,51100.0,21179.98,0,Active,2024-03-24
CC003659,C03063,Gold,83100.0,25246.27,0,Active,2025-12-08
CC003660,C05442,Platinum,38400.0,10478.32,0,Active,2025-05-18
CC003661,C12283,Classic,32300.0,7109.31,1999,Active,2023-11-14
CC003662,C11537,Gold,81300.0,24967.6,499,Active,2024-07-04
CC003663,C04209,Platinum,69500.0,13497.76,499,Active,2024-04-03
CC003664,C08224,Gold,151600.0,21683.52,999,Active,2024-03-24
CC003665,C00564,Classic,21900.0,3125.49,0,Active,2025-03-16
CC003666,C03540,Platinum,37900.0,8235.83,1999,Active,2023-05-14
CC003667,C08604,Classic,49900.0,3417.81,499,Active,2023-05-10
CC003668,C10625,Gold,27000.0,14698.22,1999,Active,2022-10-12
CC003669,C11378,Gold,41800.0,7021.19,1999,Active,2023-09-15
CC003670,C08353,Platinum,24800.0,6640.63,0,Active,2023-05-05
CC003671,C00472,Gold,45000.0,9595.08,0,Active,2024-08-26
CC003672,C07546,Gold,20000.0,3525.59,999,Active,2025-07-13
CC003673,C00174,Classic,46100.0,4691.17,0,Active,2025-03-16
CC003674,C10844,Platinum,50200.0,20143.99,0,Active,2024-04-11
CC003675,C14218,Gold,32900.0,13078.26,499,Active,2023-12-13
CC003676,C04433,Gold,48000.0,11790.23,499,Active,2022-01-24
CC003677,C01926,Classic,48800.0,12748.6,499,Active,2024-11-11
CC003678,C07971,Gold,56900.0,30777.57,499,Active,2024-08-21
CC003679,C12707,Platinum,20000.0,5424.97,0,Active,2024-03-30
CC003680,C01314,Classic,171600.0,80336.41,0,Active,2024-12-16
CC003681,C11197,Platinum,74200.0,18397.9,1999,Active,2025-06-10
CC003682,C02633,Classic,21200.0,2931.22,999,Active,2025-08-06
CC003683,C11613,Signature,21000.0,3354.31,499,Active,2024-05-18
CC003684,C05081,Classic,42300.0,10724.65,0,Active,2024-12-10
CC003685,C13714,Platinum,26400.0,5149.06,0,Active,2025-01-31
CC003686,C07812,Gold,44800.0,33145.76,999,Active,2025-09-16
CC003687,C11918,Gold,20000.0,2353.74,999,Active,2025-04-25
CC003688,C11280,Signature,46400.0,3139.36,0,Active,2024-02-04
CC003689,C09821,Classic,92600.0,36764.96,1999,Active,2023-03-22
CC003690,C13242,Platinum,32100.0,9436.94,1999,Active,2025-06-23
CC003691,C02812,Platinum,72300.0,9524.61,999,Active,2023-10-21
CC003692,C02018,Classic,85600.0,25097.99,0,Active,2023-04-16
CC003693,C10877,Platinum,20000.0,8565.32,0,Blocked,2022-11-11
CC003694,C05190,Platinum,114200.0,40071.74,1999,Active,2022-05-09
CC003695,C11306,Gold,29500.0,8059.2,499,Active,2022-01-29
CC003696,C03083,Classic,20000.0,6428.49,0,Active,2023-03-26
CC003697,C06826,Platinum,34200.0,2261.59,999,Active,2025-05-25
CC003698,C07122,Classic,20000.0,3700.81,499,Active,2023-11-27
CC003699,C05005,Platinum,26300.0,5872.19,0,Active,2024-10-13
CC003700,C14126,Classic,52700.0,12151.72,499,Active,2025-09-28
CC003701,C00728,Platinum,73400.0,14542.57,2999,Active,2022-01-28
CC003702,C11722,Gold,119300.0,23924.11,499,Active,2022-03-26
CC003703,C14061,Classic,49600.0,3529.63,0,Active,2023-09-18
CC003704,C05067,Classic,28100.0,2390.17,1999,Closed,2022-05-11
CC003705,C04014,Gold,81500.0,22212.4,0,Active,2022-12-13
CC003706,C03733,Platinum,48500.0,16046.79,999,Active,2024-06-14
CC003707,C05853,Classic,20000.0,7290.64,1999,Active,2024-08-26
CC003708,C01736,Classic,56900.0,17055.35,499,Active,2022-03-17
CC003709,C02728,Classic,54200.0,33317.18,999,Active,2023-05-27
CC003710,C13476,Gold,32700.0,2404.34,0,Active,2023-10-07
CC003711,C01936,Signature,70000.0,27203.3,0,Active,2023-10-17
CC003712,C12913,Gold,20000.0,3036.33,499,Active,2025-02-13
CC003713,C12907,Gold,31500.0,11187.77,1999,Active,2023-02-28
CC003714,C04603,Platinum,47100.0,26075.42,499,Active,2024-11-12
CC003715,C14718,Platinum,25700.0,4177.05,999,Active,2025-04-05
CC003716,C11535,Gold,125700.0,44507.02,0,Active,2024-11-13
CC003717,C10468,Classic,73200.0,6844.52,0,Active,2023-12-12
CC003718,C12872,Platinum,67000.0,45185.42,2999,Active,2022-05-13
CC003719,C02542,Platinum,20000.0,1340.43,499,Active,2022-12-03
CC003720,C12418,Signature,48900.0,8674.29,0,Active,2025-02-28
CC003721,C01252,Gold,23600.0,9845.29,2999,Active,2022-10-08
CC003722,C11871,Platinum,30300.0,12449.87,999,Active,2022-11-03
CC003723,C11589,Classic,26100.0,14506.27,0,Closed,2022-08-24
CC003724,C14258,Gold,20000.0,7828.62,1999,Active,2022-02-26
CC003725,C00132,Classic,20000.0,5544.23,999,Active,2025-08-14
CC003726,C13963,Classic,31600.0,12190.63,0,Active,2023-08-03
CC003727,C01314,Gold,35000.0,7855.8,1999,Active,2024-12-03
CC003728,C08885,Platinum,21800.0,4488.27,499,Active,2022-04-14
CC003729,C12460,Signature,23100.0,9731.72,499,Active,2024-09-09
CC003730,C13216,Classic,28200.0,2426.8,999,Active,2025-04-09
CC003731,C13569,Gold,59500.0,27975.89,0,Active,2022-10-21
CC003732,C05511,Gold,36400.0,8839.36,999,Active,2024-01-09
CC003733,C14555,Gold,20000.0,1193.96,0,Active,2022-02-12
CC003734,C01187,Platinum,34300.0,7711.26,499,Active,2023-10-28
CC003735,C02004,Classic,72100.0,10032.9,499,Active,2025-01-05
CC003736,C06045,Classic,31100.0,19531.89,2999,Closed,2025-06-22
CC003737,C04875,Classic,36800.0,19496.02,999,Active,2023-04-13
CC003738,C08161,Classic,20000.0,5909.5,999,Closed,2025-06-22
CC003739,C08516,Classic,26400.0,9849.16,999,Active,2022-11-22
CC003740,C01565,Platinum,20000.0,8282.37,0,Active,2024-03-05
CC003741,C02542,Gold,50400.0,19803.83,999,Active,2024-03-16
CC003742,C04579,Classic,109900.0,29648.15,999,Active,2025-11-10
CC003743,C00010,Platinum,40900.0,9783.1,999,Active,2025-08-18
CC003744,C06537,Gold,73900.0,15750.29,999,Active,2022-02-18
CC003745,C03786,Classic,46700.0,23413.95,1999,Active,2025-10-16
CC003746,C03691,Platinum,40900.0,9194.52,2999,Active,2025-02-05
CC003747,C00156,Classic,65900.0,6866.08,499,Active,2022-04-10
CC003748,C04673,Signature,130400.0,11057.2,0,Active,2025-09-10
CC003749,C07057,Classic,81200.0,23671.07,0,Blocked,2025-11-18
CC003750,C07193,Classic,64500.0,30960.66,2999,Blocked,2025-07-14
CC003751,C03437,Gold,56000.0,26117.94,0,Active,2024-04-15
CC003752,C06416,Classic,37000.0,16592.46,999,Active,2022-06-19
CC003753,C04392,Platinum,38500.0,2227.42,499,Active,2024-12-11
CC003754,C01066,Gold,20000.0,4641.15,0,Active,2023-06-08
CC003755,C13356,Gold,69500.0,21341.74,999,Active,2023-11-16
CC003756,C09970,Gold,107100.0,83656.33,499,Active,2023-11-14
CC003757,C13618,Platinum,20000.0,12621.79,0,Active,2025-11-04
CC003758,C01345,Platinum,47100.0,19990.34,1999,Active,2022-02-16
CC003759,C04205,Platinum,80800.0,21423.52,999,Closed,2023-04-01
CC003760,C06213,Signature,45000.0,25710.03,999,Active,2024-04-26
CC003761,C03419,Classic,77600.0,45223.47,499,Blocked,2024-08-10
CC003762,C09254,Classic,56100.0,2915.14,999,Active,2023-09-18
CC003763,C06580,Platinum,115500.0,62707.03,499,Active,2024-07-30
CC003764,C14591,Signature,28800.0,6899.99,499,Blocked,2024-11-26
CC003765,C05555,Classic,49300.0,11195.9,2999,Active,2023-08-14
CC003766,C12202,Classic,60200.0,24539.08,0,Active,2024-10-05
CC003767,C09722,Classic,97200.0,43380.93,0,Active,2024-10-16
CC003768,C12315,Classic,50100.0,11169.78,1999,Active,2024-02-14
CC003769,C02958,Classic,53700.0,11741.73,0,Active,2022-05-28
CC003770,C12327,Signature,59300.0,4275.6,499,Active,2023-02-25
CC003771,C00407,Classic,59200.0,15778.71,0,Active,2025-04-29
CC003772,C11529,Signature,49900.0,23850.7,499,Active,2023-11-23
CC003773,C08513,Gold,53900.0,23609.05,0,Active,2024-03-11
CC003774,C09926,Platinum,49500.0,4517.37,499,Active,2022-05-15
CC003775,C12205,Platinum,66300.0,28331.71,999,Active,2023-05-27
CC003776,C07964,Gold,20000.0,3117.34,2999,Active,2025-12-18
CC003777,C11905,Gold,24000.0,14417.46,1999,Active,2022-03-11
CC003778,C12259,Classic,38700.0,9593.21,0,Active,2022-01-19
CC003779,C14281,Platinum,32000.0,12321.83,499,Active,2025-08-08
CC003780,C03807,Gold,105000.0,39647.12,999,Active,2024-01-08
CC003781,C08963,Platinum,66000.0,26669.47,999,Active,2024-01-22
CC003782,C09838,Classic,22300.0,7891.16,1999,Active,2024-08-02
CC003783,C07942,Gold,71600.0,10398.37,1999,Closed,2025-01-24
CC003784,C08801,Gold,32800.0,2803.21,1999,Active,2023-02-18
CC003785,C13578,Signature,103800.0,22467.75,0,Active,2024-06-03
CC003786,C11867,Signature,34900.0,11450.49,1999,Closed,2022-06-19
CC003787,C10599,Classic,34100.0,1937.74,0,Active,2025-01-11
CC003788,C11446,Classic,31300.0,7152.46,0,Active,2022-05-20
CC003789,C13895,Gold,78400.0,32847.82,0,Active,2024-01-21
CC003790,C03503,Gold,50500.0,9929.21,1999,Active,2025-02-04
CC003791,C08447,Platinum,57500.0,13917.47,0,Active,2023-10-05
CC003792,C04936,Platinum,77500.0,14268.97,1999,Active,2024-01-07
CC003793,C08076,Classic,36200.0,6952.58,0,Active,2024-08-11
CC003794,C13160,Classic,28500.0,3491.59,499,Active,2022-04-13
CC003795,C10192,Signature,61800.0,14226.21,0,Active,2024-04-06
CC003796,C12117,Classic,20000.0,5224.9,499,Active,2022-01-02
CC003797,C00306,Platinum,87700.0,27855.18,0,Active,2022-10-14
CC003798,C00177,Gold,25100.0,7766.41,0,Active,2022-10-11
CC003799,C02440,Platinum,20000.0,3240.72,999,Active,2023-08-13
CC003800,C09531,Platinum,87500.0,34967.12,499,Blocked,2022-05-12
CC003801,C05912,Platinum,82200.0,26916.03,1999,Active,2022-06-24
CC003802,C09847,Gold,37600.0,19957.21,499,Active,2024-07-05
CC003803,C13670,Platinum,48100.0,18973.75,0,Active,2024-09-06
CC003804,C14154,Classic,20000.0,6262.82,1999,Active,2024-07-28
CC003805,C12745,Signature,149400.0,25725.66,999,Active,2025-01-23
CC003806,C12018,Gold,69800.0,20045.9,499,Active,2025-10-18
CC003807,C10550,Classic,97100.0,47884.38,0,Active,2024-03-05
CC003808,C13255,Platinum,84400.0,7768.84,999,Active,2023-04-13
CC003809,C04078,Classic,148500.0,51155.9,1999,Active,2023-02-12
CC003810,C12540,Platinum,24700.0,7956.61,0,Active,2025-02-13
CC003811,C06509,Classic,49700.0,21663.06,0,Active,2025-07-24
CC003812,C13774,Signature,76500.0,16581.99,1999,Active,2025-11-21
CC003813,C11484,Gold,122100.0,24515.1,0,Active,2023-04-25
CC003814,C03294,Signature,70400.0,9048.32,0,Closed,2023-11-08
CC003815,C01639,Platinum,56300.0,27548.15,0,Active,2024-11-10
CC003816,C09081,Platinum,23000.0,6519.8,1999,Active,2023-01-13
CC003817,C08705,Gold,33200.0,2958.69,499,Active,2024-11-23
CC003818,C14307,Classic,20000.0,10062.19,499,Active,2022-08-21
CC003819,C11951,Classic,31100.0,17894.44,999,Active,2025-11-22
CC003820,C11025,Gold,33200.0,14682.69,2999,Closed,2023-07-17
CC003821,C00446,Gold,20400.0,2481.15,999,Active,2023-08-06
CC003822,C02892,Classic,20000.0,6013.93,1999,Active,2024-01-16
CC003823,C00226,Classic,43200.0,23556.99,0,Active,2023-06-13
CC003824,C00772,Gold,80000.0,5565.66,0,Active,2023-06-15
CC003825,C10892,Signature,24800.0,5985.44,0,Active,2025-04-21
CC003826,C05235,Gold,145700.0,14044.52,499,Active,2024-12-31
CC003827,C02090,Signature,67400.0,34887.94,0,Active,2022-11-07
CC003828,C03606,Gold,114200.0,13053.13,999,Active,2025-06-28
CC003829,C06951,Classic,20000.0,4904.62,0,Active,2022-11-03
CC003830,C09306,Platinum,120400.0,25436.08,999,Active,2025-04-19
CC003831,C14821,Gold,20000.0,3468.49,999,Active,2024-09-16
CC003832,C04948,Gold,31600.0,12457.24,499,Active,2022-07-30
CC003833,C09725,Platinum,50900.0,7826.75,499,Active,2022-10-09
CC003834,C05114,Platinum,63400.0,28985.42,499,Active,2024-11-23
CC003835,C00997,Classic,46100.0,8764.11,1999,Active,2023-11-13
CC003836,C01323,Classic,53300.0,8906.56,999,Active,2023-09-02
CC003837,C07742,Gold,50300.0,13341.15,999,Active,2022-12-06
CC003838,C04665,Classic,132200.0,17242.68,1999,Blocked,2023-12-28
CC003839,C07217,Classic,43100.0,5245.14,999,Active,2023-05-04
CC003840,C01804,Classic,21000.0,14934.58,1999,Active,2025-07-25
CC003841,C10828,Gold,20000.0,3510.51,0,Active,2025-06-20
CC003842,C13827,Gold,31800.0,7143.4,499,Active,2022-03-22
CC003843,C13631,Classic,20000.0,10683.45,2999,Active,2025-05-12
CC003844,C07397,Signature,50300.0,11726.1,0,Active,2024-10-31
CC003845,C03656,Classic,95100.0,38859.34,499,Active,2025-08-02
CC003846,C06756,Signature,22500.0,7054.74,499,Closed,2022-06-29
CC003847,C06489,Classic,33800.0,14566.13,999,Active,2024-09-20
CC003848,C04161,Classic,23500.0,4059.93,499,Closed,2024-11-24
CC003849,C09171,Classic,44100.0,6284.1,499,Active,2023-02-03
CC003850,C04620,Classic,22700.0,13121.5,499,Active,2022-03-25
CC003851,C14079,Platinum,202800.0,154684.93,999,Active,2024-06-15
CC003852,C00303,Classic,20000.0,4489.76,0,Active,2024-09-12
CC003853,C02534,Classic,35000.0,8223.31,999,Active,2024-02-03
CC003854,C14742,Gold,47500.0,11502.01,2999,Active,2025-01-27
CC003855,C07901,Classic,88500.0,23324.86,999,Closed,2022-11-24
CC003856,C01988,Gold,90400.0,12911.89,999,Active,2025-06-10
CC003857,C04996,Platinum,43100.0,11282.91,999,Active,2024-02-18
CC003858,C12870,Platinum,24100.0,10435.38,0,Active,2022-06-07
CC003859,C13344,Signature,22600.0,3782.79,0,Active,2025-11-10
CC003860,C08525,Gold,31500.0,12033.1,0,Active,2022-09-03
CC003861,C02926,Signature,111300.0,47297.84,0,Active,2022-10-15
CC003862,C14200,Gold,51800.0,14885.1,0,Active,2023-09-11
CC003863,C10383,Gold,24600.0,5230.81,1999,Active,2023-11-26
CC003864,C00969,Classic,48200.0,14594.25,0,Active,2022-01-03
CC003865,C05689,Gold,33700.0,3209.36,0,Active,2024-12-11
CC003866,C00607,Classic,100000.0,65376.93,499,Active,2025-02-01
CC003867,C09125,Gold,57800.0,22162.86,1999,Active,2024-08-27
CC003868,C11283,Signature,60200.0,10066.68,0,Active,2024-11-24
CC003869,C14552,Platinum,44900.0,16614.37,0,Active,2025-11-26
CC003870,C00310,Classic,76600.0,30421.73,999,Active,2025-01-07
CC003871,C10641,Gold,36100.0,6348.97,999,Active,2022-02-16
CC003872,C12192,Classic,84100.0,19895.61,2999,Active,2022-08-10
CC003873,C11364,Platinum,38400.0,7774.82,0,Active,2023-04-26
CC003874,C02317,Classic,59500.0,16336.47,999,Active,2022-03-06
CC003875,C05910,Classic,28900.0,10542.51,0,Active,2023-01-10
CC003876,C10623,Gold,59200.0,10401.47,0,Active,2025-06-02
CC003877,C09389,Gold,114400.0,37780.32,499,Active,2025-09-01
CC003878,C05368,Gold,30300.0,2967.88,0,Active,2024-10-13
CC003879,C05102,Platinum,30900.0,10469.34,499,Active,2024-02-09
CC003880,C12053,Gold,33000.0,9363.91,2999,Active,2022-01-25
CC003881,C02710,Classic,20000.0,8803.41,0,Active,2025-07-23
CC003882,C04611,Classic,99400.0,29792.03,999,Active,2023-06-22
CC003883,C03636,Gold,37200.0,10747.95,1999,Active,2025-07-08
CC003884,C09264,Classic,25700.0,3512.11,999,Active,2022-06-28
CC003885,C08387,Platinum,61100.0,24977.77,1999,Active,2023-05-03
CC003886,C00790,Gold,39400.0,15573.85,0,Active,2022-08-22
CC003887,C05906,Classic,26600.0,2883.7,499,Active,2023-03-10
CC003888,C07005,Platinum,38000.0,14497.12,2999,Active,2023-07-30
CC003889,C10816,Gold,44500.0,8194.25,0,Active,2024-04-07
CC003890,C11105,Signature,48700.0,13717.47,499,Active,2024-01-07
CC003891,C05938,Gold,24600.0,1721.76,0,Active,2025-12-20
CC003892,C06027,Classic,131800.0,20702.15,0,Active,2024-01-15
CC003893,C04528,Classic,41000.0,3429.29,499,Active,2024-03-22
CC003894,C09460,Gold,37600.0,10600.03,2999,Active,2024-10-09
CC003895,C14076,Classic,20000.0,7112.63,1999,Active,2023-04-16
CC003896,C07878,Platinum,45400.0,23686.37,499,Blocked,2024-03-18
CC003897,C07141,Classic,58400.0,22160.91,0,Active,2024-02-18
CC003898,C05603,Classic,20000.0,10982.34,999,Closed,2023-06-30
CC003899,C11023,Gold,53900.0,3210.31,0,Active,2023-12-19
CC003900,C06093,Classic,57200.0,14210.02,0,Active,2025-03-12
CC003901,C05577,Platinum,82400.0,19583.7,0,Active,2024-05-28
CC003902,C04440,Platinum,26200.0,3900.52,999,Active,2023-04-30
CC003903,C11083,Classic,89200.0,38740.4,999,Active,2022-04-22
CC003904,C06779,Platinum,20000.0,3894.79,999,Active,2025-02-26
CC003905,C13752,Platinum,20000.0,1290.67,2999,Active,2024-09-05
CC003906,C03664,Gold,30500.0,7304.43,499,Active,2023-02-18
CC003907,C00236,Gold,108100.0,29987.85,999,Closed,2022-06-02
CC003908,C08078,Classic,82400.0,16158.47,999,Active,2024-01-31
CC003909,C07236,Gold,31800.0,11943.19,499,Active,2025-08-25
CC003910,C10538,Gold,135300.0,63877.46,0,Active,2022-07-10
CC003911,C07060,Platinum,50800.0,19817.14,999,Active,2024-09-13
CC003912,C09761,Gold,159600.0,36262.53,499,Active,2025-07-17
CC003913,C01505,Gold,52900.0,9571.21,1999,Active,2023-10-10
CC003914,C01250,Classic,39300.0,13778.01,0,Active,2024-03-23
CC003915,C13172,Classic,20900.0,5951.46,0,Active,2022-05-18
CC003916,C01456,Classic,20000.0,12869.79,499,Blocked,2024-01-03
CC003917,C08569,Platinum,34900.0,2160.11,2999,Closed,2022-05-26
CC003918,C13784,Gold,20600.0,10700.79,999,Active,2023-12-05
CC003919,C04986,Classic,37900.0,15084.34,0,Active,2025-09-10
CC003920,C14856,Classic,25600.0,1711.81,0,Active,2025-03-09
CC003921,C06192,Classic,87700.0,7289.17,0,Active,2023-09-18
CC003922,C07826,Classic,20000.0,12367.0,0,Blocked,2022-10-20
CC003923,C04319,Classic,43800.0,19992.05,2999,Active,2022-01-13
CC003924,C03866,Signature,26100.0,4707.99,0,Active,2022-08-11
CC003925,C12826,Gold,29800.0,9502.09,999,Active,2022-07-03
CC003926,C00098,Signature,102500.0,21847.36,0,Active,2022-01-25
CC003927,C02317,Platinum,109500.0,40800.63,0,Active,2023-11-20
CC003928,C08522,Signature,250300.0,66366.95,499,Active,2025-05-17
CC003929,C00771,Classic,25500.0,6466.12,499,Active,2024-08-11
CC003930,C11727,Gold,20400.0,1605.71,0,Closed,2022-01-19
CC003931,C04742,Gold,20100.0,1711.31,0,Active,2022-04-21
CC003932,C12409,Signature,76400.0,18126.05,0,Active,2023-01-10
CC003933,C01337,Classic,23700.0,6105.32,0,Active,2024-04-15
CC003934,C07484,Signature,262900.0,46038.55,0,Active,2023-04-20
CC003935,C09911,Classic,58300.0,9424.11,999,Active,2024-05-29
CC003936,C06364,Gold,34600.0,9711.01,1999,Active,2025-12-24
CC003937,C12698,Classic,136200.0,87140.28,1999,Active,2023-06-22
CC003938,C10104,Gold,20000.0,2186.37,999,Active,2023-05-15
CC003939,C04596,Platinum,72200.0,22329.15,499,Active,2023-09-02
CC003940,C09427,Gold,62800.0,23999.58,999,Active,2022-03-15
CC003941,C07955,Gold,41300.0,3363.37,0,Active,2023-08-06
CC003942,C11225,Classic,66000.0,14071.94,499,Active,2024-02-17
CC003943,C14385,Gold,49900.0,20164.46,1999,Active,2024-01-02
CC003944,C01354,Gold,113100.0,53622.98,499,Active,2023-03-21
CC003945,C00208,Signature,83300.0,15110.06,499,Active,2025-12-19
CC003946,C01065,Classic,20000.0,13404.82,2999,Active,2023-10-31
CC003947,C05182,Gold,55100.0,25289.17,0,Active,2023-08-24
CC003948,C03496,Gold,20000.0,1056.27,0,Active,2025-12-10
CC003949,C05864,Gold,58900.0,27395.84,499,Active,2025-06-03
CC003950,C00658,Classic,52700.0,21232.93,499,Active,2025-08-06
CC003951,C14021,Classic,131800.0,58725.54,1999,Active,2024-05-11
CC003952,C09758,Platinum,20000.0,1625.16,499,Active,2025-10-23
CC003953,C06666,Signature,20000.0,1611.32,0,Active,2024-04-19
CC003954,C01969,Gold,63600.0,30267.89,499,Active,2023-05-19
CC003955,C08480,Classic,99500.0,18882.45,499,Active,2022-09-10
CC003956,C13661,Platinum,20000.0,6696.64,499,Active,2022-11-25
CC003957,C02532,Classic,104100.0,7394.11,499,Active,2023-04-20
CC003958,C14836,Platinum,60700.0,20996.16,0,Active,2023-03-06
CC003959,C11395,Classic,38600.0,7437.92,0,Active,2025-11-21
CC003960,C02092,Classic,132400.0,15517.4,0,Active,2025-10-08
CC003961,C01182,Signature,20200.0,3871.25,499,Active,2024-06-17
CC003962,C01725,Gold,57500.0,9460.07,999,Active,2023-04-28
CC003963,C08852,Classic,20000.0,2646.02,0,Active,2023-09-30
CC003964,C11515,Gold,49100.0,18570.75,999,Active,2022-09-01
CC003965,C06462,Gold,29600.0,8982.12,499,Active,2024-08-22
CC003966,C00710,Classic,23700.0,7470.65,999,Active,2024-05-14
CC003967,C13490,Platinum,31700.0,7947.1,999,Closed,2025-03-24
CC003968,C01536,Platinum,62500.0,21866.06,499,Blocked,2025-08-22
CC003969,C05280,Platinum,20300.0,9016.54,0,Active,2025-11-27
CC003970,C09020,Platinum,100900.0,10268.13,999,Active,2024-06-16
CC003971,C05685,Classic,26500.0,7587.31,999,Active,2023-07-24
CC003972,C11652,Classic,20000.0,5386.59,0,Active,2022-03-24
CC003973,C14690,Classic,43200.0,6921.51,0,Active,2022-02-07
CC003974,C05282,Classic,20000.0,2703.18,0,Active,2023-03-13
CC003975,C10435,Gold,43500.0,17733.25,1999,Active,2022-06-11
CC003976,C11439,Classic,29800.0,3166.36,0,Active,2025-12-06
CC003977,C07514,Platinum,64700.0,1294.0,2999,Active,2023-07-06
CC003978,C13874,Platinum,39500.0,20018.13,999,Active,2025-08-07
CC003979,C01462,Classic,63000.0,11769.56,1999,Active,2025-05-12
CC003980,C09628,Signature,22800.0,7179.44,499,Active,2024-08-03
CC003981,C14544,Gold,66800.0,24718.39,0,Active,2022-10-28
CC003982,C12171,Classic,47800.0,33093.49,999,Active,2023-01-23
CC003983,C09994,Platinum,37200.0,15359.95,0,Active,2024-06-05
CC003984,C05940,Classic,169600.0,50437.1,0,Active,2024-04-08
CC003985,C01309,Platinum,21500.0,3459.81,499,Active,2024-05-22
CC003986,C01243,Gold,32000.0,4653.14,499,Active,2023-03-09
CC003987,C01311,Platinum,20000.0,6761.67,499,Closed,2025-06-12
CC003988,C12046,Signature,25000.0,1794.63,499,Active,2025-05-04
CC003989,C03663,Signature,82900.0,9338.54,499,Active,2024-07-07
CC003990,C08290,Classic,62400.0,16589.64,999,Active,2022-03-19
CC003991,C08138,Platinum,36100.0,4979.72,499,Active,2024-01-20
CC003992,C11812,Classic,71500.0,28165.58,499,Active,2023-02-23
CC003993,C10216,Platinum,20000.0,5575.97,499,Active,2022-05-16
CC003994,C06402,Gold,24400.0,4200.83,0,Active,2022-01-24
CC003995,C00723,Classic,87500.0,16024.08,0,Active,2023-07-25
CC003996,C08284,Gold,20000.0,1686.53,1999,Active,2025-06-09
CC003997,C07872,Classic,58900.0,20052.28,0,Active,2024-01-01
CC003998,C11637,Classic,92900.0,37671.9,0,Closed,2025-11-06
CC003999,C12570,Classic,41300.0,15455.17,999,Active,2023-06-19
CC004000,C00916,Classic,79900.0,21473.7,499,Active,2022-12-14
CC004001,C11159,Gold,75200.0,9114.75,0,Active,2023-02-08
CC004002,C05044,Signature,25400.0,8581.2,0,Active,2024-01-15
CC004003,C10476,Classic,59600.0,4808.21,1999,Active,2024-01-01
CC004004,C07655,Gold,68700.0,13001.4,999,Active,2024-12-09
CC004005,C04287,Classic,89100.0,21359.8,0,Active,2025-12-22
CC004006,C00711,Platinum,36900.0,15093.22,499,Active,2022-09-22
CC004007,C00507,Gold,30200.0,3375.16,0,Closed,2024-05-13
CC004008,C05085,Gold,67600.0,28194.46,999,Active,2025-05-23
CC004009,C08165,Platinum,21600.0,8890.56,0,Active,2025-11-20
CC004010,C05936,Platinum,20000.0,4461.37,999,Active,2024-04-16
CC004011,C06811,Platinum,88600.0,3195.32,0,Closed,2024-09-19
CC004012,C04025,Gold,20000.0,4755.54,499,Active,2025-02-09
CC004013,C07422,Classic,32300.0,8963.64,0,Closed,2023-04-06
CC004014,C00998,Classic,31400.0,13072.21,1999,Active,2022-01-18
CC004015,C11081,Classic,33500.0,4677.2,999,Closed,2023-09-20
CC004016,C06169,Platinum,73900.0,31417.5,0,Active,2024-08-22
CC004017,C13662,Platinum,111300.0,69407.47,0,Active,2023-12-22
CC004018,C09120,Classic,20000.0,6063.54,0,Active,2024-02-05
CC004019,C07518,Classic,20000.0,4510.12,499,Active,2023-08-10
CC004020,C11284,Signature,29700.0,8648.7,0,Active,2023-03-25
CC004021,C14733,Classic,92800.0,16902.14,0,Active,2024-01-01
CC004022,C04316,Gold,81400.0,16415.79,1999,Active,2024-10-16
CC004023,C00755,Gold,44700.0,21406.1,0,Active,2023-03-02
CC004024,C04329,Classic,52400.0,14971.71,499,Active,2024-08-21
CC004025,C02390,Classic,36600.0,18725.7,499,Active,2022-02-26
CC004026,C00229,Classic,42500.0,5263.15,1999,Active,2022-06-01
CC004027,C00248,Classic,21600.0,3024.59,499,Active,2023-08-25
CC004028,C00562,Classic,38200.0,11268.26,2999,Active,2022-09-21
CC004029,C11504,Gold,26500.0,9791.44,499,Active,2025-08-26
CC004030,C02378,Platinum,80100.0,44847.23,499,Active,2022-10-12
CC004031,C14562,Classic,44500.0,25267.47,0,Active,2024-01-01
CC004032,C14711,Signature,43900.0,12028.89,0,Active,2024-01-01
CC004033,C10918,Gold,34700.0,2472.75,1999,Active,2024-02-12
CC004034,C10626,Classic,91700.0,18952.82,0,Active,2023-02-08
CC004035,C11502,Classic,112800.0,35373.29,499,Active,2024-09-01
CC004036,C14971,Classic,75600.0,2042.56,0,Active,2023-03-23
CC004037,C01363,Gold,38300.0,13912.98,1999,Active,2023-01-29
CC004038,C00391,Platinum,40700.0,8550.28,0,Active,2024-02-18
CC004039,C05116,Classic,89700.0,27042.85,999,Active,2023-08-07
CC004040,C12568,Classic,45500.0,5058.0,0,Active,2024-10-23
CC004041,C04423,Classic,86600.0,32203.61,499,Active,2023-12-26
CC004042,C06377,Gold,103200.0,32864.88,0,Active,2023-07-29
CC004043,C09969,Gold,91000.0,9737.94,0,Blocked,2023-09-18
CC004044,C06684,Classic,52000.0,12931.07,0,Active,2022-08-07
CC004045,C06193,Platinum,59700.0,29768.96,499,Active,2023-02-15
CC004046,C07031,Classic,20000.0,9932.24,1999,Active,2024-09-18
CC004047,C03037,Gold,63000.0,6888.63,0,Active,2025-09-14
CC004048,C06186,Gold,32500.0,16586.38,499,Active,2023-07-21
CC004049,C00025,Gold,51100.0,7026.03,1999,Active,2022-05-10
CC004050,C05983,Classic,43600.0,8524.64,999,Active,2024-10-06
CC004051,C00183,Classic,63300.0,7961.45,0,Active,2023-01-24
CC004052,C09054,Classic,38800.0,10484.59,1999,Active,2025-02-09
CC004053,C07458,Classic,51200.0,21289.06,499,Active,2022-02-24
CC004054,C09992,Classic,59400.0,18197.62,0,Active,2024-10-31
CC004055,C11244,Classic,20000.0,1746.17,999,Active,2022-12-04
CC004056,C01304,Gold,23600.0,5358.85,1999,Active,2023-05-15
CC004057,C07100,Gold,43900.0,3672.63,499,Active,2024-01-13
CC004058,C06490,Classic,49400.0,7379.1,1999,Closed,2022-03-03
CC004059,C06367,Gold,27900.0,10339.11,0,Active,2022-12-22
CC004060,C01026,Classic,61900.0,16285.37,1999,Active,2024-03-25
CC004061,C03588,Classic,20000.0,3452.63,1999,Active,2024-11-19
CC004062,C05380,Gold,55200.0,39940.36,1999,Active,2023-01-03
CC004063,C01251,Classic,20000.0,4673.54,999,Active,2024-01-04
CC004064,C05572,Gold,29100.0,4474.16,0,Active,2022-04-06
CC004065,C10737,Gold,49400.0,18127.14,2999,Active,2024-12-23
CC004066,C09393,Classic,184000.0,96810.11,0,Active,2022-08-01
CC004067,C00631,Gold,34000.0,1133.92,0,Active,2023-12-02
CC004068,C07676,Gold,79000.0,18250.3,499,Active,2022-09-18
CC004069,C14130,Classic,20000.0,9301.31,1999,Active,2024-02-04
CC004070,C04613,Signature,28700.0,13604.88,0,Closed,2022-02-20
CC004071,C02745,Gold,52100.0,21375.38,499,Active,2022-03-24
CC004072,C00263,Platinum,31300.0,6523.69,1999,Active,2024-07-13
CC004073,C14938,Platinum,58100.0,24765.27,999,Active,2022-12-05
CC004074,C04635,Platinum,39700.0,12614.77,499,Active,2024-03-12
CC004075,C09374,Signature,31700.0,12429.78,1999,Active,2022-06-25
CC004076,C10743,Gold,23300.0,13904.6,999,Active,2022-08-02
CC004077,C00954,Gold,20000.0,5139.24,0,Active,2024-10-26
CC004078,C07831,Gold,58300.0,23564.86,1999,Active,2023-06-27
CC004079,C13241,Platinum,25700.0,6613.17,0,Active,2023-10-27
CC004080,C03937,Classic,90300.0,16305.41,499,Active,2023-11-08
CC004081,C11273,Gold,31300.0,12445.13,999,Active,2024-04-26
CC004082,C06297,Platinum,61800.0,19044.55,999,Active,2023-03-28
CC004083,C06373,Classic,40700.0,6965.41,999,Active,2023-01-26
CC004084,C01438,Platinum,29800.0,13105.63,499,Active,2023-07-19
CC004085,C10578,Signature,33700.0,10912.36,0,Active,2023-02-21
CC004086,C05246,Classic,20000.0,3669.62,999,Active,2023-10-05
CC004087,C01633,Gold,55600.0,9558.23,499,Active,2022-01-06
CC004088,C01629,Classic,44800.0,6118.91,1999,Active,2024-03-26
CC004089,C03492,Gold,35700.0,6714.72,499,Active,2025-03-24
CC004090,C13210,Gold,90500.0,21561.49,499,Closed,2022-02-11
CC004091,C08176,Platinum,33800.0,6619.22,499,Active,2023-11-08
CC004092,C11393,Gold,74400.0,10752.78,499,Active,2023-09-27
CC004093,C09839,Classic,29000.0,23267.21,499,Active,2023-05-23
CC004094,C02157,Classic,56300.0,14986.76,0,Active,2022-02-05
CC004095,C05689,Platinum,51200.0,9981.73,499,Active,2022-07-27
CC004096,C14324,Classic,42600.0,7714.32,999,Closed,2023-07-08
CC004097,C01837,Gold,42400.0,15436.78,0,Active,2025-02-04
CC004098,C09155,Classic,62300.0,35505.12,1999,Active,2025-06-19
CC004099,C03340,Gold,20000.0,5741.01,999,Active,2023-09-30
CC004100,C01111,Gold,203800.0,69666.8,0,Active,2024-04-04
CC004101,C01251,Classic,38100.0,20947.15,0,Closed,2023-01-13
CC004102,C10335,Platinum,66100.0,28217.92,0,Active,2022-11-06
CC004103,C04248,Gold,53100.0,6074.77,999,Active,2025-11-23
CC004104,C01696,Platinum,72800.0,16187.58,1999,Blocked,2023-06-13
CC004105,C00971,Platinum,27500.0,11681.97,0,Active,2022-04-03
CC004106,C10525,Gold,32200.0,14681.0,499,Active,2023-02-12
CC004107,C14396,Classic,47400.0,9669.69,499,Active,2023-04-22
CC004108,C03967,Gold,27200.0,8488.6,0,Closed,2022-04-27
CC004109,C07545,Classic,50200.0,11876.02,1999,Active,2022-06-29
CC004110,C03990,Signature,93500.0,12102.02,1999,Active,2023-11-02
CC004111,C13341,Platinum,22500.0,3206.39,2999,Active,2022-10-17
CC004112,C06859,Gold,79200.0,30195.72,499,Active,2022-09-26
CC004113,C09258,Gold,33500.0,11091.54,999,Active,2022-01-07
CC004114,C04339,Platinum,20000.0,10981.72,999,Active,2025-02-15
CC004115,C12212,Classic,41400.0,16070.2,499,Blocked,2022-11-25
CC004116,C02568,Classic,96600.0,22596.11,1999,Active,2025-07-22
CC004117,C10054,Gold,20000.0,3108.8,0,Active,2022-07-14
CC004118,C10792,Platinum,20000.0,6537.45,999,Active,2025-09-25
CC004119,C03942,Classic,84500.0,33812.42,0,Active,2022-02-19
CC004120,C14781,Gold,59300.0,23508.05,2999,Blocked,2024-11-19
CC004121,C09046,Classic,20000.0,4481.17,499,Active,2023-04-29
CC004122,C13500,Classic,28000.0,7671.83,999,Active,2023-05-16
CC004123,C04092,Platinum,41600.0,3769.6,1999,Active,2025-12-28
CC004124,C03364,Gold,32800.0,14480.8,0,Active,2024-04-25
CC004125,C06475,Platinum,25400.0,5119.86,999,Active,2025-03-24
CC004126,C01553,Classic,117800.0,47204.05,0,Active,2023-02-09
CC004127,C04178,Gold,62700.0,15271.65,0,Active,2025-01-10
CC004128,C02603,Gold,32000.0,6206.96,999,Active,2022-05-05
CC004129,C00487,Platinum,45200.0,2277.73,1999,Active,2025-03-27
CC004130,C04457,Classic,46800.0,7296.47,0,Closed,2023-10-14
CC004131,C13924,Classic,20000.0,10988.75,499,Active,2024-04-20
CC004132,C04399,Platinum,113900.0,36647.83,0,Active,2022-11-15
CC004133,C13388,Classic,25900.0,10002.27,999,Closed,2024-10-29
CC004134,C09564,Classic,25100.0,1718.5,0,Active,2025-02-08
CC004135,C10431,Classic,89300.0,39178.36,1999,Active,2023-08-26
CC004136,C00114,Classic,38900.0,6685.62,2999,Active,2022-08-25
CC004137,C13303,Gold,20000.0,2089.22,499,Active,2025-07-09
CC004138,C11618,Classic,75600.0,11755.21,0,Active,2023-12-03
CC004139,C06725,Classic,165600.0,22960.72,499,Active,2022-07-23
CC004140,C09853,Classic,56700.0,22653.77,0,Active,2024-03-04
CC004141,C01594,Gold,60500.0,7338.45,499,Active,2023-02-10
CC004142,C10758,Gold,23600.0,12546.79,0,Active,2022-03-26
CC004143,C13940,Classic,56300.0,17777.88,499,Active,2024-02-20
CC004144,C05737,Gold,60200.0,17818.79,499,Active,2025-01-07
CC004145,C03897,Platinum,20600.0,7692.57,0,Active,2024-06-29
CC004146,C12575,Classic,35900.0,14295.67,1999,Active,2024-03-08
CC004147,C10441,Platinum,23100.0,6259.67,0,Active,2025-06-20
CC004148,C14650,Classic,49200.0,15296.37,0,Active,2022-11-27
CC004149,C05820,Signature,24400.0,7295.9,0,Active,2024-03-15
CC004150,C05277,Platinum,23200.0,4962.21,0,Closed,2023-03-08
CC004151,C12891,Classic,20000.0,8423.11,1999,Active,2025-04-04
CC004152,C09285,Classic,46100.0,38334.5,999,Blocked,2025-07-27
CC004153,C11593,Platinum,20000.0,1403.35,1999,Active,2025-07-10
CC004154,C05665,Signature,30000.0,6035.06,999,Active,2022-02-20
CC004155,C07581,Platinum,28600.0,7850.1,0,Active,2023-07-10
CC004156,C08825,Gold,35300.0,18423.29,999,Active,2024-05-25
CC004157,C10661,Signature,91700.0,34988.53,0,Active,2022-06-06
CC004158,C09858,Classic,82800.0,14249.39,0,Active,2023-01-26
CC004159,C12617,Gold,22900.0,7673.84,999,Active,2024-06-14
CC004160,C09365,Gold,66400.0,48525.85,999,Active,2025-12-23
CC004161,C06011,Platinum,84000.0,42527.89,499,Closed,2024-12-05
CC004162,C04598,Signature,85600.0,43461.67,0,Active,2023-05-23
CC004163,C13549,Classic,123400.0,71576.54,1999,Active,2024-05-30
CC004164,C11675,Platinum,173500.0,75863.67,2999,Blocked,2025-11-01
CC004165,C00477,Gold,30900.0,7349.26,0,Active,2024-06-13
CC004166,C00054,Gold,70000.0,19978.5,999,Active,2025-12-13
CC004167,C01560,Gold,22900.0,834.63,0,Active,2024-01-28
CC004168,C08207,Classic,79500.0,38917.54,0,Active,2025-03-08
CC004169,C05267,Classic,27900.0,5140.33,499,Active,2022-02-06
CC004170,C13921,Signature,27600.0,6358.89,499,Active,2024-05-22
CC004171,C06631,Gold,20000.0,6123.65,499,Active,2022-05-01
CC004172,C03198,Classic,91300.0,54661.8,0,Active,2023-09-08
CC004173,C05005,Gold,30700.0,3305.38,0,Active,2025-09-11
CC004174,C10378,Classic,45200.0,8203.85,0,Active,2024-03-28
CC004175,C01548,Platinum,126700.0,17138.22,499,Active,2023-04-02
CC004176,C09555,Signature,27400.0,10266.32,1999,Active,2022-08-10
CC004177,C02894,Signature,92500.0,11805.99,0,Active,2023-10-08
CC004178,C12213,Classic,20000.0,4828.29,0,Active,2024-07-17
CC004179,C10194,Classic,30800.0,6626.63,499,Active,2024-02-14
CC004180,C04714,Classic,82500.0,17414.73,499,Active,2022-11-23
CC004181,C09915,Classic,139300.0,67111.51,999,Active,2025-01-15
CC004182,C05235,Gold,20000.0,5163.25,1999,Active,2024-05-16
CC004183,C08276,Gold,40900.0,21514.34,0,Active,2024-03-21
CC004184,C02412,Platinum,30200.0,7893.26,1999,Active,2025-11-06
CC004185,C09658,Platinum,37500.0,4573.86,0,Active,2024-02-19
CC004186,C06990,Platinum,43200.0,21156.34,499,Active,2022-04-21
CC004187,C01169,Gold,20000.0,4828.71,0,Active,2022-05-15
CC004188,C06327,Gold,38600.0,2460.22,0,Active,2025-04-07
CC004189,C13116,Gold,103000.0,50093.17,499,Active,2024-06-06
CC004190,C04487,Signature,39800.0,7970.7,0,Active,2022-08-20
CC004191,C02917,Classic,72000.0,30774.46,1999,Active,2024-10-20
CC004192,C04209,Classic,23500.0,11021.88,0,Blocked,2023-02-20
CC004193,C02071,Gold,138600.0,16472.79,499,Active,2025-02-05
CC004194,C12386,Signature,45100.0,10731.72,0,Active,2025-04-16
CC004195,C04783,Classic,30300.0,8667.26,0,Active,2023-12-26
CC004196,C11318,Signature,20000.0,6525.24,1999,Active,2023-11-16
CC004197,C05059,Platinum,48100.0,7850.63,999,Active,2022-10-03
CC004198,C08628,Platinum,20000.0,3629.72,499,Closed,2022-01-19
CC004199,C09109,Gold,27800.0,10922.14,0,Active,2024-07-19
CC004200,C01511,Signature,20000.0,1309.23,0,Active,2025-09-10
CC004201,C11361,Gold,20000.0,3383.94,1999,Active,2025-11-21
CC004202,C13143,Classic,44700.0,20122.0,1999,Active,2022-04-27
CC004203,C11937,Gold,44900.0,14671.2,1999,Active,2022-09-20
CC004204,C05823,Gold,94500.0,47285.09,1999,Blocked,2023-10-17
CC004205,C09086,Signature,33800.0,8261.64,0,Active,2024-08-06
CC004206,C10597,Gold,116900.0,68470.9,0,Active,2024-02-03
CC004207,C01318,Classic,105200.0,4957.75,2999,Active,2022-10-26
CC004208,C07868,Gold,44800.0,25791.77,2999,Active,2023-06-05
CC004209,C10089,Gold,94500.0,17301.83,1999,Active,2024-10-24
CC004210,C05525,Platinum,40800.0,7815.87,0,Active,2024-04-11
CC004211,C11783,Gold,48100.0,22227.04,499,Active,2024-10-10
CC004212,C05448,Platinum,43300.0,8198.79,1999,Active,2022-02-13
CC004213,C12268,Signature,32400.0,18554.87,0,Active,2023-11-21
CC004214,C06319,Classic,49900.0,11926.81,499,Active,2022-09-01
CC004215,C03536,Platinum,61500.0,26132.67,999,Active,2022-10-15
CC004216,C11009,Platinum,27800.0,8075.55,499,Active,2022-06-13
CC004217,C13262,Gold,23500.0,13295.17,1999,Active,2024-05-15
CC004218,C14656,Classic,21500.0,12916.71,0,Active,2022-02-12
CC004219,C06866,Gold,42200.0,21453.76,1999,Active,2022-04-11
CC004220,C07488,Classic,53000.0,14112.84,499,Active,2023-12-22
CC004221,C08283,Classic,89200.0,29643.94,0,Active,2022-04-29
CC004222,C01303,Gold,61200.0,17127.32,0,Active,2025-03-24
CC004223,C07018,Gold,48100.0,22609.98,0,Closed,2025-06-03
CC004224,C12883,Platinum,37000.0,10908.72,999,Active,2022-06-10
CC004225,C07042,Classic,36700.0,16623.82,1999,Active,2024-02-15
CC004226,C02117,Platinum,20000.0,7022.12,0,Active,2022-12-17
CC004227,C05483,Classic,48700.0,7958.7,499,Active,2023-10-03
CC004228,C09753,Gold,41800.0,8215.94,999,Active,2025-11-20
CC004229,C08708,Signature,32700.0,9074.27,499,Active,2025-12-09
CC004230,C12355,Gold,20000.0,7190.72,999,Active,2024-12-02
CC004231,C10995,Gold,71800.0,25208.42,499,Active,2023-07-15
CC004232,C13851,Classic,36700.0,28515.58,0,Active,2025-03-24
CC004233,C00934,Classic,26500.0,6537.24,0,Active,2022-12-16
CC004234,C12752,Platinum,46600.0,6350.55,499,Active,2023-05-19
CC004235,C01505,Platinum,33700.0,10135.54,999,Active,2024-12-23
CC004236,C01710,Gold,94000.0,26432.28,0,Active,2024-05-16
CC004237,C01501,Classic,20000.0,5490.01,499,Active,2024-12-06
CC004238,C05499,Platinum,37600.0,8987.25,499,Active,2022-09-12
CC004239,C14950,Classic,43200.0,12706.9,499,Active,2024-11-02
CC004240,C11176,Gold,38400.0,10784.31,0,Active,2025-02-07
CC004241,C10054,Platinum,38300.0,8836.05,499,Active,2024-04-24
CC004242,C02091,Classic,233400.0,114835.05,499,Active,2025-04-26
CC004243,C00596,Signature,42300.0,24820.39,499,Active,2025-04-29
CC004244,C06747,Classic,124300.0,39960.07,499,Active,2022-08-27
CC004245,C01528,Classic,41900.0,22614.89,499,Active,2022-04-08
CC004246,C04088,Platinum,71600.0,16051.76,1999,Active,2023-03-02
CC004247,C04404,Platinum,44100.0,9854.49,0,Active,2025-07-28
CC004248,C06643,Gold,20000.0,3788.18,0,Active,2024-11-16
CC004249,C05812,Classic,34700.0,18501.63,0,Active,2023-07-02
CC004250,C01016,Platinum,94500.0,12655.17,0,Active,2025-02-27
CC004251,C05028,Gold,49600.0,13241.83,0,Active,2022-04-07
CC004252,C13113,Gold,20000.0,8794.18,999,Active,2024-03-02
CC004253,C04986,Platinum,20000.0,10114.62,499,Active,2023-10-19
CC004254,C13484,Platinum,71500.0,18184.5,999,Active,2022-04-08
CC004255,C14077,Classic,20000.0,9026.6,0,Active,2023-06-21
CC004256,C04446,Classic,30000.0,9157.35,999,Active,2023-07-03
CC004257,C00208,Platinum,34500.0,7651.84,1999,Active,2024-03-08
CC004258,C03182,Classic,22300.0,7060.02,499,Active,2023-09-01
CC004259,C09183,Platinum,48600.0,17391.53,499,Active,2025-05-19
CC004260,C05454,Gold,26400.0,3081.16,1999,Blocked,2023-03-26
CC004261,C05028,Signature,31000.0,19624.2,499,Active,2022-11-10
CC004262,C12068,Platinum,44800.0,16385.56,999,Active,2023-08-04
CC004263,C12513,Gold,57500.0,25741.35,499,Active,2022-07-10
CC004264,C14455,Gold,167400.0,9259.35,1999,Active,2022-06-26
CC004265,C02708,Gold,36600.0,5703.43,0,Active,2025-02-16
CC004266,C04428,Gold,55900.0,28512.91,499,Active,2023-02-12
CC004267,C08536,Classic,37600.0,6761.21,499,Blocked,2022-10-17
CC004268,C12821,Platinum,20000.0,5370.01,0,Active,2023-07-22
CC004269,C12167,Gold,43800.0,6291.25,499,Active,2025-07-17
CC004270,C01769,Platinum,35800.0,2943.67,2999,Active,2023-05-20
CC004271,C02469,Platinum,35800.0,17637.34,1999,Active,2022-05-21
CC004272,C10931,Platinum,45100.0,13136.67,499,Active,2022-09-08
CC004273,C11360,Gold,20000.0,8972.4,0,Active,2022-11-20
CC004274,C06262,Classic,44500.0,8356.51,999,Active,2025-03-16
CC004275,C08779,Classic,32000.0,14743.97,1999,Active,2025-11-23
CC004276,C10725,Gold,42500.0,26019.53,1999,Active,2023-12-10
CC004277,C08683,Classic,57300.0,27571.31,999,Active,2023-08-25
CC004278,C03637,Gold,48500.0,12857.56,0,Active,2025-03-11
CC004279,C09534,Platinum,63000.0,22322.8,1999,Active,2023-08-11
CC004280,C01174,Platinum,42000.0,6644.27,0,Active,2025-06-04
CC004281,C14974,Classic,154000.0,35971.55,999,Active,2023-03-11
CC004282,C04732,Classic,40100.0,5865.17,499,Active,2023-05-05
CC004283,C13422,Platinum,45500.0,8962.73,999,Active,2025-06-23
CC004284,C07025,Classic,33300.0,12695.8,0,Active,2023-01-08
CC004285,C11725,Gold,31400.0,11001.13,499,Active,2024-11-14
CC004286,C11309,Platinum,42200.0,10744.3,499,Active,2023-03-17
CC004287,C08805,Classic,26600.0,5955.14,999,Active,2023-05-12
CC004288,C00299,Gold,35900.0,3957.76,1999,Active,2025-05-22
CC004289,C08347,Classic,33700.0,4538.23,1999,Active,2022-09-08
CC004290,C11687,Platinum,77800.0,6129.93,1999,Active,2025-06-11
CC004291,C10947,Gold,99900.0,59845.25,499,Active,2022-06-15
CC004292,C01214,Platinum,177900.0,36790.84,1999,Active,2025-10-19
CC004293,C08150,Classic,20000.0,11031.2,1999,Active,2022-09-08
CC004294,C07215,Platinum,86300.0,13172.97,1999,Active,2025-09-07
CC004295,C04533,Platinum,80900.0,27518.18,0,Active,2024-12-16
CC004296,C05203,Gold,38200.0,10914.3,1999,Active,2024-10-07
CC004297,C14052,Platinum,21600.0,12423.85,499,Active,2025-07-07
CC004298,C14014,Gold,62500.0,14471.88,0,Active,2024-02-12
CC004299,C02099,Classic,111800.0,2236.0,499,Active,2025-05-16
CC004300,C03671,Classic,25200.0,11106.2,0,Active,2024-08-24
CC004301,C03266,Gold,37600.0,16244.52,999,Active,2024-01-15
CC004302,C03356,Platinum,75600.0,20218.36,499,Active,2022-01-04
CC004303,C14689,Signature,118900.0,41423.19,0,Active,2023-03-23
CC004304,C03843,Classic,74500.0,27705.29,0,Active,2025-04-02
CC004305,C11659,Gold,85100.0,39581.86,499,Active,2023-06-28
CC004306,C00896,Platinum,49900.0,12783.39,1999,Active,2023-02-09
CC004307,C00223,Classic,28000.0,9607.48,1999,Active,2022-05-15
CC004308,C12202,Platinum,28900.0,12157.79,999,Closed,2023-12-12
CC004309,C13176,Platinum,44900.0,12510.22,1999,Active,2024-08-02
CC004310,C13859,Signature,87100.0,37750.93,1999,Active,2024-11-26
CC004311,C11142,Classic,98400.0,36977.19,999,Active,2022-04-24
CC004312,C05051,Gold,37000.0,13655.28,999,Active,2025-03-18
CC004313,C09045,Gold,100400.0,41506.22,1999,Active,2024-05-29
CC004314,C06275,Gold,78200.0,10754.9,999,Active,2024-10-11
CC004315,C01258,Platinum,33800.0,5800.96,499,Active,2025-03-29
CC004316,C02335,Signature,62000.0,45759.2,999,Active,2023-12-15
CC004317,C12609,Platinum,67700.0,14220.62,0,Active,2024-07-24
CC004318,C13873,Classic,49900.0,15050.87,0,Active,2022-12-12
CC004319,C10147,Gold,20000.0,10142.58,0,Active,2022-02-21
CC004320,C05459,Gold,37700.0,7090.88,0,Active,2025-08-20
CC004321,C13755,Classic,70400.0,31979.18,1999,Blocked,2025-12-27
CC004322,C03600,Classic,39800.0,13030.16,499,Closed,2022-12-08
CC004323,C05038,Platinum,52300.0,17448.39,0,Active,2025-04-16
CC004324,C08521,Gold,64000.0,36013.72,2999,Active,2022-08-16
CC004325,C12528,Classic,59300.0,12014.48,499,Active,2023-08-08
CC004326,C14024,Classic,27900.0,7967.42,499,Active,2024-12-16
CC004327,C01568,Signature,25700.0,4036.41,0,Active,2023-04-14
CC004328,C10842,Signature,88800.0,18308.02,0,Active,2024-10-06
CC004329,C09871,Classic,70800.0,17064.67,0,Active,2023-03-22
CC004330,C06902,Gold,35200.0,9262.92,999,Active,2023-06-26
CC004331,C10019,Classic,20000.0,6821.24,499,Active,2022-10-29
CC004332,C09940,Classic,22600.0,5334.34,0,Closed,2022-02-07
CC004333,C04422,Platinum,43100.0,22005.95,1999,Active,2023-04-06
CC004334,C04617,Classic,20600.0,4524.91,0,Active,2024-01-31
CC004335,C04098,Classic,153100.0,50505.25,499,Active,2023-07-29
CC004336,C09410,Platinum,64800.0,13859.69,0,Active,2022-09-23
CC004337,C11192,Classic,90300.0,58972.97,0,Active,2023-05-18
CC004338,C01359,Gold,20900.0,7742.66,1999,Active,2025-12-06
CC004339,C13490,Gold,20000.0,5734.09,499,Closed,2023-08-21
CC004340,C12951,Gold,40700.0,5307.34,999,Active,2023-05-23
CC004341,C09627,Platinum,112600.0,14261.95,0,Active,2024-12-09
CC004342,C09224,Classic,39100.0,25298.88,0,Active,2023-02-13
CC004343,C06828,Classic,27400.0,15215.73,1999,Active,2022-10-11
CC004344,C06601,Classic,37700.0,25693.0,1999,Closed,2023-12-11
CC004345,C10422,Platinum,58300.0,16006.2,1999,Active,2022-04-21
CC004346,C00096,Platinum,61100.0,2466.88,0,Active,2023-12-25
CC004347,C13999,Gold,138600.0,32401.14,1999,Closed,2022-08-15
CC004348,C09793,Signature,74500.0,6213.45,499,Active,2025-03-24
CC004349,C01292,Classic,54000.0,29519.79,999,Active,2025-06-22
CC004350,C00009,Classic,81300.0,24225.21,999,Active,2024-04-18
CC004351,C07041,Classic,28400.0,4628.82,0,Closed,2023-02-04
CC004352,C06455,Classic,20000.0,7935.34,0,Active,2022-12-05
CC004353,C07498,Classic,67500.0,36793.06,499,Closed,2023-04-27
CC004354,C04639,Platinum,29400.0,11119.49,0,Active,2022-11-11
CC004355,C07275,Gold,22700.0,5677.3,1999,Active,2022-11-03
CC004356,C04221,Signature,49500.0,24186.76,999,Active,2023-10-23
CC004357,C10021,Platinum,46400.0,6830.78,0,Active,2024-07-14
CC004358,C06597,Classic,42200.0,8326.31,0,Active,2023-03-26
CC004359,C13991,Gold,50400.0,8077.82,999,Active,2023-07-21
CC004360,C10964,Classic,20000.0,6412.21,0,Active,2025-01-08
CC004361,C09598,Gold,37900.0,11315.08,2999,Active,2024-10-24
CC004362,C10543,Classic,45200.0,31152.19,0,Active,2024-02-08
CC004363,C14062,Platinum,32900.0,3600.88,0,Closed,2023-01-04
CC004364,C00496,Classic,20000.0,2709.06,0,Active,2025-06-29
CC004365,C09856,Classic,84000.0,50390.26,499,Active,2024-11-16
CC004366,C04483,Gold,25200.0,5610.58,2999,Active,2024-09-30
CC004367,C01699,Classic,38900.0,11401.74,999,Active,2024-05-30
CC004368,C14746,Classic,20000.0,4308.6,0,Active,2024-07-07
CC004369,C04065,Classic,23800.0,11200.34,499,Active,2023-11-18
CC004370,C13982,Gold,48400.0,8524.87,499,Active,2025-06-26
CC004371,C01903,Platinum,47600.0,12657.47,0,Active,2023-06-12
CC004372,C04052,Platinum,20000.0,2101.02,999,Closed,2025-10-29
CC004373,C03206,Signature,27700.0,16939.56,2999,Active,2022-08-29
CC004374,C00823,Classic,67700.0,7884.62,499,Active,2022-09-26
CC004375,C03246,Gold,53800.0,23605.51,1999,Active,2024-08-18
CC004376,C01757,Classic,51300.0,11480.39,1999,Closed,2022-03-14
CC004377,C01799,Gold,23500.0,4660.17,999,Active,2024-09-08
CC004378,C12361,Gold,38000.0,25759.82,0,Active,2025-04-21
CC004379,C07618,Classic,20000.0,1837.29,999,Active,2024-07-20
CC004380,C11865,Platinum,91400.0,40452.0,0,Active,2023-04-24
CC004381,C11050,Signature,71900.0,35721.96,999,Active,2025-10-08
CC004382,C10798,Platinum,42300.0,9861.34,999,Active,2023-11-07
CC004383,C06679,Gold,66000.0,21020.53,1999,Closed,2024-12-16
CC004384,C08327,Gold,150800.0,46236.91,0,Active,2023-05-22
CC004385,C08889,Gold,51800.0,17612.16,0,Active,2024-03-21
CC004386,C07655,Gold,123000.0,30271.85,499,Active,2023-03-18
CC004387,C03336,Platinum,42900.0,6615.69,0,Active,2025-04-14
CC004388,C00092,Gold,52500.0,16154.34,0,Active,2024-02-21
CC004389,C07615,Classic,20000.0,13048.43,999,Active,2025-04-20
CC004390,C03408,Classic,58500.0,25444.49,0,Active,2025-06-25
CC004391,C13196,Signature,48200.0,8244.74,0,Active,2024-11-13
CC004392,C04480,Gold,52700.0,11729.69,0,Active,2025-02-02
CC004393,C09747,Platinum,30200.0,4301.08,2999,Active,2022-05-29
CC004394,C11443,Platinum,83000.0,9826.36,999,Active,2024-11-27
CC004395,C08699,Platinum,61000.0,27859.53,999,Active,2022-08-08
CC004396,C03739,Classic,20000.0,16124.5,999,Active,2025-01-10
CC004397,C14084,Classic,29100.0,8354.04,499,Active,2022-10-14
CC004398,C09966,Classic,34300.0,9214.3,499,Active,2023-12-09
CC004399,C02656,Signature,45400.0,9351.78,499,Active,2024-01-24
CC004400,C11317,Classic,110800.0,20890.4,499,Active,2023-01-03
CC004401,C03267,Classic,20000.0,7903.01,1999,Active,2024-12-19
CC004402,C06597,Gold,88900.0,34287.03,499,Active,2024-12-08
CC004403,C08954,Gold,32200.0,15086.14,0,Active,2025-07-14
CC004404,C10874,Classic,45900.0,9165.37,499,Active,2024-04-12
CC004405,C02034,Gold,195700.0,100215.27,0,Active,2023-03-09
CC004406,C12668,Classic,20000.0,8715.31,1999,Active,2022-03-14
CC004407,C14142,Platinum,57900.0,11048.3,2999,Active,2024-04-13
CC004408,C00397,Platinum,56600.0,29279.37,0,Active,2024-05-23
CC004409,C13312,Signature,41700.0,4393.36,0,Active,2023-09-02
CC004410,C05985,Classic,87300.0,35797.27,1999,Active,2022-07-15
CC004411,C12325,Classic,56500.0,24551.16,0,Active,2022-07-31
CC004412,C00267,Classic,83600.0,34733.11,0,Closed,2025-05-08
CC004413,C04972,Classic,38800.0,13660.49,0,Active,2023-05-19
CC004414,C09404,Gold,69600.0,28850.11,499,Active,2024-06-09
CC004415,C11581,Classic,45500.0,23812.44,999,Active,2022-10-11
CC004416,C01312,Gold,58900.0,18888.57,999,Active,2023-02-05
CC004417,C04401,Classic,40000.0,10755.2,0,Active,2024-05-20
CC004418,C00227,Gold,20000.0,3321.21,499,Active,2023-10-06
CC004419,C06610,Gold,74300.0,30507.26,1999,Active,2024-12-22
CC004420,C09192,Platinum,63600.0,21712.38,499,Active,2024-05-15
CC004421,C14312,Classic,20000.0,9805.89,499,Active,2023-10-29
CC004422,C04670,Classic,53900.0,28590.42,0,Active,2025-05-09
CC004423,C04497,Gold,66300.0,16933.12,0,Active,2025-09-29
CC004424,C11538,Platinum,115900.0,35834.23,499,Active,2023-01-09
CC004425,C06604,Signature,34300.0,5015.32,0,Active,2022-07-26
CC004426,C05479,Gold,128200.0,51056.25,1999,Active,2025-12-17
CC004427,C07820,Classic,20400.0,1427.2,999,Blocked,2024-12-18
CC004428,C03397,Signature,34100.0,2621.77,0,Active,2025-11-01
CC004429,C04756,Classic,21600.0,3954.94,0,Active,2025-08-05
CC004430,C12589,Classic,37500.0,9708.9,999,Active,2024-06-08
CC004431,C13717,Platinum,168200.0,42340.22,999,Active,2023-11-11
CC004432,C03849,Classic,36200.0,7775.71,0,Active,2024-12-31
CC004433,C07470,Classic,20000.0,1262.68,0,Active,2025-05-04
CC004434,C06281,Platinum,76200.0,5490.9,499,Active,2023-07-10
CC004435,C04741,Classic,195200.0,116999.1,2999,Active,2024-03-15
CC004436,C07671,Gold,33700.0,4996.6,0,Active,2022-12-10
CC004437,C08723,Signature,20500.0,9057.14,0,Active,2025-08-09
CC004438,C06994,Classic,20000.0,7769.3,499,Active,2023-12-22
CC004439,C11707,Signature,77100.0,9914.19,0,Active,2025-12-09
CC004440,C09798,Gold,20000.0,4167.84,999,Active,2023-06-25
CC004441,C05837,Signature,65100.0,4257.09,999,Active,2023-02-15
CC004442,C02504,Signature,57500.0,8736.99,0,Active,2022-05-07
CC004443,C05287,Classic,44300.0,14752.92,999,Active,2024-03-02
CC004444,C02364,Platinum,47900.0,17506.22,0,Active,2024-07-05
CC004445,C09120,Classic,67600.0,16724.87,0,Active,2023-01-21
CC004446,C11799,Gold,20000.0,10121.72,0,Active,2025-07-18
CC004447,C02750,Classic,45600.0,6822.61,499,Active,2023-07-29
CC004448,C06093,Gold,21300.0,9572.34,499,Active,2024-03-21
CC004449,C02242,Classic,138500.0,47936.93,499,Active,2023-06-30
CC004450,C08095,Gold,54200.0,8901.02,0,Closed,2024-01-25
CC004451,C07641,Platinum,28500.0,14435.09,499,Active,2025-04-04
CC004452,C09157,Classic,76200.0,24425.48,999,Active,2024-08-14
CC004453,C04475,Classic,56200.0,16160.82,0,Active,2022-04-04
CC004454,C06150,Gold,253500.0,165916.06,0,Active,2023-05-09
CC004455,C12316,Gold,20000.0,13616.66,0,Closed,2023-08-15
CC004456,C12291,Gold,20000.0,4403.97,0,Active,2025-12-19
CC004457,C14028,Platinum,68700.0,19909.27,999,Active,2025-07-10
CC004458,C14636,Signature,25900.0,2503.56,999,Active,2024-04-29
CC004459,C05926,Platinum,41700.0,16596.03,499,Active,2025-08-11
CC004460,C04611,Platinum,149300.0,60123.92,999,Active,2024-06-18
CC004461,C00609,Gold,32500.0,4338.43,999,Active,2025-11-27
CC004462,C03788,Gold,20000.0,6528.26,499,Active,2025-05-06
CC004463,C07063,Classic,85600.0,32148.83,0,Active,2025-12-29
CC004464,C12225,Gold,150400.0,74787.63,499,Active,2025-04-15
CC004465,C05662,Classic,43500.0,7277.68,499,Active,2024-02-23
CC004466,C04168,Classic,32800.0,5632.13,499,Active,2024-04-25
CC004467,C00305,Classic,81300.0,24796.59,1999,Active,2025-11-24
CC004468,C02452,Gold,40800.0,4616.67,999,Active,2022-04-28
CC004469,C13562,Platinum,32400.0,6897.76,499,Active,2022-01-26
CC004470,C07283,Platinum,83800.0,14477.68,1999,Active,2024-05-13
CC004471,C01132,Platinum,29900.0,4370.47,999,Active,2025-04-27
CC004472,C11793,Classic,23400.0,13789.84,1999,Active,2022-06-13
CC004473,C08991,Platinum,39900.0,7013.4,499,Active,2025-09-25
CC004474,C03660,Gold,47900.0,17771.38,499,Closed,2022-01-11
CC004475,C03310,Platinum,34200.0,7286.38,499,Active,2025-11-17
CC004476,C00700,Classic,33100.0,8566.07,999,Active,2023-06-01
CC004477,C09623,Gold,57900.0,9483.87,0,Active,2024-01-08
CC004478,C02321,Signature,20000.0,1362.88,2999,Active,2025-07-02
CC004479,C08256,Classic,20000.0,8163.6,0,Active,2024-12-30
CC004480,C08321,Platinum,59500.0,12317.19,499,Closed,2022-06-10
CC004481,C12404,Gold,25300.0,1735.38,999,Active,2022-03-08
CC004482,C03445,Platinum,34500.0,24635.01,0,Active,2023-04-01
CC004483,C11333,Classic,34100.0,14843.34,999,Blocked,2022-05-09
CC004484,C09705,Signature,44600.0,13348.66,499,Closed,2022-07-14
CC004485,C05237,Classic,57300.0,6696.9,0,Active,2024-03-06
CC004486,C13760,Classic,47900.0,11895.41,999,Active,2024-12-29
CC004487,C02292,Classic,23500.0,1469.91,499,Active,2024-12-09
CC004488,C13483,Platinum,164500.0,38092.63,999,Active,2024-09-17
CC004489,C08865,Classic,52300.0,17324.7,499,Active,2022-08-18
CC004490,C10972,Gold,29300.0,7546.87,499,Active,2022-06-02
CC004491,C13439,Signature,31200.0,8758.46,1999,Active,2025-05-14
CC004492,C06884,Classic,43800.0,30601.16,0,Active,2023-08-16
CC004493,C05692,Gold,52000.0,26150.31,0,Active,2023-04-18
CC004494,C07723,Gold,161000.0,9939.18,499,Active,2025-09-06
CC004495,C02703,Classic,47500.0,7019.88,499,Closed,2023-11-19
CC004496,C09530,Gold,58900.0,7142.73,1999,Active,2023-04-09
CC004497,C05145,Platinum,61700.0,15093.51,1999,Active,2022-03-24
CC004498,C08286,Gold,20000.0,11767.43,999,Active,2024-10-17
CC004499,C00484,Gold,27700.0,8093.21,499,Active,2023-08-27
CC004500,C12005,Signature,26300.0,10441.84,0,Active,2023-12-25
CC004501,C09434,Signature,32200.0,13927.6,499,Active,2025-12-30
CC004502,C07127,Classic,31100.0,15082.55,499,Active,2025-05-23
CC004503,C00181,Classic,41100.0,4957.26,499,Active,2025-09-23
CC004504,C08553,Classic,40600.0,15980.73,0,Active,2024-06-25
CC004505,C13933,Classic,63000.0,16252.47,0,Active,2022-11-08
CC004506,C09837,Platinum,40700.0,6147.59,0,Active,2024-09-11
CC004507,C08468,Classic,22800.0,1209.86,499,Active,2023-04-07
CC004508,C09328,Gold,48000.0,13316.06,499,Blocked,2025-06-21
CC004509,C05061,Gold,20000.0,6493.6,499,Active,2024-10-24
CC004510,C09528,Classic,42000.0,20279.42,0,Active,2022-08-18
CC004511,C08234,Gold,23500.0,10931.1,2999,Active,2025-09-20
CC004512,C12582,Classic,98800.0,9949.71,999,Active,2025-07-31
CC004513,C12274,Gold,43100.0,27094.4,2999,Active,2023-05-29
CC004514,C13805,Gold,24200.0,6961.25,0,Active,2024-02-25
CC004515,C14297,Platinum,127000.0,5151.19,499,Active,2025-01-18
CC004516,C04059,Classic,77700.0,17956.62,999,Active,2023-02-05
CC004517,C11615,Classic,22700.0,13661.38,1999,Active,2024-02-18
CC004518,C03340,Platinum,40600.0,9965.32,499,Closed,2022-07-16
CC004519,C01832,Platinum,137100.0,57695.63,0,Active,2023-01-30
CC004520,C11222,Platinum,101400.0,32184.48,0,Active,2023-05-11
CC004521,C08099,Platinum,20000.0,4523.69,0,Active,2022-12-05
CC004522,C06282,Classic,51700.0,23290.41,499,Active,2023-01-03
CC004523,C03092,Classic,44600.0,11753.4,999,Active,2025-08-07
CC004524,C11592,Classic,20000.0,5230.03,0,Blocked,2024-09-10
CC004525,C03391,Platinum,58900.0,11997.32,0,Active,2024-01-10
CC004526,C11625,Gold,97900.0,4693.15,0,Closed,2022-03-31
CC004527,C09520,Gold,62300.0,28205.55,499,Active,2025-12-05
CC004528,C14358,Classic,20000.0,6218.1,499,Active,2024-10-03
CC004529,C01905,Gold,32200.0,9465.7,1999,Active,2024-11-21
CC004530,C06124,Gold,29100.0,14472.78,0,Active,2022-08-27
CC004531,C05251,Signature,59400.0,40313.64,2999,Active,2025-04-16
CC004532,C01956,Platinum,76800.0,26605.82,1999,Active,2024-10-21
CC004533,C12633,Classic,20000.0,10148.46,2999,Active,2024-01-25
CC004534,C08993,Signature,47000.0,8388.42,0,Active,2025-04-12
CC004535,C05888,Gold,23300.0,10203.95,2999,Active,2025-10-07
CC004536,C04643,Platinum,97400.0,19886.64,1999,Active,2022-01-07
CC004537,C11366,Platinum,136900.0,21520.94,0,Active,2024-08-26
CC004538,C13849,Classic,20000.0,4984.25,499,Active,2023-09-04
CC004539,C00438,Classic,20000.0,5415.45,999,Active,2023-11-15
CC004540,C13830,Classic,60900.0,6684.3,999,Active,2024-12-15
CC004541,C12297,Classic,44900.0,12528.64,999,Active,2022-11-14
CC004542,C01612,Gold,54700.0,27194.18,0,Active,2025-07-16
CC004543,C12212,Platinum,73600.0,10224.6,0,Active,2023-07-12
CC004544,C00727,Platinum,24700.0,7137.75,0,Active,2025-12-23
CC004545,C04886,Platinum,36600.0,10995.22,999,Active,2022-01-25
CC004546,C07775,Classic,20000.0,13807.88,1999,Active,2022-10-28
CC004547,C06687,Classic,20800.0,3943.92,499,Active,2024-03-01
CC004548,C14762,Platinum,20400.0,2526.69,1999,Active,2022-07-07
CC004549,C04249,Signature,56300.0,2047.81,999,Active,2025-03-03
CC004550,C00347,Gold,20000.0,1592.57,999,Active,2022-04-14
CC004551,C14350,Classic,35500.0,6046.66,0,Active,2022-05-01
CC004552,C09129,Classic,66800.0,13529.02,499,Active,2024-12-01
CC004553,C14711,Classic,154700.0,69041.13,1999,Active,2023-07-28
CC004554,C04478,Classic,106200.0,10786.81,0,Active,2025-01-08
CC004555,C12535,Classic,35000.0,5516.38,1999,Active,2023-02-01
CC004556,C14928,Classic,32400.0,14602.46,1999,Active,2024-09-30
CC004557,C12998,Gold,41000.0,25741.16,999,Active,2024-07-07
CC004558,C14029,Platinum,54300.0,18763.61,0,Active,2023-10-06
CC004559,C00026,Gold,21900.0,5334.36,999,Active,2025-02-04
CC004560,C13727,Platinum,22600.0,2544.91,1999,Active,2023-12-04
CC004561,C12062,Signature,50500.0,16270.88,1999,Active,2025-06-05
CC004562,C06042,Gold,176500.0,59101.92,0,Active,2024-12-19
CC004563,C13245,Signature,71900.0,27653.7,0,Active,2023-03-27
CC004564,C07593,Classic,53800.0,4413.25,2999,Active,2025-08-30
CC004565,C11100,Platinum,74600.0,18685.53,999,Active,2022-09-10
CC004566,C14174,Classic,27400.0,3482.77,2999,Closed,2024-03-04
CC004567,C00577,Platinum,114600.0,13252.54,499,Active,2024-07-14
CC004568,C01181,Signature,82200.0,33495.36,999,Active,2024-03-08
CC004569,C05122,Platinum,24600.0,10381.31,0,Active,2025-05-09
CC004570,C11177,Gold,36200.0,7998.37,0,Active,2023-12-13
CC004571,C03747,Platinum,20500.0,12186.93,1999,Blocked,2022-10-10
CC004572,C06527,Signature,82200.0,23936.18,499,Active,2024-09-18
CC004573,C14637,Classic,38100.0,16649.76,999,Active,2023-05-08
CC004574,C14467,Classic,27000.0,4711.67,1999,Active,2025-01-18
CC004575,C10852,Classic,20000.0,7141.75,499,Active,2024-01-13
CC004576,C01826,Signature,39000.0,8461.97,999,Active,2022-10-23
CC004577,C07774,Classic,35900.0,10003.02,499,Active,2023-11-18
CC004578,C05259,Gold,51700.0,12151.42,499,Active,2025-05-25
CC004579,C04240,Classic,124700.0,21305.92,999,Active,2023-05-19
CC004580,C01867,Gold,29200.0,8739.89,0,Active,2023-09-12
CC004581,C14112,Classic,72400.0,13551.44,499,Blocked,2025-02-24
CC004582,C12079,Signature,40200.0,19058.49,499,Active,2023-12-19
CC004583,C01270,Gold,73000.0,25273.92,499,Active,2025-12-16
CC004584,C12800,Gold,146600.0,71017.19,0,Active,2025-04-15
CC004585,C05110,Classic,20000.0,8674.43,999,Active,2022-10-06
CC004586,C04696,Gold,65900.0,27116.16,0,Active,2025-03-28
CC004587,C03765,Classic,144600.0,3494.56,999,Active,2023-01-18
CC004588,C09590,Gold,20000.0,12249.97,0,Blocked,2024-11-01
CC004589,C13667,Gold,151700.0,80180.78,999,Active,2023-01-03
CC004590,C03750,Gold,65800.0,28174.98,0,Blocked,2025-08-12
CC004591,C06284,Gold,20000.0,8844.82,1999,Active,2022-08-13
CC004592,C10552,Gold,24700.0,12821.99,0,Active,2025-12-27
CC004593,C06488,Gold,41300.0,16134.25,0,Active,2022-09-04
CC004594,C14976,Platinum,88100.0,25304.85,499,Active,2022-07-01
CC004595,C00721,Platinum,26400.0,8977.05,1999,Active,2023-09-20
CC004596,C14364,Classic,123400.0,37557.15,0,Active,2022-09-18
CC004597,C12656,Gold,68600.0,8951.43,0,Active,2022-04-06
CC004598,C00222,Platinum,46000.0,2754.4,999,Closed,2024-05-12
CC004599,C11350,Classic,107800.0,24222.39,0,Active,2022-01-06
CC004600,C03748,Platinum,218800.0,136658.8,999,Active,2023-09-29
CC004601,C02356,Gold,20000.0,10435.95,999,Active,2023-01-29
CC004602,C13872,Classic,27200.0,2097.67,499,Active,2024-12-15
CC004603,C10005,Gold,47000.0,19297.67,499,Active,2025-06-23
CC004604,C11473,Classic,38800.0,3122.44,1999,Active,2025-04-22
CC004605,C00225,Classic,177500.0,47151.65,499,Active,2023-07-28
CC004606,C04245,Classic,76700.0,48885.72,999,Active,2022-03-09
CC004607,C01962,Gold,93200.0,29718.12,0,Active,2023-11-15
CC004608,C09941,Platinum,49800.0,11415.42,1999,Active,2022-09-14
CC004609,C03464,Classic,25100.0,7774.99,0,Active,2025-08-04
CC004610,C09713,Platinum,251300.0,77013.77,499,Active,2024-04-01
CC004611,C00690,Signature,67600.0,16589.91,999,Active,2025-07-14
CC004612,C12018,Classic,23500.0,14829.64,999,Active,2022-09-05
CC004613,C14901,Gold,35900.0,3942.05,1999,Active,2023-12-25
CC004614,C01788,Classic,20000.0,7424.97,999,Active,2025-05-20
CC004615,C00338,Gold,29400.0,11117.67,499,Active,2023-03-24
CC004616,C00440,Classic,60200.0,10555.82,0,Active,2023-08-20
CC004617,C12518,Gold,217700.0,44489.11,1999,Closed,2022-01-16
CC004618,C08417,Classic,20000.0,7556.1,999,Active,2024-11-01
CC004619,C14265,Platinum,66600.0,19998.13,999,Active,2023-10-17
CC004620,C11555,Classic,36700.0,15771.43,0,Active,2025-08-19
CC004621,C10125,Classic,80400.0,2418.48,999,Active,2023-06-18
CC004622,C04491,Classic,48400.0,7447.74,1999,Active,2024-06-11
CC004623,C03123,Classic,20000.0,6763.28,999,Active,2022-11-24
CC004624,C00676,Classic,79500.0,49370.25,0,Active,2023-10-08
CC004625,C07923,Signature,115800.0,64688.68,999,Active,2023-11-16
CC004626,C06902,Platinum,57700.0,7480.63,0,Active,2025-06-22
CC004627,C03030,Signature,85100.0,2475.05,0,Active,2023-01-24
CC004628,C10146,Platinum,45700.0,5893.98,0,Closed,2025-04-08
CC004629,C00473,Signature,54300.0,18299.76,0,Active,2023-10-27
CC004630,C02682,Signature,20000.0,8013.22,499,Active,2025-08-03
CC004631,C07158,Classic,322500.0,94018.18,0,Active,2025-11-13
CC004632,C09016,Classic,25700.0,4258.13,1999,Active,2025-06-04
CC004633,C09057,Classic,23400.0,8947.32,0,Active,2025-11-18
CC004634,C14354,Gold,43400.0,16815.61,1999,Active,2025-04-11
CC004635,C10279,Gold,54900.0,16875.37,0,Active,2025-01-13
CC004636,C05784,Classic,59100.0,27876.96,1999,Closed,2025-02-07
CC004637,C04131,Gold,52200.0,8264.18,0,Active,2023-09-15
CC004638,C08126,Classic,52400.0,8015.88,0,Active,2024-07-15
CC004639,C02092,Signature,41000.0,7833.63,0,Active,2025-05-05
CC004640,C03678,Classic,99800.0,29800.53,999,Active,2023-09-02
CC004641,C12006,Gold,20900.0,5855.68,999,Active,2025-04-25
CC004642,C03183,Classic,80000.0,11019.99,0,Active,2022-07-31
CC004643,C02765,Platinum,26700.0,2521.51,0,Active,2022-03-15
CC004644,C11907,Platinum,53100.0,16475.42,499,Active,2024-02-11
CC004645,C04822,Signature,132500.0,50436.08,0,Active,2023-05-04
CC004646,C04606,Gold,39100.0,4580.0,999,Active,2024-01-06
CC004647,C02793,Classic,37600.0,4494.14,499,Active,2022-02-07
CC004648,C01305,Platinum,22500.0,4504.7,0,Active,2024-04-19
CC004649,C05565,Platinum,56400.0,17877.3,499,Active,2025-02-14
CC004650,C11924,Gold,68000.0,29816.22,0,Active,2022-11-16
CC004651,C05092,Classic,24300.0,3502.44,499,Active,2023-07-11
CC004652,C09516,Classic,40100.0,24519.33,499,Active,2025-06-06
CC004653,C14107,Gold,40100.0,10276.96,1999,Active,2025-03-31
CC004654,C13388,Gold,76600.0,28139.18,2999,Active,2023-09-27
CC004655,C07420,Platinum,51100.0,18883.78,999,Active,2024-04-22
CC004656,C08214,Classic,65800.0,21772.53,0,Active,2022-10-30
CC004657,C06626,Classic,84800.0,51538.55,999,Active,2024-07-08
CC004658,C04607,Gold,40900.0,14547.57,0,Blocked,2022-02-15
CC004659,C09806,Classic,52600.0,2373.6,999,Active,2024-09-19
CC004660,C03767,Classic,36100.0,1666.35,0,Closed,2023-10-29
CC004661,C04991,Classic,30300.0,8095.6,999,Active,2025-05-05
CC004662,C07936,Gold,50000.0,20554.72,1999,Active,2024-11-12
CC004663,C00243,Gold,56400.0,13621.42,2999,Active,2025-12-27
CC004664,C07786,Classic,50700.0,3818.65,0,Active,2022-01-02
CC004665,C13363,Platinum,38600.0,14432.88,0,Active,2025-10-11
CC004666,C04065,Classic,43200.0,9102.71,999,Active,2024-12-25
CC004667,C02024,Classic,41500.0,16518.02,999,Active,2025-08-23
CC004668,C10244,Signature,20500.0,5322.16,499,Active,2025-01-18
CC004669,C01879,Gold,49100.0,17230.36,499,Active,2024-10-04
CC004670,C01351,Classic,62000.0,12302.92,499,Active,2022-07-04
CC004671,C08398,Platinum,116300.0,15710.73,1999,Active,2025-02-19
CC004672,C14481,Signature,63500.0,28729.96,0,Active,2024-12-17
CC004673,C08612,Classic,38800.0,5324.32,999,Active,2025-08-13
CC004674,C12219,Platinum,29100.0,582.0,999,Active,2023-01-21
CC004675,C05067,Classic,50800.0,24919.54,499,Active,2022-05-06
CC004676,C01028,Platinum,109600.0,34805.0,499,Active,2023-04-08
CC004677,C14923,Classic,28300.0,2638.57,1999,Active,2024-06-16
CC004678,C06859,Platinum,53900.0,28465.76,1999,Active,2025-03-01
CC004679,C09744,Platinum,66600.0,25407.67,999,Active,2022-08-17
CC004680,C12652,Classic,37500.0,3526.3,499,Active,2025-01-04
CC004681,C12578,Classic,42100.0,16749.58,499,Active,2023-06-17
CC004682,C09615,Platinum,28900.0,7177.12,999,Active,2025-11-22
CC004683,C10134,Signature,49000.0,16035.2,1999,Closed,2024-08-28
CC004684,C10904,Gold,31900.0,11293.66,499,Active,2024-09-26
CC004685,C08575,Classic,105700.0,29866.1,1999,Active,2025-09-26
CC004686,C14727,Classic,24700.0,8456.62,499,Active,2023-09-28
CC004687,C01222,Gold,21200.0,9107.56,999,Active,2024-04-29
CC004688,C03706,Platinum,193600.0,26708.28,2999,Active,2024-04-17
CC004689,C03303,Classic,100800.0,19763.29,0,Active,2025-09-20
CC004690,C05101,Platinum,44700.0,8163.8,1999,Active,2024-07-29
CC004691,C06833,Classic,57700.0,22213.05,0,Active,2023-07-29
CC004692,C00032,Classic,20400.0,6369.67,1999,Active,2025-10-16
CC004693,C10813,Signature,64200.0,15670.34,499,Active,2025-02-01
CC004694,C06228,Gold,117600.0,25643.42,999,Active,2022-07-12
CC004695,C08463,Classic,38000.0,7939.93,1999,Active,2023-01-04
CC004696,C13866,Platinum,38200.0,8975.67,0,Active,2024-01-26
CC004697,C01518,Gold,52600.0,11422.81,499,Active,2022-10-29
CC004698,C06382,Gold,61900.0,30346.72,499,Active,2022-11-17
CC004699,C01103,Platinum,61000.0,5919.77,0,Active,2025-01-20
CC004700,C09039,Gold,71400.0,2104.98,0,Active,2024-07-03
CC004701,C12810,Classic,43200.0,32601.65,0,Active,2024-10-23
CC004702,C08452,Classic,70200.0,19281.0,1999,Active,2023-10-04
CC004703,C14205,Platinum,20000.0,15370.89,999,Active,2024-06-29
CC004704,C14987,Gold,23100.0,3524.39,2999,Active,2024-11-11
CC004705,C11712,Platinum,146200.0,102472.48,499,Active,2022-04-29
CC004706,C00984,Classic,45100.0,22382.25,999,Active,2024-11-14
CC004707,C01038,Gold,85100.0,19168.97,0,Active,2025-02-11
CC004708,C00351,Signature,94900.0,19500.56,0,Active,2023-12-28
CC004709,C10039,Classic,50500.0,9843.17,0,Active,2022-08-26
CC004710,C05755,Classic,52300.0,19821.2,0,Active,2022-12-08
CC004711,C14634,Signature,27700.0,3382.91,2999,Active,2024-05-26
CC004712,C07165,Classic,22200.0,7794.4,999,Closed,2024-10-24
CC004713,C08936,Gold,38900.0,17110.19,499,Active,2022-11-29
CC004714,C04161,Gold,61400.0,29027.5,999,Active,2025-03-01
CC004715,C02004,Classic,53100.0,26053.05,1999,Active,2024-02-07
CC004716,C01519,Gold,20000.0,5131.13,0,Active,2025-06-11
CC004717,C04371,Signature,20000.0,7691.59,499,Active,2023-06-08
CC004718,C10868,Classic,29800.0,7474.78,0,Active,2023-10-27
CC004719,C11239,Platinum,33200.0,15116.1,999,Active,2022-12-20
CC004720,C07902,Gold,20000.0,1343.99,499,Active,2024-05-11
CC004721,C02089,Gold,69100.0,20603.35,1999,Active,2023-11-05
CC004722,C12348,Classic,37200.0,8462.64,0,Active,2022-05-04
CC004723,C05678,Signature,61100.0,37406.51,0,Active,2025-03-19
CC004724,C01661,Classic,45900.0,11720.01,499,Active,2023-09-21
CC004725,C05253,Classic,65000.0,28079.48,999,Closed,2022-03-16
CC004726,C12525,Classic,26100.0,11598.78,0,Active,2022-05-16
CC004727,C06893,Platinum,29200.0,8221.67,0,Active,2025-08-28
CC004728,C10563,Classic,20000.0,4536.22,0,Active,2023-02-15
CC004729,C14571,Platinum,57000.0,15993.01,1999,Active,2023-09-03
CC004730,C13042,Classic,86500.0,24197.47,0,Active,2025-05-04
CC004731,C14696,Classic,29600.0,8722.25,1999,Active,2022-07-23
CC004732,C05478,Classic,86100.0,34539.38,999,Active,2023-07-10
CC004733,C06346,Gold,102500.0,14362.35,0,Active,2024-01-24
CC004734,C13460,Classic,69400.0,32740.19,0,Active,2024-04-30
CC004735,C10694,Classic,20000.0,1490.5,0,Active,2023-07-14
CC004736,C14976,Classic,45500.0,10917.21,2999,Active,2023-07-30
CC004737,C09070,Gold,29700.0,16825.84,999,Active,2022-12-30
CC004738,C08078,Classic,20000.0,4406.9,499,Active,2024-10-24
CC004739,C11801,Gold,31000.0,4218.33,0,Active,2023-06-17
CC004740,C13851,Classic,49700.0,11223.92,499,Active,2025-11-22
CC004741,C01064,Platinum,209700.0,96934.36,499,Blocked,2025-08-14
CC004742,C04873,Platinum,38100.0,8617.94,2999,Active,2025-09-22
CC004743,C10267,Classic,21300.0,3819.62,2999,Closed,2025-10-28
CC004744,C10755,Classic,22700.0,9733.91,0,Active,2024-11-07
CC004745,C12937,Signature,66900.0,25096.02,499,Active,2022-02-17
CC004746,C13646,Classic,75400.0,40390.82,1999,Active,2022-12-22
CC004747,C14121,Classic,22400.0,5770.66,0,Closed,2023-08-14
CC004748,C00893,Classic,37300.0,9478.77,1999,Active,2022-06-14
CC004749,C02997,Signature,74900.0,25072.28,2999,Active,2022-05-28
CC004750,C07037,Platinum,22300.0,4404.86,2999,Active,2025-12-31
CC004751,C11685,Platinum,91000.0,11298.34,0,Blocked,2025-09-06
CC004752,C06856,Platinum,20000.0,8744.97,0,Active,2025-09-04
CC004753,C13439,Classic,33000.0,4212.27,1999,Active,2022-08-12
CC004754,C08521,Platinum,58300.0,16011.14,0,Active,2025-12-05
CC004755,C02144,Classic,40900.0,4345.62,499,Active,2025-04-21
CC004756,C04434,Signature,46900.0,15115.23,0,Active,2023-06-07
CC004757,C12267,Gold,197800.0,89062.97,499,Active,2024-02-03
CC004758,C09049,Classic,45700.0,2772.84,499,Blocked,2023-09-29
CC004759,C06196,Classic,80600.0,38323.41,0,Active,2024-06-28
CC004760,C11849,Gold,68700.0,15529.79,499,Active,2025-06-12
CC004761,C14402,Gold,39900.0,6688.93,0,Active,2022-10-22
CC004762,C07960,Signature,96400.0,16598.54,0,Active,2025-09-26
CC004763,C03670,Gold,72300.0,45349.61,0,Active,2023-06-06
CC004764,C13653,Platinum,154900.0,33240.9,0,Active,2025-04-05
CC004765,C03208,Signature,56100.0,11410.59,0,Active,2022-10-08
CC004766,C14540,Classic,62600.0,14962.71,999,Closed,2023-04-09
CC004767,C05156,Gold,25400.0,6512.95,499,Active,2023-04-18
CC004768,C04822,Classic,78000.0,34301.01,499,Active,2022-12-08
CC004769,C12030,Platinum,47400.0,7039.64,499,Closed,2022-11-04
CC004770,C13849,Classic,76400.0,16274.61,999,Active,2024-03-21
CC004771,C12048,Platinum,21300.0,6375.14,0,Active,2025-04-12
CC004772,C09686,Classic,86900.0,65471.28,999,Active,2023-02-04
CC004773,C09833,Classic,55800.0,24795.86,999,Active,2022-10-29
CC004774,C04008,Classic,42500.0,7136.82,0,Active,2024-01-27
CC004775,C10754,Gold,55300.0,11027.53,0,Active,2022-12-06
CC004776,C08054,Platinum,54000.0,4490.01,0,Active,2023-06-21
CC004777,C08711,Platinum,31900.0,5856.66,0,Active,2025-03-23
CC004778,C06410,Signature,52000.0,20855.08,499,Active,2022-09-30
CC004779,C14617,Platinum,20000.0,8501.95,0,Active,2022-03-05
CC004780,C01473,Signature,20000.0,4607.87,0,Blocked,2024-10-07
CC004781,C09209,Classic,25100.0,3450.96,0,Active,2024-01-26
CC004782,C03467,Signature,45800.0,14109.84,1999,Blocked,2024-12-30
CC004783,C07068,Signature,25700.0,17210.29,0,Active,2023-03-01
CC004784,C12833,Classic,28400.0,11819.02,999,Active,2023-01-24
CC004785,C07138,Platinum,29400.0,9474.55,2999,Active,2023-04-27
CC004786,C12547,Classic,20000.0,5865.13,2999,Active,2025-06-11
CC004787,C04649,Classic,81200.0,28332.21,999,Active,2022-08-10
CC004788,C14107,Platinum,30900.0,13216.79,0,Active,2025-06-10
CC004789,C04673,Gold,33800.0,21742.39,0,Closed,2024-11-03
CC004790,C14202,Signature,33500.0,20775.65,999,Active,2022-02-24
CC004791,C09641,Classic,105900.0,30106.29,1999,Active,2022-08-29
CC004792,C07996,Classic,23400.0,12877.62,499,Active,2023-12-15
CC004793,C02007,Platinum,32500.0,10469.57,0,Active,2023-10-17
CC004794,C05260,Gold,72700.0,18757.2,499,Active,2023-10-01
CC004795,C11118,Platinum,52700.0,22398.59,499,Active,2022-03-20
CC004796,C05502,Platinum,20000.0,1801.79,1999,Active,2024-09-30
CC004797,C04741,Gold,51400.0,21761.79,1999,Active,2022-05-05
CC004798,C04840,Classic,63300.0,7337.38,0,Active,2022-12-07
CC004799,C13841,Platinum,39600.0,15822.38,0,Active,2023-07-03
CC004800,C05355,Gold,27900.0,11266.62,499,Active,2023-05-17
CC004801,C01813,Classic,111800.0,84888.85,1999,Active,2025-09-05
CC004802,C09697,Signature,21100.0,6376.4,1999,Active,2025-08-26
CC004803,C12687,Signature,20000.0,5890.43,0,Active,2024-01-02
CC004804,C01972,Platinum,20000.0,2443.15,999,Active,2025-08-10
CC004805,C00519,Gold,67700.0,49636.02,0,Active,2024-02-03
CC004806,C13335,Classic,28000.0,5332.17,0,Active,2023-08-27
CC004807,C09415,Gold,23200.0,3898.84,0,Active,2025-08-21
CC004808,C01077,Classic,34300.0,14642.82,1999,Active,2025-05-21
CC004809,C09360,Classic,20000.0,4333.75,0,Active,2022-03-02
CC004810,C06167,Classic,136700.0,45713.31,0,Active,2022-07-05
CC004811,C06679,Signature,20400.0,8197.31,499,Active,2023-01-30
CC004812,C01190,Classic,20000.0,7930.23,999,Active,2025-09-21
CC004813,C01335,Platinum,22000.0,4832.17,0,Active,2022-05-05
CC004814,C08530,Classic,39500.0,9369.95,1999,Active,2024-04-07
CC004815,C11337,Classic,29200.0,5992.13,0,Active,2022-04-16
CC004816,C04146,Platinum,25900.0,4722.82,999,Active,2022-03-12
CC004817,C09996,Gold,49400.0,16355.62,999,Active,2025-08-09
CC004818,C13751,Classic,125300.0,5492.16,1999,Active,2022-12-31
CC004819,C13694,Classic,113800.0,22372.25,499,Active,2024-05-15
CC004820,C13196,Classic,87600.0,40308.11,0,Active,2022-08-05
CC004821,C14484,Gold,26100.0,8425.58,499,Active,2024-06-15
CC004822,C14480,Platinum,39200.0,18911.97,499,Blocked,2025-12-10
CC004823,C03182,Classic,31000.0,6647.68,499,Active,2025-10-19
CC004824,C00227,Signature,79800.0,16221.14,0,Active,2023-07-06
CC004825,C14305,Platinum,57900.0,17234.16,499,Active,2024-08-08
CC004826,C08576,Gold,31600.0,6631.48,0,Active,2025-01-06
CC004827,C05154,Gold,73500.0,26756.82,999,Active,2024-03-18
CC004828,C00534,Classic,83200.0,30594.54,499,Active,2024-12-14
CC004829,C08109,Platinum,73300.0,11506.92,1999,Active,2025-09-07
CC004830,C03735,Gold,23700.0,11636.69,0,Active,2025-09-11
CC004831,C14729,Classic,26400.0,2342.61,0,Closed,2025-02-15
CC004832,C10830,Classic,138800.0,32653.44,0,Active,2022-10-18
CC004833,C02211,Gold,40100.0,24507.42,1999,Blocked,2024-06-27
CC004834,C05873,Gold,79700.0,28638.98,499,Active,2023-11-14
CC004835,C12887,Classic,63800.0,27901.07,999,Closed,2025-10-15
CC004836,C05508,Classic,30800.0,9963.97,0,Closed,2024-07-16
CC004837,C06226,Gold,20000.0,10990.98,999,Active,2024-01-02
CC004838,C01200,Gold,82100.0,40980.74,499,Active,2022-10-31
CC004839,C08410,Platinum,49600.0,23309.97,999,Active,2024-04-07
CC004840,C05562,Classic,33300.0,8349.98,0,Active,2024-04-19
CC004841,C14821,Classic,64300.0,27903.3,499,Active,2022-05-31
CC004842,C12239,Gold,44400.0,10154.58,0,Closed,2023-02-26
CC004843,C04749,Signature,35800.0,6582.93,0,Active,2023-08-28
CC004844,C13268,Gold,20000.0,10873.37,499,Active,2023-01-03
CC004845,C06264,Gold,39700.0,7907.95,1999,Active,2024-08-31
CC004846,C01161,Platinum,99700.0,16607.13,999,Active,2023-03-30
CC004847,C05854,Platinum,20000.0,10890.51,1999,Active,2025-07-19
CC004848,C08710,Gold,91000.0,32949.98,0,Active,2023-11-02
CC004849,C00101,Classic,50500.0,22218.16,999,Active,2023-10-31
CC004850,C13572,Gold,41200.0,10525.46,1999,Active,2025-07-06
CC004851,C10110,Signature,20000.0,6625.15,1999,Active,2025-01-10
CC004852,C00179,Gold,23100.0,5437.76,499,Active,2024-05-29
CC004853,C10166,Platinum,20000.0,11274.81,499,Active,2023-05-19
CC004854,C11039,Gold,108500.0,36647.26,499,Active,2025-02-20
CC004855,C13231,Gold,39600.0,6473.17,0,Active,2024-09-25
CC004856,C02039,Classic,53300.0,23754.8,0,Active,2022-07-26
CC004857,C02052,Classic,22500.0,10587.77,999,Active,2025-01-19
CC004858,C13616,Classic,20000.0,14562.01,999,Active,2022-06-24
CC004859,C02334,Classic,83900.0,45860.2,999,Active,2024-05-02
CC004860,C01805,Gold,92700.0,4237.53,999,Active,2025-11-27
CC004861,C13230,Classic,29200.0,8836.97,1999,Active,2025-02-25
CC004862,C07419,Classic,85400.0,40780.48,2999,Active,2023-07-30
CC004863,C10094,Classic,23300.0,4692.82,0,Active,2025-08-20
CC004864,C08501,Gold,28000.0,12044.27,1999,Active,2023-02-07
CC004865,C14691,Platinum,62500.0,26919.02,0,Active,2024-05-31
CC004866,C13480,Gold,33900.0,6095.64,499,Active,2024-10-26
CC004867,C10282,Platinum,31600.0,8533.3,499,Active,2022-07-04
CC004868,C11409,Platinum,22900.0,12797.55,499,Active,2022-11-14
CC004869,C07888,Gold,160500.0,31627.86,0,Active,2024-04-22
CC004870,C10229,Platinum,40100.0,29327.52,499,Active,2022-04-25
CC004871,C04925,Gold,54000.0,19040.29,499,Active,2025-11-09
CC004872,C06441,Gold,70000.0,36206.02,0,Active,2022-08-09
CC004873,C12015,Classic,53900.0,32664.85,0,Active,2024-02-29
CC004874,C01458,Platinum,66700.0,30168.52,499,Active,2025-08-16
CC004875,C07845,Classic,20000.0,7687.87,0,Active,2022-01-16
CC004876,C00218,Platinum,64000.0,44441.8,0,Active,2023-04-06
CC004877,C09464,Gold,20000.0,5988.93,1999,Active,2023-06-14
CC004878,C02029,Classic,24200.0,1996.51,0,Active,2025-02-03
CC004879,C14424,Classic,60500.0,40637.14,0,Blocked,2024-05-02
CC004880,C14386,Gold,56500.0,10340.77,0,Active,2022-10-18
CC004881,C13942,Platinum,99600.0,76338.73,0,Active,2022-08-18
CC004882,C07823,Platinum,81500.0,18638.63,0,Active,2022-04-07
CC004883,C00432,Classic,21200.0,2561.86,0,Active,2022-08-22
CC004884,C02657,Gold,20000.0,682.24,499,Active,2024-03-22
CC004885,C01474,Gold,51200.0,4674.06,499,Closed,2023-08-20
CC004886,C04396,Platinum,21400.0,15865.81,999,Active,2024-12-21
CC004887,C01729,Platinum,49000.0,23189.23,999,Active,2022-12-10
CC004888,C04731,Platinum,20000.0,3409.22,1999,Active,2022-12-07
CC004889,C08481,Platinum,77700.0,25361.92,2999,Closed,2024-09-24
CC004890,C04962,Gold,20700.0,2180.12,2999,Active,2024-02-29
CC004891,C14872,Platinum,45900.0,8192.19,999,Active,2024-01-19
CC004892,C05509,Classic,131900.0,48234.16,499,Active,2025-06-23
CC004893,C04425,Classic,20000.0,2233.31,499,Active,2023-11-08
CC004894,C10971,Platinum,66000.0,6613.65,499,Active,2022-05-16
CC004895,C07738,Classic,93800.0,9820.13,499,Closed,2025-03-30
CC004896,C13325,Platinum,139500.0,64961.59,1999,Closed,2025-11-30
CC004897,C07134,Platinum,30900.0,15937.7,1999,Active,2025-01-10
CC004898,C14364,Gold,28700.0,7016.58,499,Active,2023-06-21
CC004899,C10982,Classic,146400.0,76603.16,0,Active,2025-06-16
CC004900,C13251,Classic,75500.0,27648.64,999,Active,2025-09-28
CC004901,C01321,Platinum,123700.0,50020.06,2999,Active,2024-05-05
CC004902,C12797,Classic,45600.0,8797.73,1999,Active,2023-09-04
CC004903,C02319,Platinum,22200.0,8631.53,499,Active,2025-01-16
CC004904,C07276,Platinum,29100.0,8727.59,999,Active,2024-03-14
CC004905,C01149,Gold,28400.0,8310.36,999,Active,2025-01-25
CC004906,C06992,Signature,78200.0,12359.01,0,Active,2025-09-28
CC004907,C09544,Platinum,79200.0,31661.33,0,Active,2024-02-20
CC004908,C12148,Classic,20000.0,6263.2,499,Active,2025-02-25
CC004909,C06870,Signature,42800.0,14786.52,499,Active,2024-07-21
CC004910,C10433,Gold,32800.0,6639.59,0,Active,2022-09-05
CC004911,C05847,Gold,34600.0,2093.32,1999,Blocked,2023-05-05
CC004912,C03603,Gold,61000.0,1230.56,1999,Active,2022-03-16
CC004913,C03696,Platinum,20000.0,2169.8,499,Active,2022-01-13
CC004914,C11668,Classic,38100.0,5218.58,499,Active,2024-02-10
CC004915,C13869,Platinum,34800.0,3945.74,1999,Active,2022-06-15
CC004916,C09308,Gold,42300.0,19958.47,499,Closed,2025-02-28
CC004917,C13871,Gold,61800.0,7430.72,1999,Active,2023-09-06
CC004918,C02139,Platinum,21600.0,2219.09,0,Active,2022-03-27
CC004919,C11360,Gold,83000.0,38698.27,0,Active,2025-05-08
CC004920,C06820,Platinum,20000.0,1048.87,499,Active,2025-08-27
CC004921,C03623,Gold,41700.0,22683.73,1999,Active,2022-05-03
CC004922,C14935,Gold,36600.0,11241.97,0,Active,2024-06-17
CC004923,C13547,Classic,86100.0,34598.82,999,Active,2025-01-15
CC004924,C08668,Signature,76400.0,19504.49,0,Active,2023-11-15
CC004925,C07029,Gold,103500.0,12488.95,999,Active,2023-06-20
CC004926,C07503,Gold,55800.0,14261.46,999,Closed,2022-04-11
CC004927,C12987,Gold,123100.0,54228.46,499,Active,2025-09-03
CC004928,C03789,Gold,54600.0,14447.84,2999,Active,2024-10-15
CC004929,C11565,Classic,20000.0,3540.18,499,Active,2023-02-09
CC004930,C01330,Classic,39400.0,10948.79,999,Active,2024-04-11
CC004931,C01979,Gold,52600.0,5771.62,0,Active,2025-07-14
CC004932,C05235,Gold,32700.0,13937.94,0,Active,2024-10-02
CC004933,C07384,Gold,54900.0,33529.36,0,Active,2022-04-08
CC004934,C08966,Platinum,57600.0,11396.97,0,Active,2022-11-27
CC004935,C04441,Classic,134900.0,26754.55,2999,Active,2023-09-07
CC004936,C01456,Classic,38400.0,9696.96,0,Blocked,2022-03-08
CC004937,C05140,Classic,23000.0,1344.92,0,Active,2025-03-27
CC004938,C04934,Classic,26700.0,1862.76,999,Blocked,2024-01-07
CC004939,C00483,Gold,74200.0,10290.2,999,Active,2022-01-07
CC004940,C00339,Gold,35200.0,8611.0,499,Active,2024-06-30
CC004941,C10516,Signature,20000.0,4648.3,499,Active,2023-12-26
CC004942,C05730,Gold,20900.0,3322.58,0,Active,2022-10-16
CC004943,C05357,Gold,38100.0,9755.19,999,Active,2023-03-23
CC004944,C00078,Platinum,59500.0,13266.82,0,Active,2025-12-07
CC004945,C14121,Gold,183500.0,50184.75,999,Active,2025-07-23
CC004946,C14445,Classic,20000.0,5139.58,0,Active,2022-11-03
CC004947,C06978,Platinum,30000.0,5925.17,1999,Active,2022-07-31
CC004948,C00418,Gold,52700.0,16674.69,0,Active,2025-08-05
CC004949,C01152,Classic,36900.0,12744.31,499,Closed,2022-10-26
CC004950,C13307,Platinum,22700.0,8035.48,499,Active,2023-10-19
CC004951,C13393,Signature,51100.0,8071.39,499,Active,2023-01-31
CC004952,C06744,Platinum,40200.0,1928.9,2999,Active,2025-09-13
CC004953,C13862,Classic,57100.0,15215.61,999,Active,2025-06-02
CC004954,C00598,Platinum,109500.0,28289.47,2999,Blocked,2025-03-06
CC004955,C04530,Gold,60000.0,20212.11,0,Active,2024-06-15
CC004956,C13996,Signature,20000.0,5903.02,999,Active,2023-01-09
CC004957,C14933,Classic,64200.0,24591.11,999,Active,2022-02-13
CC004958,C10465,Gold,37700.0,21610.37,499,Active,2025-06-27
CC004959,C13154,Classic,45400.0,9510.51,0,Active,2025-11-18
CC004960,C07362,Signature,85400.0,36166.77,999,Active,2022-11-05
CC004961,C05753,Signature,21300.0,4324.41,0,Active,2022-01-03
CC004962,C03658,Gold,34600.0,2931.87,499,Active,2022-12-04
CC004963,C10329,Platinum,83400.0,13731.07,2999,Active,2025-07-18
CC004964,C04049,Gold,25600.0,5861.72,999,Active,2022-09-24
CC004965,C02613,Platinum,71300.0,32802.61,999,Active,2024-06-25
CC004966,C05585,Classic,110400.0,17309.1,499,Active,2022-06-01
CC004967,C02032,Platinum,79800.0,33757.04,499,Active,2024-01-14
CC004968,C14733,Gold,35000.0,17767.47,999,Active,2025-10-10
CC004969,C10480,Platinum,56900.0,20651.85,1999,Active,2024-08-20
CC004970,C13998,Signature,20000.0,10083.81,0,Active,2025-03-27
CC004971,C03102,Gold,38200.0,11085.73,0,Active,2025-12-28
CC004972,C01405,Signature,43600.0,31527.21,499,Blocked,2022-11-19
CC004973,C12719,Gold,38100.0,16170.41,1999,Blocked,2022-09-25
CC004974,C09350,Classic,64500.0,23554.17,1999,Active,2023-04-14
CC004975,C00334,Platinum,31900.0,13710.64,499,Blocked,2022-07-21
CC004976,C04872,Platinum,20000.0,2582.85,999,Active,2023-07-13
CC004977,C01873,Gold,24100.0,8746.38,1999,Active,2025-10-17
CC004978,C07036,Classic,59600.0,18657.39,1999,Active,2024-04-13
CC004979,C03604,Platinum,21200.0,4585.99,2999,Active,2025-01-27
CC004980,C09306,Platinum,63900.0,34623.38,2999,Active,2022-04-02
CC004981,C06546,Classic,20000.0,11119.24,0,Active,2024-06-10
CC004982,C08981,Platinum,37200.0,8060.15,499,Active,2023-03-29
CC004983,C00846,Gold,23400.0,9790.81,999,Active,2025-06-30
CC004984,C00593,Classic,49200.0,12037.91,999,Active,2025-05-17
CC004985,C00729,Platinum,23200.0,6934.11,499,Active,2022-04-17
CC004986,C08955,Classic,36700.0,8178.26,999,Active,2022-10-12
CC004987,C12452,Classic,263100.0,12990.21,0,Active,2024-06-01
CC004988,C03631,Gold,22500.0,14023.76,1999,Closed,2022-05-24
CC004989,C07055,Gold,52200.0,8880.84,1999,Active,2023-08-02
CC004990,C00216,Classic,32800.0,6425.18,999,Active,2024-09-05
CC004991,C10578,Gold,88200.0,41557.14,999,Blocked,2022-01-03
CC004992,C04055,Platinum,28300.0,12106.13,499,Active,2024-07-04
CC004993,C00868,Platinum,48800.0,23654.26,499,Active,2024-12-16
CC004994,C02750,Platinum,37200.0,15499.14,0,Active,2024-03-18
CC004995,C01579,Signature,77700.0,8708.78,0,Active,2024-05-29
CC004996,C14643,Platinum,68200.0,21097.8,0,Active,2022-02-14
CC004997,C10875,Gold,30000.0,12898.36,499,Active,2023-06-19
CC004998,C13152,Platinum,53600.0,20781.41,999,Closed,2023-08-18
CC004999,C10965,Classic,60200.0,17728.94,0,Active,2025-02-11
CC005000,C08140,Gold,27400.0,2686.65,0,Active,2022-05-04
CC005001,C05509,Platinum,20000.0,3796.58,499,Active,2025-06-17
CC005002,C11364,Gold,31300.0,8004.42,499,Active,2023-03-01
CC005003,C02885,Platinum,110800.0,66312.14,499,Active,2022-09-13
CC005004,C06410,Classic,108300.0,19347.85,0,Active,2022-09-10
CC005005,C03520,Signature,79600.0,7353.41,0,Active,2024-11-26
CC005006,C00060,Classic,53100.0,33450.87,499,Active,2023-04-25
CC005007,C07542,Classic,32800.0,9725.32,499,Active,2024-09-21
CC005008,C07091,Gold,76700.0,18950.81,999,Active,2025-06-12
CC005009,C11514,Classic,81000.0,3687.16,499,Active,2024-10-27
CC005010,C07198,Classic,28100.0,3681.84,499,Active,2024-05-29
CC005011,C04166,Classic,74900.0,14002.67,1999,Active,2024-01-31
CC005012,C06027,Classic,54500.0,5592.25,2999,Active,2025-09-29
CC005013,C13171,Platinum,73600.0,13377.55,0,Active,2025-10-11
CC005014,C14459,Signature,20000.0,9521.81,499,Active,2022-09-01
CC005015,C13921,Platinum,22400.0,3419.97,499,Active,2025-01-08
CC005016,C06598,Platinum,100100.0,33005.58,1999,Active,2025-08-17
CC005017,C07091,Gold,77900.0,19460.68,499,Active,2024-08-06
CC005018,C05220,Classic,27300.0,4914.56,1999,Active,2022-03-19
CC005019,C05979,Gold,79700.0,26457.57,1999,Active,2022-08-22
CC005020,C01428,Signature,42800.0,11464.74,499,Active,2025-01-22
CC005021,C09735,Classic,43400.0,7316.33,0,Blocked,2024-04-03
CC005022,C02786,Gold,38800.0,12147.4,0,Active,2025-06-14
CC005023,C13831,Classic,41800.0,7015.09,499,Active,2024-06-18
CC005024,C12781,Classic,67200.0,5866.93,2999,Active,2022-10-26
CC005025,C02788,Gold,166300.0,55370.45,499,Active,2023-07-08
CC005026,C09933,Classic,21000.0,13950.51,499,Active,2025-04-13
CC005027,C08630,Classic,76600.0,15407.81,1999,Active,2024-12-05
CC005028,C14163,Gold,20000.0,757.06,999,Closed,2023-10-15
CC005029,C00517,Classic,45900.0,18429.82,499,Active,2024-01-17
CC005030,C14561,Classic,52700.0,10463.63,1999,Active,2022-10-12
CC005031,C09909,Classic,75600.0,18850.93,499,Active,2022-05-07
CC005032,C14230,Classic,51500.0,28864.79,0,Active,2024-10-29
CC005033,C01027,Classic,102400.0,17231.37,0,Active,2022-08-22
CC005034,C05512,Gold,59700.0,5709.23,0,Closed,2025-04-12
CC005035,C00578,Classic,40200.0,15029.18,499,Active,2025-01-21
CC005036,C07014,Classic,44900.0,1603.23,0,Active,2023-03-07
CC005037,C11155,Classic,28000.0,2739.81,499,Active,2022-06-19
CC005038,C09916,Gold,39700.0,21672.12,499,Active,2024-02-07
CC005039,C03659,Classic,117400.0,22052.41,0,Active,2025-01-05
CC005040,C02957,Platinum,45900.0,6248.12,0,Active,2023-03-04
CC005041,C09565,Platinum,42300.0,6769.15,0,Active,2022-02-26
CC005042,C02735,Gold,20000.0,10747.56,0,Active,2022-07-31
CC005043,C04409,Gold,26100.0,13623.53,0,Active,2025-08-12
CC005044,C04955,Platinum,60200.0,24973.05,1999,Active,2023-07-21
CC005045,C03300,Platinum,58200.0,18472.85,499,Active,2023-04-16
CC005046,C13805,Signature,31600.0,3525.06,1999,Active,2024-11-18
CC005047,C11447,Signature,20000.0,9693.3,0,Closed,2024-04-02
CC005048,C09290,Classic,53800.0,23536.51,499,Active,2022-04-25
CC005049,C13243,Classic,62700.0,21640.84,0,Active,2024-10-28
CC005050,C01055,Gold,60200.0,30426.89,0,Active,2024-05-15
CC005051,C13386,Gold,43100.0,9978.57,499,Active,2025-10-14
CC005052,C09102,Classic,189600.0,45921.31,0,Active,2022-10-29
CC005053,C05536,Gold,215700.0,63591.51,0,Active,2024-08-20
CC005054,C13843,Gold,48900.0,15540.76,999,Blocked,2025-08-12
CC005055,C11676,Gold,20000.0,6594.16,499,Active,2024-11-24
CC005056,C04489,Gold,31200.0,5925.94,1999,Active,2024-02-24
CC005057,C04815,Platinum,20000.0,12963.42,499,Active,2023-05-09
CC005058,C13333,Gold,40900.0,16091.73,499,Active,2023-08-01
CC005059,C02667,Gold,71700.0,7068.69,0,Active,2022-02-28
CC005060,C13045,Gold,28200.0,2130.29,499,Active,2022-09-07
CC005061,C08877,Classic,25600.0,12505.75,999,Active,2024-02-15
CC005062,C07672,Signature,50200.0,11580.22,1999,Active,2024-08-12
CC005063,C08752,Platinum,106300.0,71545.95,0,Active,2025-08-29
CC005064,C00524,Platinum,53300.0,14970.39,499,Active,2023-08-22
CC005065,C01923,Platinum,33500.0,11537.28,499,Active,2023-09-20
CC005066,C13198,Gold,47000.0,5102.02,2999,Active,2023-11-21
CC005067,C05850,Platinum,20600.0,6768.81,1999,Active,2024-01-31
CC005068,C08264,Platinum,106100.0,38981.62,499,Active,2024-07-02
CC005069,C14337,Platinum,74700.0,7802.04,0,Active,2024-05-13
CC005070,C10349,Gold,45000.0,4461.2,499,Active,2025-07-09
CC005071,C10692,Classic,26300.0,8363.13,999,Closed,2025-05-05
CC005072,C09334,Platinum,23000.0,10036.78,999,Closed,2024-04-16
CC005073,C08177,Classic,53100.0,8132.02,1999,Closed,2025-07-16
CC005074,C07636,Signature,26900.0,3180.07,0,Active,2022-07-06
CC005075,C10401,Gold,58100.0,5516.81,999,Active,2023-09-19
CC005076,C02277,Platinum,41200.0,5415.48,499,Active,2023-04-02
CC005077,C05174,Gold,81200.0,19324.8,1999,Active,2024-04-26
CC005078,C03952,Classic,24600.0,7702.57,0,Active,2024-02-05
CC005079,C02015,Classic,38000.0,16382.73,499,Active,2024-07-08
CC005080,C09387,Classic,84200.0,23144.32,499,Active,2022-09-30
CC005081,C13082,Platinum,20000.0,4712.75,999,Active,2024-01-31
CC005082,C06179,Platinum,31500.0,10278.53,1999,Active,2025-02-05
CC005083,C01129,Signature,20000.0,7642.75,0,Active,2023-08-08
CC005084,C01779,Classic,95800.0,16980.63,1999,Active,2022-02-14
CC005085,C10731,Signature,45600.0,1147.4,2999,Active,2025-08-12
CC005086,C13452,Signature,62100.0,17129.91,0,Active,2024-04-08
CC005087,C04802,Gold,80300.0,14283.27,999,Active,2024-01-26
CC005088,C12129,Signature,34000.0,11445.37,999,Active,2023-01-07
CC005089,C08294,Classic,20000.0,5432.51,1999,Active,2025-12-08
CC005090,C00381,Platinum,53000.0,12132.25,1999,Active,2024-01-11
CC005091,C14227,Classic,49900.0,4804.45,0,Active,2025-12-11
CC005092,C11773,Gold,128600.0,20386.93,499,Blocked,2022-10-31
CC005093,C12907,Platinum,49500.0,15822.48,2999,Active,2022-10-10
CC005094,C03991,Gold,20000.0,4431.7,1999,Active,2023-06-15
CC005095,C11324,Platinum,43600.0,20410.62,999,Active,2024-07-29
CC005096,C02036,Signature,50600.0,14006.13,0,Closed,2024-02-20
CC005097,C04808,Signature,43900.0,21314.18,0,Closed,2025-10-23
CC005098,C10800,Classic,20000.0,2265.75,1999,Active,2023-01-21
CC005099,C11720,Classic,27000.0,3482.86,499,Active,2024-07-30
CC005100,C04697,Classic,39900.0,11966.47,1999,Active,2025-06-28
CC005101,C04809,Classic,20000.0,2796.95,499,Active,2025-01-07
CC005102,C03217,Gold,60100.0,22405.48,0,Active,2024-05-15
CC005103,C04909,Platinum,102700.0,41897.99,499,Active,2023-05-15
CC005104,C14964,Gold,20000.0,5096.72,999,Active,2023-01-15
CC005105,C09599,Platinum,65800.0,20573.99,1999,Active,2024-03-10
CC005106,C12907,Gold,52400.0,10219.4,499,Active,2024-05-15
CC005107,C01275,Classic,29300.0,12371.2,499,Active,2024-01-28
CC005108,C11229,Classic,59200.0,29583.39,499,Active,2025-10-10
CC005109,C07080,Classic,32200.0,13301.49,499,Blocked,2024-12-02
CC005110,C00443,Gold,132100.0,18436.85,1999,Active,2023-05-14
CC005111,C13312,Platinum,46100.0,15355.29,499,Active,2023-04-21
CC005112,C09997,Classic,61400.0,12628.75,1999,Active,2022-05-19
CC005113,C13124,Gold,50300.0,1614.45,1999,Active,2025-12-06
CC005114,C04049,Platinum,23800.0,2751.81,1999,Active,2022-12-02
CC005115,C07331,Gold,68900.0,15492.12,999,Active,2025-08-11
CC005116,C13425,Signature,20000.0,6518.68,1999,Active,2022-04-13
CC005117,C09727,Gold,28700.0,5728.27,999,Blocked,2022-08-29
CC005118,C13620,Classic,91200.0,21923.17,999,Active,2024-04-11
CC005119,C08252,Classic,49500.0,15121.35,0,Active,2023-06-12
CC005120,C10055,Classic,76100.0,20500.4,999,Active,2022-06-09
CC005121,C06806,Platinum,20000.0,5169.18,0,Active,2022-04-12
CC005122,C04271,Classic,100700.0,53796.78,1999,Active,2023-08-04
CC005123,C07856,Gold,31300.0,13160.42,1999,Active,2025-03-31
CC005124,C08915,Gold,60600.0,19123.35,0,Active,2024-09-03
CC005125,C09597,Gold,20300.0,3642.76,999,Active,2023-12-07
CC005126,C05056,Classic,26200.0,9370.27,0,Active,2023-12-13
CC005127,C00126,Classic,38000.0,5051.31,499,Active,2023-04-18
CC005128,C06974,Classic,59300.0,1602.02,0,Active,2022-02-08
CC005129,C10626,Platinum,27900.0,8686.47,0,Active,2025-03-08
CC005130,C11326,Classic,40200.0,10607.44,499,Closed,2024-09-17
CC005131,C04829,Classic,80300.0,22514.56,499,Active,2024-07-27
CC005132,C03966,Signature,115900.0,67905.81,999,Active,2023-02-25
CC005133,C10652,Platinum,52600.0,13086.59,999,Active,2023-03-28
CC005134,C02180,Platinum,30800.0,2396.62,0,Active,2025-02-18
CC005135,C05004,Classic,27100.0,6654.92,1999,Active,2022-05-04
CC005136,C04824,Classic,56400.0,37112.23,499,Active,2022-08-02
CC005137,C06542,Gold,39100.0,12071.79,0,Active,2025-07-17
CC005138,C05539,Classic,49700.0,11653.51,499,Active,2022-11-28
CC005139,C07003,Classic,86000.0,5866.54,1999,Active,2022-12-06
CC005140,C10116,Classic,131500.0,42287.75,999,Active,2022-07-26
CC005141,C01049,Gold,27200.0,6380.42,0,Active,2023-12-02
CC005142,C03454,Signature,20000.0,14786.01,0,Active,2022-11-26
CC005143,C01528,Platinum,188500.0,49140.92,1999,Active,2022-01-09
CC005144,C09673,Gold,55400.0,4628.66,1999,Active,2022-10-13
CC005145,C10385,Classic,30900.0,11431.28,999,Closed,2024-10-28
CC005146,C14667,Platinum,20000.0,11037.0,1999,Active,2025-01-29
CC005147,C10546,Gold,67600.0,24016.33,0,Active,2023-08-21
CC005148,C09384,Platinum,20000.0,9226.95,499,Active,2022-12-07
CC005149,C02216,Gold,36800.0,11891.53,0,Active,2025-11-07
CC005150,C09161,Classic,44400.0,8876.83,0,Active,2022-06-10
CC005151,C05009,Platinum,59000.0,41700.69,2999,Active,2023-02-11
CC005152,C14069,Gold,26600.0,11613.1,0,Active,2024-07-11
CC005153,C02896,Classic,20000.0,7869.21,999,Active,2022-05-15
CC005154,C06731,Classic,21100.0,2750.98,0,Active,2024-01-20
CC005155,C11373,Classic,74800.0,35577.92,999,Active,2023-02-07
CC005156,C00864,Platinum,85900.0,16876.93,999,Active,2022-01-22
CC005157,C14778,Signature,65900.0,15850.63,0,Active,2025-10-19
CC005158,C06059,Classic,32100.0,10830.26,1999,Active,2023-02-11
CC005159,C13013,Classic,20000.0,1751.4,1999,Active,2025-01-24
CC005160,C10021,Gold,60200.0,18204.19,1999,Active,2023-09-02
CC005161,C11765,Gold,79500.0,19227.56,999,Active,2023-08-13
CC005162,C14502,Classic,24600.0,10144.55,0,Active,2024-10-13
CC005163,C10246,Gold,41100.0,26824.98,999,Active,2022-12-05
CC005164,C03059,Gold,76200.0,37765.95,999,Active,2024-03-27
CC005165,C01994,Classic,68400.0,21718.72,999,Blocked,2024-10-03
CC005166,C11294,Classic,20000.0,3857.08,0,Active,2022-05-13
CC005167,C06378,Signature,57500.0,14218.45,0,Active,2025-07-15
CC005168,C00383,Classic,20000.0,5611.0,0,Active,2025-04-11
CC005169,C03605,Classic,57200.0,24767.78,499,Active,2024-03-09
CC005170,C09343,Classic,42500.0,15171.1,0,Closed,2025-06-29
CC005171,C03695,Gold,43100.0,29007.14,499,Active,2023-09-09
CC005172,C07379,Classic,41600.0,8368.58,0,Active,2024-03-14
CC005173,C03173,Gold,43200.0,10209.56,999,Active,2025-05-30
CC005174,C00230,Classic,25600.0,7081.03,999,Active,2024-08-19
CC005175,C07228,Gold,53100.0,21613.7,999,Active,2025-07-26
CC005176,C09085,Classic,120100.0,27874.93,0,Active,2022-02-22
CC005177,C05330,Classic,26100.0,12958.34,0,Active,2023-10-02
CC005178,C04643,Signature,20000.0,2529.62,999,Active,2024-02-18
CC005179,C05219,Gold,60700.0,19902.67,0,Active,2022-03-04
CC005180,C13912,Classic,49300.0,7892.57,499,Active,2024-03-18
CC005181,C04822,Gold,78900.0,22194.85,499,Closed,2023-09-21
CC005182,C03298,Gold,27700.0,6532.54,999,Active,2024-01-04
CC005183,C10344,Gold,25800.0,7704.03,0,Active,2024-01-21
CC005184,C09745,Gold,83500.0,36542.79,1999,Active,2023-02-12
CC005185,C11478,Classic,61600.0,26996.3,999,Active,2023-01-30
CC005186,C02652,Platinum,20000.0,5735.28,0,Active,2024-11-20
CC005187,C06680,Classic,35100.0,17072.2,0,Active,2022-12-12
CC005188,C07690,Platinum,26600.0,9852.75,499,Active,2025-06-13
CC005189,C09297,Signature,95200.0,54698.74,2999,Active,2025-10-05
CC005190,C10924,Signature,133100.0,22062.71,1999,Active,2024-09-06
CC005191,C10029,Platinum,24600.0,4284.26,999,Active,2022-12-19
CC005192,C04734,Classic,89700.0,28005.54,0,Active,2022-01-17
CC005193,C13762,Platinum,118100.0,24505.4,999,Active,2022-01-21
CC005194,C00481,Gold,23500.0,2511.72,0,Active,2023-01-22
CC005195,C06182,Gold,62900.0,10795.57,999,Active,2023-03-31
CC005196,C07826,Platinum,31600.0,12090.5,999,Active,2022-12-06
CC005197,C13389,Signature,35500.0,7930.97,499,Active,2025-08-06
CC005198,C08829,Platinum,63500.0,28217.07,0,Active,2025-11-29
CC005199,C01265,Classic,24800.0,8244.25,499,Active,2024-02-20
CC005200,C05962,Gold,38300.0,18027.8,999,Active,2024-12-11
CC005201,C08073,Gold,47800.0,6388.75,499,Active,2023-08-17
CC005202,C09601,Gold,20000.0,2736.06,999,Active,2025-03-30
CC005203,C12654,Classic,20000.0,6321.15,0,Blocked,2022-03-21
CC005204,C13980,Gold,51700.0,20607.65,0,Active,2022-01-22
CC005205,C12252,Gold,23000.0,5652.06,999,Active,2025-08-22
CC005206,C07695,Classic,26700.0,3706.53,0,Active,2023-05-04
CC005207,C02707,Platinum,98600.0,5757.17,499,Active,2024-02-01
CC005208,C02925,Classic,62400.0,10634.6,499,Active,2022-06-01
CC005209,C12337,Classic,57500.0,20844.49,499,Active,2022-06-06
CC005210,C12719,Classic,41700.0,8829.35,1999,Active,2023-03-21
CC005211,C02538,Gold,24000.0,4283.37,0,Active,2024-08-20
CC005212,C13922,Gold,20000.0,3969.55,2999,Active,2022-09-21
CC005213,C06963,Platinum,22100.0,6565.23,999,Active,2023-05-12
CC005214,C03204,Gold,25700.0,4271.35,0,Active,2022-03-20
CC005215,C08147,Platinum,89400.0,32165.53,0,Active,2023-05-18
CC005216,C04455,Gold,42100.0,14246.46,2999,Active,2024-08-02
CC005217,C13910,Platinum,20000.0,4015.18,0,Active,2022-04-30
CC005218,C07479,Gold,61400.0,22355.71,0,Active,2025-05-01
CC005219,C11061,Gold,39700.0,22943.53,0,Active,2023-04-16
CC005220,C14587,Classic,23900.0,9179.1,1999,Active,2023-08-28
CC005221,C05748,Classic,97400.0,61266.6,2999,Active,2023-09-28
CC005222,C06714,Classic,20000.0,7212.18,499,Active,2022-03-05
CC005223,C08211,Classic,31000.0,2224.98,0,Active,2022-10-15
CC005224,C08773,Classic,52300.0,10850.31,0,Active,2025-05-04
CC005225,C11453,Gold,29600.0,965.62,999,Active,2024-03-27
CC005226,C03368,Classic,27500.0,3203.54,999,Active,2024-07-25
CC005227,C01776,Platinum,98700.0,20792.58,999,Active,2022-12-28
CC005228,C10117,Gold,39100.0,18953.47,0,Active,2022-05-10
CC005229,C08531,Platinum,49900.0,7990.45,0,Active,2025-10-09
CC005230,C02696,Gold,32500.0,1261.91,1999,Active,2024-09-19
CC005231,C13694,Gold,97800.0,43233.89,1999,Active,2024-11-10
CC005232,C08126,Classic,153400.0,66485.94,2999,Active,2025-05-27
CC005233,C11429,Signature,97800.0,21160.11,999,Active,2024-01-31
CC005234,C01010,Signature,20100.0,7694.23,1999,Active,2025-06-07
CC005235,C08624,Gold,88300.0,27545.3,0,Active,2025-11-01
CC005236,C13647,Signature,31000.0,9658.78,999,Active,2023-06-05
CC005237,C09572,Classic,89500.0,28894.93,499,Active,2023-05-25
CC005238,C01957,Gold,20000.0,7858.59,999,Active,2022-02-01
CC005239,C12244,Classic,36700.0,4581.44,1999,Active,2023-05-23
CC005240,C02419,Classic,52600.0,31011.08,2999,Active,2023-02-08
CC005241,C05154,Classic,31200.0,2553.06,999,Active,2023-12-13
CC005242,C08835,Classic,174800.0,113322.13,499,Closed,2023-05-18
CC005243,C05523,Gold,61000.0,41143.37,499,Active,2022-11-28
CC005244,C12600,Gold,30000.0,6813.17,0,Active,2024-02-22
CC005245,C14461,Gold,23100.0,10401.86,999,Active,2024-05-06
CC005246,C01706,Platinum,57500.0,27469.7,499,Active,2025-07-06
CC005247,C01162,Gold,35100.0,3581.04,499,Active,2022-08-17
CC005248,C08312,Gold,40100.0,21614.27,2999,Blocked,2024-11-11
CC005249,C11717,Gold,73700.0,26172.46,0,Blocked,2025-08-04
CC005250,C07107,Classic,58600.0,18833.58,999,Active,2023-01-30
CC005251,C05054,Signature,27100.0,7298.02,499,Active,2024-06-13
CC005252,C10695,Classic,35100.0,5391.8,0,Active,2022-03-25
CC005253,C14082,Signature,48000.0,17557.93,0,Active,2024-10-13
CC005254,C01932,Classic,51000.0,21104.48,0,Active,2023-04-24
CC005255,C09265,Gold,24200.0,13636.59,0,Blocked,2023-05-19
CC005256,C03336,Platinum,36900.0,11514.08,0,Blocked,2024-10-27
CC005257,C09900,Gold,85400.0,36790.83,999,Active,2024-10-21
CC005258,C03821,Gold,45300.0,21710.58,999,Active,2024-03-27
CC005259,C12280,Platinum,20000.0,5158.46,2999,Active,2024-04-08
CC005260,C08674,Classic,20000.0,3367.72,499,Closed,2024-10-19
CC005261,C14750,Classic,147600.0,32615.42,999,Active,2025-06-12
CC005262,C00147,Classic,91900.0,50884.04,0,Active,2024-11-30
CC005263,C14133,Gold,97100.0,42628.18,999,Active,2022-05-30
CC005264,C06434,Classic,54400.0,8470.2,0,Active,2025-04-04
CC005265,C08165,Classic,24100.0,6309.65,499,Active,2025-06-24
CC005266,C12858,Gold,50400.0,21706.63,999,Blocked,2025-12-24
CC005267,C14186,Platinum,20000.0,7171.02,0,Active,2022-09-19
CC005268,C13644,Classic,102900.0,32255.18,0,Active,2024-02-05
CC005269,C04239,Platinum,30400.0,15083.79,0,Closed,2023-03-31
CC005270,C09853,Classic,30000.0,17229.98,0,Active,2024-04-02
CC005271,C02711,Gold,26400.0,4420.94,1999,Active,2022-12-07
CC005272,C00426,Platinum,53800.0,8790.91,0,Blocked,2025-03-02
CC005273,C04483,Gold,26900.0,6385.24,499,Closed,2022-08-25
CC005274,C14590,Classic,257200.0,127795.12,999,Active,2025-04-27
CC005275,C03911,Gold,51200.0,17374.34,499,Active,2024-07-28
CC005276,C07603,Gold,20000.0,7303.33,999,Active,2022-01-11
CC005277,C06293,Platinum,125600.0,34896.21,999,Active,2025-10-30
CC005278,C14458,Classic,46600.0,3322.99,999,Active,2023-07-20
CC005279,C11126,Gold,55100.0,18434.49,999,Active,2025-03-30
CC005280,C13588,Platinum,25700.0,7854.16,0,Active,2024-08-23
CC005281,C06711,Signature,82800.0,30455.59,0,Active,2023-12-03
CC005282,C05033,Platinum,42300.0,5346.3,499,Active,2022-11-11
CC005283,C13927,Platinum,36700.0,20568.91,0,Active,2022-11-29
CC005284,C10815,Classic,193900.0,108201.82,999,Active,2025-06-14
CC005285,C10096,Gold,42600.0,15777.59,0,Active,2024-09-12
CC005286,C14952,Classic,60800.0,19544.79,1999,Active,2023-01-26
CC005287,C11712,Classic,20000.0,6370.82,0,Active,2024-12-07
CC005288,C06387,Platinum,66100.0,7393.72,499,Active,2022-03-11
CC005289,C08744,Classic,35600.0,9065.49,0,Closed,2024-05-23
CC005290,C01822,Gold,45800.0,15960.43,499,Active,2025-11-26
CC005291,C08450,Platinum,66000.0,15572.87,0,Active,2024-02-04
CC005292,C11520,Gold,45600.0,32071.05,499,Active,2023-06-05
CC005293,C03465,Classic,43700.0,1671.9,499,Active,2024-07-06
CC005294,C11803,Classic,108100.0,12111.26,2999,Blocked,2024-07-23
CC005295,C06237,Classic,29800.0,19867.87,0,Closed,2025-11-05
CC005296,C03257,Gold,33100.0,7202.54,499,Active,2023-01-16
CC005297,C00946,Platinum,38800.0,3354.26,499,Active,2024-04-03
CC005298,C07456,Platinum,76300.0,8024.89,1999,Blocked,2025-06-01
CC005299,C03250,Classic,26800.0,7664.71,0,Active,2022-03-14
CC005300,C09765,Classic,60400.0,13398.56,0,Active,2023-08-17
CC005301,C14895,Gold,21800.0,2441.07,0,Active,2024-06-27
CC005302,C01943,Gold,53600.0,15013.86,499,Closed,2022-12-14
CC005303,C07902,Gold,36400.0,4045.79,1999,Active,2022-05-30
CC005304,C08367,Gold,76300.0,31560.86,0,Active,2023-08-13
CC005305,C12215,Classic,42700.0,13138.41,2999,Active,2023-10-31
CC005306,C05389,Gold,89500.0,27683.96,499,Active,2022-08-09
CC005307,C03973,Classic,32400.0,15564.02,999,Active,2022-06-07
CC005308,C07633,Platinum,40000.0,10425.54,1999,Active,2024-08-29
CC005309,C12907,Signature,83900.0,16612.46,0,Active,2024-10-16
CC005310,C06494,Platinum,21600.0,3315.0,499,Active,2023-12-25
CC005311,C03404,Gold,30700.0,16397.11,0,Active,2022-10-25
CC005312,C11047,Classic,20000.0,4668.87,499,Active,2024-10-30
CC005313,C01810,Signature,31600.0,1640.65,499,Active,2024-11-17
CC005314,C11565,Platinum,22700.0,5365.37,0,Active,2022-08-07
CC005315,C02055,Platinum,50200.0,18010.67,0,Active,2022-04-23
CC005316,C03160,Platinum,85400.0,31801.58,499,Active,2022-05-17
CC005317,C12457,Classic,186800.0,44105.54,499,Active,2025-04-21
CC005318,C03460,Classic,45600.0,11325.91,999,Active,2023-11-07
CC005319,C06968,Signature,28900.0,11282.35,999,Active,2022-09-08
CC005320,C04850,Gold,20000.0,9722.58,999,Active,2025-03-17
CC005321,C03550,Platinum,139200.0,21412.75,499,Active,2025-08-29
CC005322,C06855,Platinum,84100.0,22405.39,0,Active,2023-07-11
CC005323,C11465,Signature,36400.0,6389.93,999,Closed,2024-04-27
CC005324,C11418,Signature,67500.0,8618.41,2999,Blocked,2024-03-10
CC005325,C14971,Gold,29200.0,18066.26,999,Active,2022-11-05
CC005326,C01617,Gold,24600.0,8819.67,1999,Active,2023-02-02
CC005327,C09519,Classic,34700.0,6640.15,0,Active,2022-04-19
CC005328,C13436,Classic,31900.0,5331.01,1999,Active,2024-12-18
CC005329,C08759,Platinum,40600.0,22745.54,0,Active,2025-03-19
CC005330,C14324,Gold,107400.0,49590.5,0,Active,2023-07-26
CC005331,C04312,Classic,27000.0,6180.26,0,Active,2023-09-07
CC005332,C05556,Classic,35700.0,11996.95,1999,Active,2024-12-10
CC005333,C13324,Classic,34200.0,14389.89,1999,Active,2025-01-31
CC005334,C03970,Platinum,103000.0,35613.63,0,Active,2024-01-18
CC005335,C10747,Signature,101500.0,25401.89,1999,Blocked,2023-06-22
CC005336,C14828,Gold,44200.0,29246.92,999,Closed,2023-09-13
CC005337,C09713,Classic,24400.0,10840.17,0,Active,2023-11-29
CC005338,C14859,Gold,66600.0,10771.31,0,Active,2025-08-23
CC005339,C00988,Gold,56700.0,30380.74,999,Active,2024-03-12
CC005340,C04983,Gold,58500.0,30035.82,1999,Active,2025-09-01
CC005341,C12968,Gold,96000.0,20828.84,999,Active,2022-08-02
CC005342,C06577,Classic,137000.0,50526.45,0,Closed,2023-05-03
CC005343,C13883,Classic,60600.0,33966.77,0,Active,2025-08-22
CC005344,C00759,Gold,68000.0,30859.57,1999,Active,2024-08-23
CC005345,C01399,Gold,21700.0,9239.32,0,Active,2024-01-21
CC005346,C03241,Platinum,30400.0,13678.15,2999,Active,2023-03-23
CC005347,C00008,Classic,65900.0,21391.77,999,Active,2025-09-23
CC005348,C02775,Classic,20000.0,6871.27,499,Active,2025-06-22
CC005349,C12006,Classic,194600.0,9336.62,999,Active,2025-06-16
CC005350,C11321,Classic,79600.0,28741.53,1999,Active,2023-11-02
CC005351,C00245,Platinum,32400.0,15918.22,0,Active,2023-05-21
CC005352,C07061,Platinum,55000.0,18592.36,999,Active,2023-12-04
CC005353,C00755,Classic,60700.0,29425.9,499,Active,2023-06-25
CC005354,C13536,Classic,75400.0,25331.66,1999,Active,2024-01-11
CC005355,C04295,Classic,104400.0,57376.8,1999,Active,2022-07-29
CC005356,C04757,Classic,36300.0,4981.25,499,Active,2023-07-19
CC005357,C03928,Platinum,28600.0,6263.95,999,Active,2023-07-22
CC005358,C10493,Classic,28900.0,12981.69,0,Active,2023-11-05
CC005359,C06664,Platinum,24900.0,8107.91,0,Active,2024-03-07
CC005360,C11573,Platinum,36400.0,12361.36,1999,Active,2024-05-24
CC005361,C08612,Classic,21900.0,1260.5,0,Active,2025-03-31
CC005362,C12951,Classic,77000.0,22964.54,1999,Active,2025-02-07
CC005363,C08700,Platinum,29800.0,9105.63,0,Active,2023-06-05
CC005364,C01062,Signature,70600.0,30623.51,499,Closed,2024-08-27
CC005365,C08686,Gold,36900.0,15070.59,1999,Active,2022-04-17
CC005366,C05141,Classic,20000.0,5342.13,499,Active,2022-01-27
CC005367,C10009,Classic,22500.0,4218.85,1999,Active,2023-07-05
CC005368,C12987,Gold,78600.0,13462.06,1999,Active,2022-11-19
CC005369,C14449,Gold,92700.0,67579.99,499,Blocked,2023-08-26
CC005370,C00539,Gold,46200.0,13922.03,1999,Blocked,2025-12-18
CC005371,C04633,Platinum,42800.0,12666.14,0,Active,2025-03-16
CC005372,C01434,Signature,129000.0,58671.1,0,Active,2023-10-03
CC005373,C07441,Platinum,23300.0,4290.83,0,Active,2024-07-14
CC005374,C07524,Classic,66400.0,22447.74,0,Active,2025-12-22
CC005375,C10087,Classic,62600.0,10073.1,0,Active,2023-08-29
CC005376,C14923,Classic,38400.0,822.62,0,Active,2024-01-22
CC005377,C08999,Gold,44400.0,16674.37,0,Active,2023-11-05
CC005378,C00984,Gold,34400.0,1793.85,0,Active,2023-10-31
CC005379,C05430,Gold,72200.0,16498.97,0,Active,2022-09-21
CC005380,C04479,Gold,41400.0,2764.08,499,Active,2025-03-10
CC005381,C14956,Classic,20900.0,9566.23,999,Active,2024-08-15
CC005382,C14340,Platinum,63500.0,22270.72,999,Closed,2025-11-05
CC005383,C09471,Platinum,46400.0,13291.72,999,Active,2023-02-04
CC005384,C11431,Platinum,61300.0,25487.33,499,Active,2024-08-21
CC005385,C07845,Classic,94500.0,39426.68,2999,Active,2023-12-12
CC005386,C12785,Gold,20000.0,6015.33,999,Active,2024-07-31
CC005387,C05347,Gold,35300.0,13790.98,499,Active,2024-05-19
CC005388,C04851,Platinum,29400.0,2632.59,0,Active,2023-05-11
CC005389,C14636,Classic,22000.0,5079.46,1999,Active,2024-11-14
CC005390,C06336,Classic,83600.0,23320.81,1999,Active,2022-01-01
CC005391,C00439,Signature,57400.0,19697.76,499,Active,2023-06-25
CC005392,C08098,Classic,37400.0,8450.94,1999,Active,2023-08-02
CC005393,C01303,Signature,20000.0,8720.79,0,Active,2025-11-16
CC005394,C03065,Gold,50200.0,8226.19,499,Active,2024-02-21
CC005395,C10509,Platinum,70400.0,11570.12,1999,Active,2025-10-08
CC005396,C14548,Classic,30300.0,4984.12,0,Active,2023-03-10
CC005397,C13672,Classic,20000.0,9970.03,1999,Active,2025-01-11
CC005398,C03758,Classic,33900.0,11633.41,0,Active,2022-06-11
CC005399,C00868,Platinum,70700.0,16784.28,499,Closed,2025-11-14
CC005400,C07939,Signature,55700.0,14282.26,499,Active,2023-01-01
CC005401,C04529,Platinum,56900.0,16490.67,0,Active,2025-01-27
CC005402,C00177,Classic,96400.0,24740.73,999,Active,2024-01-24
CC005403,C05711,Signature,48200.0,6223.72,0,Active,2025-02-22
CC005404,C01413,Classic,62500.0,3802.2,0,Active,2025-10-09
CC005405,C04926,Signature,75400.0,35992.11,2999,Active,2022-07-30
CC005406,C01281,Classic,39200.0,11274.92,999,Active,2023-04-02
CC005407,C05770,Classic,113000.0,29864.14,499,Active,2023-10-01
CC005408,C12214,Platinum,27100.0,6997.43,0,Active,2024-01-01
CC005409,C10352,Classic,34600.0,7355.83,0,Active,2025-07-12
CC005410,C04103,Platinum,20000.0,5653.53,2999,Active,2022-09-04
CC005411,C10209,Classic,52400.0,8008.91,1999,Active,2022-10-27
CC005412,C08229,Signature,25100.0,6287.41,0,Active,2024-08-22
CC005413,C09663,Classic,105400.0,30445.22,499,Active,2025-04-18
CC005414,C05278,Gold,29100.0,14759.86,0,Active,2025-12-27
CC005415,C12219,Classic,44800.0,35215.08,1999,Active,2024-09-28
CC005416,C02429,Gold,210600.0,51309.99,499,Active,2022-11-02
CC005417,C05546,Gold,22400.0,12589.37,0,Active,2022-11-16
CC005418,C06219,Platinum,20000.0,1028.57,499,Active,2022-01-21
CC005419,C09540,Gold,20000.0,8302.15,499,Active,2022-01-28
CC005420,C01234,Platinum,70900.0,29562.29,999,Closed,2024-04-21
CC005421,C08939,Gold,20000.0,5558.1,2999,Active,2023-06-23
CC005422,C01704,Classic,31500.0,8639.81,0,Blocked,2024-07-20
CC005423,C11363,Gold,95900.0,55918.15,999,Active,2025-12-28
CC005424,C05102,Classic,26600.0,11467.54,999,Active,2023-04-15
CC005425,C06554,Platinum,20000.0,8694.86,999,Active,2022-09-14
CC005426,C05626,Platinum,83500.0,31224.22,499,Active,2023-09-12
CC005427,C12259,Platinum,38000.0,11728.23,499,Active,2025-09-17
CC005428,C05969,Classic,101700.0,6560.85,1999,Active,2024-03-03
CC005429,C05596,Gold,40600.0,9939.97,0,Active,2022-03-08
CC005430,C10358,Signature,76200.0,28115.72,999,Closed,2023-01-24
CC005431,C10556,Gold,20000.0,4179.15,0,Active,2024-06-22
CC005432,C03945,Platinum,47900.0,15905.98,1999,Active,2023-08-01
CC005433,C08366,Gold,28400.0,2770.52,999,Active,2024-08-30
CC005434,C08012,Classic,47100.0,13597.71,0,Active,2024-10-16
CC005435,C13866,Gold,42300.0,5087.45,2999,Active,2024-01-12
CC005436,C03021,Classic,111800.0,28939.15,0,Active,2022-10-07
CC005437,C13278,Platinum,39700.0,27362.75,999,Active,2025-09-06
CC005438,C03992,Classic,91800.0,38264.27,499,Closed,2022-01-28
CC005439,C05432,Classic,42400.0,22549.9,0,Active,2024-08-12
CC005440,C01101,Classic,20000.0,3405.15,0,Active,2025-07-05
CC005441,C02996,Gold,181200.0,36702.75,499,Active,2023-01-24
CC005442,C08771,Classic,20000.0,5213.1,999,Active,2022-03-02
CC005443,C02740,Gold,298600.0,111961.84,0,Active,2025-08-23
CC005444,C03606,Platinum,25100.0,4169.57,0,Blocked,2025-04-08
CC005445,C02717,Gold,50600.0,12396.19,1999,Active,2022-08-10
CC005446,C11544,Platinum,111600.0,46283.83,0,Active,2024-10-12
CC005447,C06920,Classic,58800.0,14266.1,0,Active,2022-06-11
CC005448,C12187,Classic,49700.0,3187.86,0,Active,2024-06-29
CC005449,C13535,Platinum,51400.0,18048.0,0,Active,2025-11-16
CC005450,C11814,Gold,83200.0,10977.45,1999,Active,2024-12-29
CC005451,C02085,Gold,38000.0,8159.15,0,Closed,2022-03-14
CC005452,C01224,Signature,99100.0,8242.76,0,Active,2024-03-04
CC005453,C09774,Classic,45100.0,1824.27,499,Blocked,2023-10-13
CC005454,C09525,Signature,23000.0,2091.59,999,Active,2024-08-25
CC005455,C13761,Platinum,54200.0,31741.31,1999,Active,2025-09-29
CC005456,C13598,Gold,31900.0,5901.0,999,Active,2023-07-06
CC005457,C03271,Gold,31300.0,4070.13,0,Active,2023-04-26
CC005458,C07899,Platinum,42800.0,16429.6,499,Active,2023-06-17
CC005459,C08980,Platinum,42900.0,1784.66,999,Active,2025-11-06
CC005460,C02387,Classic,20000.0,5787.53,1999,Active,2022-02-26
CC005461,C01104,Gold,124100.0,103879.41,1999,Active,2024-10-17
CC005462,C06776,Classic,48400.0,13267.17,0,Active,2025-03-04
CC005463,C01184,Classic,27700.0,3463.07,0,Blocked,2022-06-09
CC005464,C02265,Classic,30500.0,8464.23,0,Active,2024-03-03
CC005465,C12159,Gold,66800.0,28106.12,0,Active,2023-02-11
CC005466,C08031,Classic,40800.0,10433.92,499,Active,2024-11-24
CC005467,C13483,Platinum,72500.0,53724.14,1999,Active,2022-02-07
CC005468,C12389,Platinum,69200.0,11449.3,0,Active,2025-12-09
CC005469,C11500,Gold,21800.0,7708.41,0,Active,2023-10-02
CC005470,C14570,Gold,65900.0,12777.53,2999,Active,2023-01-25
CC005471,C03456,Classic,28000.0,12056.64,0,Active,2025-09-03
CC005472,C00832,Gold,79100.0,13752.19,0,Active,2023-03-08
CC005473,C14210,Platinum,50700.0,4997.24,499,Closed,2024-01-08
CC005474,C14499,Gold,52500.0,32737.79,499,Active,2023-08-30
CC005475,C03975,Platinum,29100.0,6467.48,0,Active,2023-05-23
CC005476,C01131,Gold,115300.0,11749.74,999,Active,2023-04-04
CC005477,C09371,Classic,90600.0,53777.96,0,Active,2023-05-13
CC005478,C12709,Platinum,36200.0,2434.54,1999,Closed,2024-02-19
CC005479,C11679,Classic,39300.0,4197.57,999,Active,2024-05-04
CC005480,C00633,Gold,191800.0,59178.61,499,Active,2023-11-08
CC005481,C09671,Platinum,20500.0,10702.6,499,Active,2025-12-19
CC005482,C13529,Classic,95000.0,31188.04,999,Active,2024-11-04
CC005483,C13597,Platinum,42900.0,9158.27,1999,Active,2025-01-04
CC005484,C10537,Signature,20000.0,6352.53,499,Active,2022-07-25
CC005485,C11229,Platinum,59200.0,30248.55,0,Active,2024-03-14
CC005486,C14743,Gold,36000.0,5947.51,499,Active,2023-04-02
CC005487,C13666,Gold,24300.0,2225.74,2999,Active,2024-07-18
CC005488,C10456,Platinum,33000.0,4988.62,1999,Active,2024-05-03
CC005489,C08720,Classic,123900.0,52514.41,0,Active,2023-10-30
CC005490,C02932,Classic,41900.0,8548.49,0,Active,2022-12-05
CC005491,C12093,Classic,46600.0,15133.78,0,Active,2022-09-13
CC005492,C08796,Classic,20000.0,8030.54,999,Active,2025-06-19
CC005493,C06504,Platinum,91600.0,14863.42,999,Active,2024-08-02
CC005494,C14213,Gold,85200.0,5602.94,0,Active,2024-12-23
CC005495,C02037,Classic,60100.0,21656.09,999,Active,2024-12-23
CC005496,C05910,Classic,20000.0,1179.04,1999,Active,2023-08-07
CC005497,C10198,Gold,34500.0,10498.35,0,Active,2024-06-05
CC005498,C09213,Classic,42500.0,2045.2,499,Active,2022-08-05
CC005499,C09951,Gold,63400.0,13901.21,0,Active,2023-05-28
CC005500,C08970,Platinum,54200.0,13922.96,999,Active,2025-09-22
CC005501,C01681,Gold,20000.0,1048.62,499,Active,2022-11-28
CC005502,C12374,Platinum,96000.0,14962.07,0,Closed,2023-03-21
CC005503,C06378,Classic,61400.0,32333.43,499,Active,2024-02-09
CC005504,C08178,Platinum,81100.0,23841.2,1999,Active,2025-12-31
CC005505,C14537,Classic,60000.0,21309.09,1999,Closed,2023-09-18
CC005506,C01324,Classic,20000.0,9188.53,499,Active,2024-10-12
CC005507,C11922,Gold,80600.0,41694.11,999,Active,2024-01-02
CC005508,C08555,Gold,22100.0,12665.27,1999,Active,2023-01-05
CC005509,C05829,Gold,54400.0,6271.56,0,Active,2025-11-01
CC005510,C11027,Platinum,52200.0,37919.6,499,Active,2023-04-26
CC005511,C12606,Platinum,33300.0,4342.65,0,Active,2023-10-07
CC005512,C12617,Classic,106600.0,25390.85,499,Active,2024-01-30
CC005513,C11640,Platinum,49900.0,27316.49,0,Active,2025-12-22
CC005514,C06024,Gold,20000.0,7087.42,0,Active,2025-09-19
CC005515,C01494,Classic,40700.0,11148.27,0,Active,2024-09-30
CC005516,C04762,Platinum,33300.0,5465.17,1999,Active,2025-03-18
CC005517,C03306,Classic,46400.0,29763.93,2999,Active,2025-09-28
CC005518,C13179,Platinum,20000.0,1328.96,0,Active,2024-08-28
CC005519,C00563,Classic,45800.0,34345.16,0,Active,2024-08-06
CC005520,C13301,Gold,20200.0,2698.59,1999,Active,2024-12-24
CC005521,C10158,Classic,236300.0,170169.84,499,Active,2024-05-16
CC005522,C11479,Platinum,49300.0,32062.7,499,Active,2024-05-08
CC005523,C14549,Signature,88500.0,7140.07,499,Active,2024-04-11
CC005524,C02316,Signature,36900.0,10030.63,1999,Active,2022-09-04
CC005525,C13635,Classic,23500.0,16093.94,1999,Active,2022-02-14
CC005526,C01709,Signature,26300.0,8943.33,499,Active,2025-06-24
CC005527,C14314,Gold,77600.0,28116.21,499,Active,2024-06-03
CC005528,C13294,Gold,29300.0,2855.19,0,Active,2024-02-20
CC005529,C07582,Platinum,166900.0,21212.34,0,Active,2022-05-05
CC005530,C05927,Platinum,80900.0,27309.09,999,Active,2023-06-23
CC005531,C07729,Platinum,36600.0,7244.99,999,Active,2023-02-11
CC005532,C04315,Classic,101400.0,29162.96,1999,Active,2022-08-14
CC005533,C06525,Gold,70900.0,9200.36,0,Active,2025-04-25
CC005534,C09137,Classic,20000.0,9806.43,499,Active,2023-04-24
CC005535,C06991,Platinum,43000.0,11302.43,1999,Active,2023-12-05
CC005536,C01205,Gold,20000.0,8961.98,1999,Active,2024-05-19
CC005537,C08235,Classic,26800.0,7799.96,0,Active,2023-08-25
CC005538,C13305,Gold,174200.0,31627.75,0,Active,2023-08-21
CC005539,C09150,Gold,75100.0,26214.01,0,Active,2024-09-29
CC005540,C14742,Classic,21500.0,4049.23,0,Active,2024-08-21
CC005541,C01960,Gold,235300.0,18192.01,0,Active,2025-11-19
CC005542,C02272,Classic,137200.0,65699.57,0,Active,2024-08-03
CC005543,C12748,Signature,29500.0,13808.18,1999,Active,2023-11-09
CC005544,C03178,Classic,20000.0,11366.83,2999,Active,2024-02-25
CC005545,C07565,Platinum,20000.0,8385.18,499,Active,2025-04-07
CC005546,C07513,Classic,20000.0,4382.01,499,Active,2024-04-11
CC005547,C01627,Gold,129200.0,56495.18,999,Active,2025-07-27
CC005548,C04590,Signature,20000.0,5828.65,0,Active,2022-12-28
CC005549,C13558,Gold,25800.0,5287.26,999,Active,2023-11-24
CC005550,C03652,Platinum,20000.0,8393.26,0,Active,2022-06-07
CC005551,C04008,Classic,148800.0,44079.13,499,Active,2025-12-26
CC005552,C06386,Classic,20000.0,2433.83,499,Active,2025-07-11
CC005553,C00313,Classic,28700.0,5248.78,499,Active,2025-12-15
CC005554,C11688,Platinum,72300.0,36934.11,1999,Active,2023-09-19
CC005555,C00850,Signature,104200.0,40670.55,0,Active,2023-01-30
CC005556,C14289,Platinum,42800.0,10911.04,499,Closed,2022-01-24
CC005557,C00765,Classic,39000.0,4494.12,1999,Active,2025-08-06
CC005558,C06712,Platinum,20000.0,1216.97,499,Active,2022-02-11
CC005559,C02253,Platinum,35400.0,3185.95,1999,Active,2023-12-01
CC005560,C11730,Classic,107600.0,5585.33,0,Active,2023-07-20
CC005561,C00556,Signature,47800.0,4162.46,0,Active,2023-09-13
CC005562,C02822,Gold,62700.0,19586.88,0,Active,2022-03-23
CC005563,C04531,Gold,20000.0,2512.83,0,Active,2023-04-17
CC005564,C07885,Platinum,42000.0,13437.12,999,Active,2025-08-10
CC005565,C14564,Classic,57400.0,23673.8,999,Active,2023-08-24
CC005566,C08273,Gold,39400.0,10954.09,0,Active,2025-02-17
CC005567,C06331,Classic,53300.0,16698.48,0,Active,2023-02-12
CC005568,C04855,Classic,75600.0,23079.0,0,Active,2024-11-16
CC005569,C09081,Classic,89800.0,43373.6,0,Blocked,2025-05-25
CC005570,C14059,Platinum,20000.0,3266.26,0,Active,2023-04-28
CC005571,C08064,Classic,42600.0,11672.39,0,Active,2023-09-25
CC005572,C09168,Gold,42200.0,8669.66,999,Active,2023-05-29
CC005573,C05764,Platinum,53400.0,26599.27,1999,Active,2025-04-26
CC005574,C01459,Platinum,35800.0,8510.95,499,Blocked,2024-01-16
CC005575,C07832,Gold,36600.0,2549.79,499,Active,2025-01-14
CC005576,C02679,Signature,70500.0,24086.26,0,Active,2025-02-09
CC005577,C04123,Gold,49300.0,17414.61,0,Active,2023-08-23
CC005578,C05179,Classic,149800.0,85342.42,999,Active,2023-09-11
CC005579,C12940,Classic,36300.0,8294.42,0,Active,2022-09-03
CC005580,C04455,Platinum,24800.0,923.54,499,Active,2022-10-24
CC005581,C14882,Gold,52400.0,14964.98,999,Active,2024-03-22
CC005582,C02941,Gold,125700.0,25853.03,999,Active,2023-04-27
CC005583,C01079,Signature,42400.0,18180.85,1999,Active,2022-02-11
CC005584,C02582,Classic,31400.0,3049.43,999,Active,2023-01-20
CC005585,C11764,Classic,33100.0,10776.85,0,Active,2024-10-20
CC005586,C06230,Platinum,49400.0,5287.1,1999,Active,2022-12-31
CC005587,C06363,Signature,173100.0,32195.77,999,Active,2023-11-10
CC005588,C11714,Platinum,57400.0,5396.08,1999,Active,2023-08-10
CC005589,C03386,Classic,73200.0,44736.37,1999,Active,2023-05-09
CC005590,C11647,Platinum,154000.0,50960.61,999,Active,2024-09-07
CC005591,C14682,Gold,76000.0,27703.41,2999,Active,2025-03-31
CC005592,C10901,Platinum,65000.0,11742.19,0,Active,2024-03-28
CC005593,C07380,Gold,20400.0,4893.32,499,Active,2022-12-12
CC005594,C11380,Classic,101000.0,14527.76,999,Active,2022-09-04
CC005595,C14233,Platinum,102000.0,20646.1,1999,Closed,2022-08-17
CC005596,C08376,Gold,110000.0,42067.03,0,Active,2023-03-08
CC005597,C01171,Gold,20000.0,7892.78,499,Active,2025-06-22
CC005598,C10649,Classic,40700.0,13889.5,0,Active,2023-11-15
CC005599,C10200,Platinum,48700.0,974.0,999,Active,2025-07-18
CC005600,C01852,Gold,218300.0,50067.58,1999,Active,2025-09-06
CC005601,C06388,Platinum,32500.0,7419.49,999,Active,2025-03-09
CC005602,C01915,Platinum,52700.0,13983.45,499,Active,2024-08-03
CC005603,C03771,Gold,61400.0,9350.93,499,Closed,2023-06-11
CC005604,C01183,Gold,49200.0,11906.0,0,Active,2022-01-18
CC005605,C01974,Classic,58000.0,16475.74,1999,Active,2022-05-21
CC005606,C00037,Platinum,20000.0,8312.22,999,Active,2023-04-06
CC005607,C13053,Platinum,20000.0,8238.01,0,Active,2024-12-25
CC005608,C10293,Platinum,20000.0,3829.31,499,Active,2022-03-11
CC005609,C12022,Signature,50600.0,21535.35,999,Active,2025-04-30
CC005610,C13168,Gold,20000.0,2806.29,1999,Active,2024-04-07
CC005611,C13819,Gold,20000.0,1128.06,1999,Active,2024-09-13
CC005612,C04533,Classic,53200.0,11747.62,1999,Active,2023-04-03
CC005613,C09363,Gold,25600.0,3384.4,0,Active,2024-07-06
CC005614,C03564,Gold,36400.0,13915.05,499,Active,2022-07-27
CC005615,C08764,Classic,46600.0,3497.15,999,Active,2025-03-14
CC005616,C03023,Classic,97900.0,6520.94,1999,Active,2023-09-15
CC005617,C03225,Gold,57700.0,16795.9,499,Active,2024-06-25
CC005618,C02709,Platinum,49900.0,6830.54,499,Active,2024-08-06
CC005619,C09591,Classic,62400.0,14356.04,999,Active,2023-08-18
CC005620,C12054,Classic,49900.0,15280.43,0,Active,2022-05-02
CC005621,C10288,Classic,20400.0,5593.92,1999,Active,2022-09-10
CC005622,C06369,Gold,74600.0,13475.87,2999,Active,2025-01-30
CC005623,C14413,Classic,20000.0,6918.82,0,Active,2025-06-15
CC005624,C14313,Platinum,54000.0,32168.37,0,Active,2023-09-16
CC005625,C01643,Gold,111300.0,34780.08,999,Active,2025-12-09
CC005626,C13120,Platinum,71000.0,10135.38,1999,Active,2023-09-14
CC005627,C13374,Classic,79600.0,12747.32,2999,Closed,2024-11-03
CC005628,C05441,Gold,76400.0,45431.62,499,Active,2025-03-13
CC005629,C06903,Classic,41000.0,9981.6,999,Active,2025-02-12
CC005630,C11163,Gold,41000.0,15695.59,499,Active,2023-12-05
CC005631,C12098,Gold,63900.0,8164.97,0,Active,2024-02-10
CC005632,C04111,Platinum,61300.0,20029.2,0,Active,2022-09-23
CC005633,C03723,Platinum,53900.0,25675.38,1999,Active,2025-04-06
CC005634,C05366,Signature,20000.0,3904.76,0,Active,2025-06-28
CC005635,C01282,Classic,52400.0,20692.48,0,Closed,2025-01-29
CC005636,C03932,Platinum,41100.0,13064.1,499,Active,2024-06-17
CC005637,C00654,Classic,111200.0,51705.66,0,Closed,2025-07-27
CC005638,C00585,Signature,118400.0,5681.92,499,Active,2025-07-17
CC005639,C10384,Classic,42000.0,2831.33,0,Active,2025-12-24
CC005640,C13608,Gold,20400.0,1855.01,0,Closed,2023-05-11
CC005641,C10203,Gold,49300.0,14846.57,2999,Active,2022-12-29
CC005642,C04227,Platinum,26300.0,7184.97,1999,Blocked,2022-05-01
CC005643,C10004,Classic,20000.0,6650.41,0,Active,2022-05-01
CC005644,C14123,Gold,51800.0,12682.36,499,Active,2024-05-20
CC005645,C02263,Platinum,31100.0,17548.6,999,Active,2024-03-12
CC005646,C08459,Gold,71000.0,18885.01,499,Active,2023-12-07
CC005647,C05453,Gold,20000.0,4456.09,999,Active,2024-06-08
CC005648,C00247,Platinum,125300.0,15166.37,0,Active,2023-08-15
CC005649,C12876,Gold,27200.0,1862.66,499,Active,2023-02-16
CC005650,C07424,Gold,30500.0,2541.58,499,Active,2023-04-28
CC005651,C04360,Gold,91900.0,47291.87,1999,Active,2024-02-04
CC005652,C12999,Classic,139600.0,31337.47,999,Active,2025-03-23
CC005653,C05873,Platinum,20000.0,6396.97,499,Active,2024-01-03
CC005654,C01216,Gold,36500.0,10091.31,1999,Blocked,2023-01-13
CC005655,C03347,Platinum,32200.0,10017.09,1999,Active,2025-06-17
CC005656,C13522,Classic,40500.0,5536.8,1999,Active,2023-10-19
CC005657,C14832,Signature,38200.0,8609.93,1999,Active,2022-08-24
CC005658,C10729,Gold,66500.0,12978.16,0,Active,2023-08-16
CC005659,C10384,Classic,47800.0,13132.21,999,Active,2025-03-15
CC005660,C05443,Gold,74400.0,4249.54,499,Active,2025-05-03
CC005661,C06542,Gold,66500.0,5757.8,1999,Active,2022-12-16
CC005662,C07289,Classic,97200.0,41624.17,499,Active,2025-05-26
CC005663,C11689,Classic,36000.0,4081.34,499,Active,2025-06-02
CC005664,C11733,Signature,67900.0,11053.88,0,Active,2024-05-30
CC005665,C14442,Classic,73900.0,30959.75,499,Closed,2025-06-22
CC005666,C14109,Gold,85300.0,41893.64,0,Active,2022-08-15
CC005667,C01057,Gold,80500.0,15703.65,499,Active,2023-03-03
CC005668,C01947,Gold,42400.0,7438.72,999,Active,2024-09-02
CC005669,C00202,Platinum,32600.0,8545.68,499,Active,2024-11-14
CC005670,C13374,Gold,100800.0,14000.96,499,Active,2024-04-08
CC005671,C04377,Signature,73600.0,18022.63,0,Active,2024-08-28
CC005672,C10375,Platinum,76500.0,24469.69,1999,Active,2023-03-09
CC005673,C07037,Classic,95700.0,9691.68,0,Active,2025-07-19
CC005674,C03554,Classic,42500.0,9379.66,499,Active,2025-05-27
CC005675,C11706,Classic,133200.0,57309.48,0,Active,2023-12-12
CC005676,C05691,Platinum,104400.0,35273.15,999,Active,2022-07-22
CC005677,C01445,Gold,20700.0,13936.05,999,Active,2022-06-25
CC005678,C09848,Platinum,59200.0,35452.26,1999,Active,2023-07-31
CC005679,C07444,Gold,34700.0,9094.73,0,Active,2025-10-26
CC005680,C06663,Classic,118300.0,22392.99,0,Active,2024-06-27
CC005681,C10979,Platinum,23700.0,8328.06,999,Active,2022-07-28
CC005682,C08961,Gold,20000.0,3154.21,1999,Closed,2025-11-17
CC005683,C02002,Platinum,43000.0,19984.77,0,Active,2022-02-27
CC005684,C07384,Signature,20000.0,6271.41,0,Active,2023-09-16
CC005685,C13468,Gold,74400.0,23595.34,0,Active,2025-01-03
CC005686,C02367,Gold,20000.0,11104.16,499,Active,2025-02-27
CC005687,C08702,Gold,29300.0,10576.42,2999,Active,2022-06-08
CC005688,C01777,Classic,20000.0,7482.43,999,Active,2022-02-12
CC005689,C08822,Classic,49500.0,16781.0,999,Active,2024-11-03
CC005690,C09925,Gold,28900.0,10102.86,0,Active,2024-06-20
CC005691,C12667,Classic,20000.0,12602.69,999,Active,2023-05-16
CC005692,C09968,Gold,36000.0,4074.72,499,Active,2025-07-15
CC005693,C01781,Platinum,31800.0,15606.87,999,Active,2024-12-21
CC005694,C06437,Classic,20000.0,10027.01,999,Active,2023-06-30
CC005695,C01460,Gold,90900.0,25147.06,1999,Active,2022-01-06
CC005696,C14364,Gold,43600.0,14179.79,0,Active,2022-08-08
CC005697,C08641,Platinum,56900.0,9771.1,499,Active,2023-01-14
CC005698,C03386,Platinum,22700.0,14626.84,999,Active,2022-12-03
CC005699,C07607,Classic,21800.0,10142.65,1999,Active,2025-05-06
CC005700,C01674,Classic,69800.0,2837.48,1999,Active,2023-01-31
CC005701,C13030,Gold,21900.0,2161.48,0,Active,2022-12-17
CC005702,C11845,Classic,80500.0,11303.75,499,Active,2023-01-07
CC005703,C03093,Platinum,21500.0,11124.33,999,Active,2024-09-27
CC005704,C10039,Gold,58900.0,20265.0,499,Active,2023-11-09
CC005705,C06888,Classic,23200.0,5511.05,1999,Active,2025-01-07
CC005706,C14583,Gold,21000.0,1960.06,499,Active,2024-05-08
CC005707,C09513,Classic,39100.0,13761.85,499,Active,2025-02-27
CC005708,C02531,Classic,44200.0,12684.02,0,Active,2024-01-28
CC005709,C04568,Classic,20200.0,11643.03,0,Active,2023-12-27
CC005710,C07554,Classic,89500.0,37663.86,499,Active,2022-01-02
CC005711,C13334,Signature,20600.0,4672.27,499,Active,2023-09-07
CC005712,C01242,Classic,65800.0,14772.21,0,Active,2025-09-08
CC005713,C00424,Classic,46300.0,24612.68,0,Active,2024-03-12
CC005714,C14006,Signature,78100.0,25987.46,999,Active,2023-07-08
CC005715,C06850,Platinum,31500.0,2449.65,0,Active,2022-09-27
CC005716,C10835,Classic,108300.0,12898.22,1999,Active,2022-10-05
CC005717,C05523,Gold,33000.0,16588.45,2999,Active,2022-11-04
CC005718,C12277,Gold,37500.0,8932.3,999,Active,2025-07-23
CC005719,C09505,Platinum,108000.0,52079.12,499,Active,2022-04-18
CC005720,C02906,Gold,32900.0,3182.49,0,Active,2025-09-03
CC005721,C12819,Classic,25100.0,4442.68,0,Active,2023-08-24
CC005722,C05538,Classic,96000.0,45758.75,0,Active,2025-01-02
CC005723,C08334,Gold,39100.0,6835.84,0,Active,2023-06-26
CC005724,C02928,Platinum,27800.0,5636.46,0,Active,2025-09-25
CC005725,C11379,Platinum,25100.0,11644.46,999,Active,2024-06-02
CC005726,C14514,Classic,23900.0,5013.77,0,Active,2024-11-03
CC005727,C08995,Platinum,112000.0,20631.78,999,Active,2024-01-28
CC005728,C14305,Platinum,37200.0,2096.8,499,Active,2023-09-12
CC005729,C07839,Classic,141300.0,51871.37,0,Active,2025-03-09
CC005730,C04948,Classic,30400.0,6616.62,0,Active,2024-04-24
CC005731,C05591,Signature,30600.0,8104.79,0,Active,2025-08-22
CC005732,C01719,Classic,48000.0,3566.3,999,Active,2022-09-22
CC005733,C02279,Gold,20000.0,1477.83,1999,Active,2025-07-01
CC005734,C00039,Platinum,25300.0,6782.72,499,Active,2024-01-25
CC005735,C10336,Classic,20000.0,5678.23,999,Active,2022-01-24
CC005736,C01052,Gold,24000.0,3693.95,0,Blocked,2022-12-27
CC005737,C01851,Classic,40700.0,30438.72,499,Active,2023-08-08
CC005738,C02056,Platinum,105800.0,14320.07,0,Active,2025-12-03
CC005739,C10636,Classic,54900.0,10983.23,1999,Active,2025-05-19
CC005740,C09537,Signature,50200.0,6088.98,0,Active,2024-07-08
CC005741,C10258,Classic,75200.0,22114.39,499,Active,2025-08-16
CC005742,C14657,Gold,64900.0,5299.16,499,Active,2025-06-12
CC005743,C10245,Platinum,70200.0,24676.0,0,Active,2022-01-19
CC005744,C03989,Platinum,38400.0,14515.33,999,Active,2024-03-03
CC005745,C08715,Classic,24100.0,7498.09,0,Closed,2022-07-04
CC005746,C13046,Classic,184900.0,75249.95,0,Active,2023-07-08
CC005747,C01395,Classic,20000.0,8426.15,999,Active,2025-09-23
CC005748,C13676,Gold,131100.0,41592.92,0,Active,2022-11-01
CC005749,C10554,Gold,47100.0,6674.5,0,Active,2025-07-22
CC005750,C04046,Gold,41300.0,12017.68,499,Active,2025-10-06
CC005751,C11684,Platinum,56900.0,27769.53,0,Active,2024-02-23
CC005752,C10969,Signature,30600.0,12983.56,0,Active,2024-07-10
CC005753,C11851,Classic,22600.0,12398.05,499,Closed,2024-11-21
CC005754,C04650,Classic,36500.0,8515.13,999,Active,2022-01-11
CC005755,C11890,Gold,66300.0,4622.88,1999,Active,2025-05-19
CC005756,C13886,Classic,20000.0,2289.95,2999,Active,2024-05-07
CC005757,C08186,Classic,20000.0,6070.36,999,Active,2024-05-27
CC005758,C09486,Classic,20200.0,3923.81,999,Active,2025-11-21
CC005759,C14999,Classic,85400.0,51723.15,1999,Active,2025-03-25
CC005760,C09033,Gold,42500.0,10933.41,0,Active,2024-06-26
CC005761,C00013,Signature,20000.0,3171.27,0,Active,2023-06-25
CC005762,C01205,Classic,41200.0,16492.27,0,Active,2025-02-19
CC005763,C12076,Platinum,58400.0,39497.0,999,Active,2022-04-01
CC005764,C13796,Gold,90900.0,3799.94,499,Closed,2024-05-04
CC005765,C14434,Signature,20000.0,3625.49,999,Active,2025-08-12
CC005766,C03216,Classic,31000.0,16725.46,499,Active,2024-11-08
CC005767,C11370,Classic,47800.0,9561.83,0,Active,2022-08-16
CC005768,C07363,Gold,125000.0,63465.34,999,Active,2024-12-06
CC005769,C06378,Gold,47000.0,23779.74,0,Closed,2023-01-13
CC005770,C10806,Classic,20000.0,6509.36,1999,Active,2023-02-26
CC005771,C02297,Gold,80700.0,22153.47,1999,Active,2024-04-30
CC005772,C02007,Classic,20400.0,9133.06,0,Active,2025-04-14
CC005773,C10326,Platinum,72900.0,13143.07,0,Active,2024-07-06
CC005774,C14508,Classic,92600.0,19447.29,2999,Active,2024-01-14
CC005775,C05814,Platinum,20000.0,7396.84,0,Active,2022-04-28
CC005776,C10748,Signature,43400.0,3848.12,1999,Active,2025-06-24
CC005777,C00007,Gold,129400.0,25286.31,0,Active,2024-02-02
CC005778,C02103,Gold,67200.0,19375.15,2999,Blocked,2024-02-05
CC005779,C13032,Gold,45400.0,21640.63,999,Active,2024-11-17
CC005780,C04881,Platinum,43500.0,4212.42,499,Active,2024-06-11
CC005781,C01973,Classic,29700.0,12159.53,999,Active,2022-06-11
CC005782,C04124,Platinum,96300.0,38616.17,499,Active,2024-05-04
CC005783,C01263,Classic,34300.0,9822.74,999,Active,2024-11-29
CC005784,C11937,Classic,65100.0,24902.77,999,Active,2024-01-13
CC005785,C02844,Classic,48800.0,16866.55,0,Active,2025-10-28
CC005786,C04846,Gold,92800.0,27625.29,499,Active,2025-10-29
CC005787,C02729,Platinum,20000.0,4763.18,499,Active,2023-05-13
CC005788,C03755,Platinum,40900.0,8132.16,1999,Active,2023-05-28
CC005789,C12367,Platinum,26400.0,10026.88,0,Closed,2024-08-24
CC005790,C13500,Gold,79300.0,18659.6,0,Active,2022-07-22
CC005791,C12382,Classic,23600.0,4196.71,1999,Active,2024-01-20
CC005792,C04263,Platinum,20000.0,8324.74,999,Closed,2024-08-25
CC005793,C04503,Classic,92000.0,22155.04,1999,Active,2022-12-25
CC005794,C13646,Gold,33700.0,5303.71,499,Closed,2025-04-27
CC005795,C12778,Gold,24800.0,8380.12,499,Active,2024-11-10
CC005796,C09021,Classic,26300.0,6782.9,0,Active,2025-12-23
CC005797,C02608,Platinum,42500.0,24177.03,1999,Active,2023-02-17
CC005798,C11132,Classic,20000.0,5024.55,1999,Active,2023-11-05
CC005799,C14501,Platinum,20000.0,10570.2,0,Active,2022-04-15
CC005800,C02221,Gold,244700.0,62375.03,0,Active,2023-04-19
CC005801,C06249,Classic,20000.0,6266.58,499,Active,2023-02-11
CC005802,C02474,Classic,81400.0,27338.64,999,Active,2024-09-29
CC005803,C02962,Platinum,81300.0,8673.19,1999,Active,2022-09-30
CC005804,C04330,Gold,93300.0,41361.5,499,Active,2022-11-13
CC005805,C10492,Platinum,25100.0,1370.04,499,Active,2025-12-17
CC005806,C05131,Platinum,42500.0,8886.59,0,Active,2022-07-04
CC005807,C09576,Gold,115300.0,33497.45,0,Active,2022-05-24
CC005808,C08533,Gold,34400.0,9997.88,2999,Active,2022-10-17
CC005809,C07852,Platinum,104200.0,38893.65,499,Active,2025-07-11
CC005810,C08660,Signature,63100.0,5688.88,0,Blocked,2024-02-11
CC005811,C08677,Classic,20000.0,5650.47,0,Active,2023-09-22
CC005812,C13077,Platinum,58100.0,31419.1,0,Active,2022-02-07
CC005813,C04143,Gold,49400.0,3514.03,999,Active,2022-01-27
CC005814,C00153,Platinum,90900.0,10316.96,0,Active,2023-01-22
CC005815,C00750,Platinum,20000.0,8199.52,0,Active,2024-01-17
CC005816,C09763,Platinum,38200.0,5991.99,0,Active,2024-02-13
CC005817,C11771,Classic,70300.0,25780.81,499,Active,2023-04-26
CC005818,C11241,Gold,22100.0,5088.49,499,Active,2023-07-10
CC005819,C14863,Gold,72100.0,19025.15,0,Active,2022-07-18
CC005820,C05468,Classic,61400.0,17173.21,499,Active,2024-01-18
CC005821,C10946,Classic,61400.0,19314.1,499,Active,2022-11-23
CC005822,C10004,Platinum,41300.0,7743.21,999,Active,2022-10-11
CC005823,C00431,Classic,50700.0,2207.87,1999,Active,2023-05-10
CC005824,C13759,Platinum,110500.0,25722.98,0,Active,2025-10-23
CC005825,C06175,Platinum,20000.0,4016.32,0,Active,2024-04-18
CC005826,C14944,Platinum,118500.0,31739.95,0,Active,2025-03-06
CC005827,C01124,Platinum,42800.0,7925.32,999,Closed,2022-11-09
CC005828,C06905,Gold,20000.0,5904.48,1999,Active,2025-02-11
CC005829,C13588,Classic,67100.0,24166.98,0,Active,2022-10-02
CC005830,C12319,Platinum,49200.0,6186.97,499,Active,2025-11-10
CC005831,C07545,Classic,20000.0,1122.09,0,Closed,2023-07-05
CC005832,C05524,Gold,20000.0,9034.25,0,Active,2025-12-12
CC005833,C11258,Classic,21600.0,8030.75,2999,Active,2023-07-11
CC005834,C00744,Platinum,89800.0,39851.0,999,Blocked,2022-01-14
CC005835,C06373,Classic,73300.0,3760.18,499,Active,2023-03-25
CC005836,C11068,Platinum,85800.0,9224.29,499,Active,2023-05-18
CC005837,C08523,Classic,59200.0,13895.02,0,Active,2023-06-27
CC005838,C04352,Classic,77600.0,15763.42,999,Active,2023-08-04
CC005839,C01554,Signature,49100.0,4353.86,499,Active,2023-01-19
CC005840,C01921,Platinum,21800.0,10922.97,1999,Closed,2023-12-14
CC005841,C01256,Signature,34200.0,13706.38,499,Active,2025-12-23
CC005842,C08444,Gold,48800.0,17641.3,999,Active,2023-02-24
CC005843,C02825,Classic,40400.0,9512.78,0,Active,2024-01-17
CC005844,C06581,Gold,48000.0,6202.38,1999,Active,2025-02-23
CC005845,C11839,Signature,27200.0,12298.28,0,Active,2023-07-19
CC005846,C05547,Classic,24600.0,1629.03,499,Active,2023-07-09
CC005847,C08393,Gold,22000.0,2826.55,1999,Blocked,2025-08-26
CC005848,C08729,Classic,20000.0,9274.63,2999,Active,2022-09-22
CC005849,C03180,Platinum,53700.0,6006.03,1999,Active,2024-01-08
CC005850,C12885,Platinum,24000.0,4815.79,0,Active,2024-02-18
CC005851,C13821,Gold,45700.0,26994.23,999,Active,2025-04-18
CC005852,C10148,Classic,83000.0,4491.2,999,Active,2024-02-14
CC005853,C10494,Classic,88500.0,13039.41,0,Active,2024-09-16
CC005854,C06672,Classic,103400.0,23527.45,0,Active,2022-09-30
CC005855,C10931,Signature,69800.0,2617.79,1999,Active,2025-02-05
CC005856,C03276,Signature,49600.0,16011.55,999,Active,2023-11-30
CC005857,C07107,Gold,82300.0,6585.11,999,Active,2023-09-12
CC005858,C11197,Gold,59200.0,16586.19,499,Active,2024-03-23
CC005859,C06381,Classic,80300.0,29897.89,499,Active,2024-11-23
CC005860,C03646,Classic,20300.0,7219.15,499,Closed,2024-12-31
CC005861,C13860,Platinum,54700.0,20422.43,499,Active,2025-06-03
CC005862,C04335,Classic,109200.0,23221.05,1999,Active,2025-03-31
CC005863,C06095,Classic,58700.0,9765.87,499,Active,2023-02-06
CC005864,C00462,Classic,34400.0,14284.6,0,Blocked,2024-11-09
CC005865,C09849,Gold,72300.0,21992.42,499,Active,2024-03-15
CC005866,C14593,Gold,21700.0,7243.5,1999,Active,2023-02-10
CC005867,C02671,Gold,62100.0,4453.04,999,Active,2023-02-21
CC005868,C01389,Signature,95500.0,42627.78,0,Active,2023-04-13
CC005869,C07051,Classic,38700.0,19534.64,1999,Active,2024-01-18
CC005870,C11040,Platinum,53300.0,23558.63,1999,Active,2022-02-05
CC005871,C01345,Gold,76400.0,1798.89,0,Active,2022-07-05
CC005872,C09290,Classic,34100.0,6072.96,499,Active,2025-05-22
CC005873,C05305,Classic,27300.0,6077.24,0,Active,2025-07-13
CC005874,C07140,Gold,54100.0,20617.29,499,Active,2024-08-20
CC005875,C13268,Platinum,20000.0,5293.66,499,Active,2023-07-07
CC005876,C03396,Platinum,84200.0,14367.66,0,Active,2024-06-15
CC005877,C01945,Platinum,31400.0,16423.65,0,Active,2022-10-26
CC005878,C08802,Gold,20000.0,8012.54,999,Active,2023-11-24
CC005879,C01492,Classic,21000.0,9877.13,0,Active,2022-05-30
CC005880,C08775,Classic,118100.0,8973.85,499,Active,2022-04-19
CC005881,C09169,Signature,25000.0,12840.44,0,Active,2023-02-05
CC005882,C08069,Classic,67500.0,21114.1,0,Active,2022-03-20
CC005883,C08511,Signature,58000.0,5930.48,999,Active,2023-02-12
CC005884,C01571,Classic,20000.0,5151.51,0,Active,2025-08-18
CC005885,C09853,Gold,20700.0,7217.15,0,Active,2024-01-07
CC005886,C04945,Platinum,120200.0,22276.24,999,Active,2023-07-30
CC005887,C10034,Classic,20000.0,10097.57,999,Active,2022-06-30
CC005888,C11786,Classic,45700.0,21865.6,499,Active,2025-02-27
CC005889,C10204,Classic,79200.0,9004.87,499,Active,2024-10-07
CC005890,C00834,Signature,69300.0,18157.16,0,Active,2023-10-29
CC005891,C12562,Gold,54500.0,10212.74,0,Active,2023-01-21
CC005892,C13795,Platinum,92800.0,25728.78,999,Active,2024-01-20
CC005893,C12276,Gold,51700.0,6895.94,999,Active,2023-08-15
CC005894,C04121,Classic,88300.0,5530.32,0,Closed,2023-07-06
CC005895,C05947,Classic,30200.0,2167.18,499,Active,2022-12-05
CC005896,C05211,Gold,20000.0,885.66,1999,Active,2024-08-18
CC005897,C14996,Platinum,49900.0,15459.27,0,Active,2023-09-04
CC005898,C10789,Signature,51300.0,7753.55,499,Active,2025-10-23
CC005899,C04565,Classic,41900.0,5660.21,1999,Active,2023-03-20
CC005900,C10159,Gold,35400.0,9664.55,499,Active,2022-02-04
CC005901,C00490,Platinum,59700.0,6219.44,0,Active,2025-11-14
CC005902,C12573,Platinum,41800.0,2291.09,0,Active,2023-04-06
CC005903,C01438,Platinum,24700.0,3374.92,0,Active,2025-07-30
CC005904,C13532,Signature,20000.0,7145.77,0,Active,2024-04-10
CC005905,C00981,Platinum,87700.0,25878.64,1999,Active,2024-11-17
CC005906,C08350,Gold,25500.0,6863.94,499,Closed,2022-01-05
CC005907,C03879,Gold,61500.0,18954.16,999,Active,2023-03-23
CC005908,C00039,Classic,44200.0,24178.72,999,Closed,2023-11-15
CC005909,C11761,Classic,28100.0,12354.76,499,Active,2024-02-09
CC005910,C01686,Gold,51600.0,3805.81,0,Active,2025-02-07
CC005911,C12543,Gold,69200.0,31826.87,0,Active,2024-06-25
CC005912,C00378,Platinum,31600.0,12055.71,1999,Active,2025-05-18
CC005913,C10540,Platinum,20000.0,9642.82,0,Active,2022-01-26
CC005914,C06532,Classic,36800.0,13852.43,499,Active,2025-08-11
CC005915,C10762,Classic,40100.0,5649.49,0,Active,2025-07-06
CC005916,C06677,Gold,20000.0,11062.68,0,Active,2023-12-26
CC005917,C01046,Platinum,103300.0,39588.22,499,Active,2024-05-30
CC005918,C06708,Platinum,142800.0,41763.14,1999,Active,2025-05-13
CC005919,C00397,Classic,61300.0,22659.8,0,Active,2025-06-27
CC005920,C07170,Platinum,28300.0,7793.79,999,Active,2023-01-07
CC005921,C08637,Platinum,32600.0,7616.17,0,Active,2023-10-01
CC005922,C06303,Gold,30100.0,12026.49,1999,Blocked,2025-03-07
CC005923,C12698,Signature,21800.0,5232.83,499,Active,2023-11-19
CC005924,C13685,Platinum,33000.0,3533.92,999,Active,2025-11-17
CC005925,C12199,Classic,20000.0,7809.3,1999,Active,2023-08-07
CC005926,C11348,Gold,54200.0,6219.87,0,Active,2024-06-25
CC005927,C00759,Signature,123300.0,18967.66,499,Active,2023-05-16
CC005928,C11804,Classic,47200.0,19685.43,2999,Blocked,2023-03-12
CC005929,C13642,Gold,32500.0,22657.39,499,Active,2023-01-11
CC005930,C08710,Classic,48500.0,10904.27,999,Active,2023-05-08
CC005931,C12179,Gold,156100.0,72591.86,0,Active,2023-06-29
CC005932,C15000,Gold,94900.0,34752.93,0,Active,2023-02-21
CC005933,C02009,Signature,45200.0,11272.77,1999,Closed,2023-05-22
CC005934,C06957,Platinum,41500.0,16395.92,1999,Active,2023-12-10
CC005935,C04876,Classic,20000.0,6026.68,999,Active,2025-08-25
CC005936,C02653,Classic,50700.0,26297.8,499,Active,2023-01-24
CC005937,C11170,Gold,20000.0,4759.53,499,Active,2022-08-26
CC005938,C04255,Platinum,41200.0,9909.78,999,Active,2024-02-03
CC005939,C06283,Signature,124200.0,18866.06,999,Active,2024-03-15
CC005940,C12282,Gold,24600.0,6007.04,1999,Active,2023-05-11
CC005941,C09057,Gold,36500.0,14789.24,499,Active,2025-06-10
CC005942,C13412,Platinum,112900.0,43414.12,0,Active,2025-01-23
CC005943,C01331,Classic,30900.0,7285.18,999,Active,2022-11-13
CC005944,C03895,Classic,25300.0,7304.07,0,Active,2023-08-26
CC005945,C02136,Platinum,26400.0,9693.02,1999,Active,2024-03-14
CC005946,C02791,Platinum,59400.0,26032.83,499,Closed,2024-05-09
CC005947,C05306,Platinum,55400.0,4868.25,499,Active,2022-09-13
CC005948,C11781,Platinum,36600.0,6180.77,0,Active,2024-08-16
CC005949,C01951,Gold,23100.0,2965.72,499,Active,2022-09-06
CC005950,C00982,Gold,20000.0,5182.58,2999,Active,2024-04-26
CC005951,C00680,Platinum,37900.0,8170.31,0,Active,2024-12-04
CC005952,C11973,Signature,26700.0,17223.17,999,Active,2022-02-22
CC005953,C13355,Gold,34700.0,13087.95,2999,Active,2022-02-20
CC005954,C14144,Gold,20000.0,4608.65,0,Active,2022-11-17
CC005955,C13375,Platinum,80400.0,46579.27,999,Active,2025-11-06
CC005956,C06523,Platinum,57100.0,14895.97,0,Active,2024-08-16
CC005957,C02195,Platinum,20000.0,8008.05,499,Active,2022-11-06
CC005958,C12694,Classic,53600.0,7475.05,999,Active,2024-11-23
CC005959,C04324,Gold,45300.0,24130.13,999,Active,2025-11-17
CC005960,C00349,Gold,39600.0,10588.56,0,Active,2022-02-21
CC005961,C00399,Classic,20000.0,6004.57,499,Active,2022-08-11
CC005962,C11664,Platinum,47100.0,26372.34,2999,Active,2025-01-24
CC005963,C12898,Classic,89000.0,49646.65,499,Active,2023-02-15
CC005964,C14831,Gold,101000.0,18277.07,499,Active,2024-06-20
CC005965,C00576,Gold,69600.0,6428.59,1999,Active,2024-07-13
CC005966,C09697,Classic,20800.0,13372.9,499,Active,2023-07-11
CC005967,C10427,Platinum,79500.0,42758.49,999,Active,2024-08-04
CC005968,C01245,Classic,145900.0,130471.13,499,Active,2025-11-03
CC005969,C01053,Gold,28200.0,3464.35,499,Active,2024-06-10
CC005970,C05672,Classic,64100.0,3917.39,0,Active,2025-07-02
CC005971,C06383,Classic,38900.0,24949.1,0,Active,2022-03-14
CC005972,C05069,Classic,36100.0,18051.13,1999,Active,2022-03-28
CC005973,C07130,Gold,286400.0,26915.0,499,Active,2022-05-21
CC005974,C07980,Platinum,55200.0,1513.12,0,Active,2023-07-23
CC005975,C13852,Classic,116800.0,38035.33,499,Active,2025-06-08
CC005976,C01268,Platinum,82500.0,10583.91,499,Active,2023-03-18
CC005977,C01554,Classic,31000.0,6459.96,499,Active,2022-09-07
CC005978,C08492,Classic,20000.0,4884.86,999,Active,2025-11-10
CC005979,C05912,Gold,31700.0,16025.6,2999,Closed,2025-02-13
CC005980,C11598,Gold,20000.0,9996.49,999,Active,2022-07-12
CC005981,C01765,Classic,45000.0,13794.98,999,Active,2022-11-04
CC005982,C03986,Platinum,21100.0,6090.82,0,Closed,2024-11-23
CC005983,C05319,Classic,154300.0,33952.02,499,Active,2024-07-01
CC005984,C13453,Classic,66500.0,23041.58,499,Blocked,2024-08-08
CC005985,C06653,Gold,37700.0,19018.97,0,Active,2024-12-30
CC005986,C10334,Signature,92000.0,18681.22,0,Active,2023-02-28
CC005987,C00532,Gold,89500.0,44568.9,1999,Active,2025-10-20
CC005988,C00702,Classic,20000.0,17245.35,1999,Active,2022-02-26
CC005989,C09810,Classic,65600.0,17651.64,1999,Active,2025-12-07
CC005990,C02822,Gold,59300.0,6739.13,0,Active,2024-11-17
CC005991,C00572,Classic,20000.0,3138.7,2999,Active,2024-08-01
CC005992,C12141,Platinum,20000.0,2080.34,0,Active,2025-12-16
CC005993,C13019,Gold,33300.0,5155.35,499,Active,2022-12-12
CC005994,C12709,Gold,31400.0,16171.7,0,Active,2024-08-24
CC005995,C13557,Gold,21100.0,2094.29,0,Active,2023-10-27
CC005996,C13077,Gold,43000.0,22211.05,0,Active,2025-05-16
CC005997,C07498,Classic,106200.0,26186.05,0,Active,2022-12-12
CC005998,C06785,Platinum,70500.0,17702.48,1999,Active,2025-06-11
CC005999,C07519,Classic,33700.0,15823.21,0,Active,2025-04-10
CC006000,C04948,Classic,51500.0,9555.13,999,Active,2024-04-28
CC006001,C00453,Signature,41800.0,12645.29,1999,Active,2025-07-09
CC006002,C06979,Gold,23700.0,3695.34,0,Active,2025-10-18
CC006003,C13896,Platinum,75400.0,11739.94,499,Active,2024-05-21
CC006004,C00211,Gold,254200.0,48283.03,499,Active,2024-12-30
CC006005,C13463,Classic,20000.0,8976.33,999,Active,2024-07-11
CC006006,C00181,Classic,35500.0,14681.33,1999,Active,2022-11-03
CC006007,C04512,Platinum,122000.0,32045.08,499,Active,2025-05-31
CC006008,C08689,Classic,65300.0,20126.41,1999,Active,2023-05-12
CC006009,C02590,Gold,64700.0,12178.72,0,Blocked,2023-05-04
CC006010,C00867,Gold,59100.0,6878.08,1999,Active,2022-08-30
CC006011,C03665,Classic,59200.0,3551.0,0,Active,2023-11-30
CC006012,C01064,Classic,30800.0,18503.62,1999,Active,2023-03-04
CC006013,C10016,Classic,91900.0,61621.8,1999,Active,2022-03-06
CC006014,C12639,Gold,138100.0,66924.2,0,Active,2024-02-12
CC006015,C05254,Classic,157900.0,118740.38,999,Active,2024-07-13
CC006016,C03437,Classic,73800.0,37381.23,999,Active,2022-01-18
CC006017,C01271,Gold,20000.0,5091.35,999,Active,2023-07-27
CC006018,C09059,Platinum,31100.0,15756.69,499,Active,2023-08-22
CC006019,C11151,Gold,52200.0,6626.95,0,Active,2022-02-24
CC006020,C09862,Gold,57800.0,15936.08,2999,Active,2024-04-08
CC006021,C12248,Classic,20500.0,9303.79,499,Active,2023-08-13
CC006022,C03232,Platinum,32000.0,8424.78,0,Active,2023-05-02
CC006023,C11488,Gold,51500.0,17161.79,0,Active,2022-05-23
CC006024,C01199,Platinum,32500.0,12346.89,999,Active,2022-04-08
CC006025,C11580,Platinum,35600.0,6408.69,499,Active,2025-09-04
CC006026,C07425,Gold,42200.0,4909.87,499,Active,2024-11-19
CC006027,C00467,Gold,48800.0,9571.55,999,Active,2025-05-05
CC006028,C01450,Classic,110500.0,7376.22,0,Active,2022-04-21
CC006029,C08407,Gold,23800.0,11731.34,0,Active,2025-04-06
CC006030,C06934,Platinum,60500.0,28256.85,999,Active,2022-03-14
CC006031,C11597,Gold,20000.0,1006.49,1999,Active,2024-08-15
CC006032,C09707,Classic,70200.0,41094.04,0,Active,2022-01-09
CC006033,C08218,Classic,20000.0,4955.73,1999,Active,2022-11-03
CC006034,C00569,Gold,35100.0,4985.97,0,Closed,2025-09-18
CC006035,C08971,Platinum,115600.0,15340.82,0,Blocked,2023-08-14
CC006036,C08109,Platinum,213900.0,84247.68,1999,Active,2022-05-05
CC006037,C11363,Classic,97500.0,28268.17,1999,Active,2024-12-19
CC006038,C12357,Gold,30800.0,12616.27,0,Active,2024-02-23
CC006039,C12948,Signature,50500.0,18734.51,499,Active,2023-01-24
CC006040,C04304,Classic,97200.0,32383.25,999,Active,2022-05-27
CC006041,C13700,Gold,22700.0,11865.91,0,Active,2024-12-24
CC006042,C03845,Platinum,34900.0,2957.45,0,Active,2024-12-20
CC006043,C09825,Classic,76500.0,2756.72,499,Active,2023-03-14
CC006044,C09205,Platinum,38400.0,6684.2,0,Active,2023-05-07
CC006045,C12995,Classic,64200.0,8901.48,2999,Closed,2025-03-21
CC006046,C14000,Signature,36700.0,15280.76,1999,Active,2023-07-19
CC006047,C12105,Platinum,20000.0,4245.86,2999,Active,2022-09-18
CC006048,C08605,Classic,69800.0,6264.14,499,Active,2023-05-06
CC006049,C13142,Gold,51700.0,22927.67,999,Active,2022-04-04
CC006050,C10252,Classic,33100.0,19861.66,1999,Active,2024-12-05
CC006051,C02497,Classic,32700.0,5212.01,0,Active,2025-01-15
CC006052,C13910,Gold,20000.0,2119.79,1999,Active,2024-09-01
CC006053,C04497,Gold,65100.0,5942.27,999,Active,2022-02-26
CC006054,C08202,Gold,78500.0,5611.31,999,Active,2024-02-05
CC006055,C00767,Gold,49300.0,22096.91,0,Active,2024-10-02
CC006056,C01971,Gold,36900.0,6848.93,0,Active,2025-08-01
CC006057,C02782,Signature,81400.0,26291.19,0,Active,2022-08-08
CC006058,C03445,Classic,29900.0,7820.83,499,Active,2023-06-17
CC006059,C00515,Gold,20000.0,2776.1,999,Active,2025-07-04
CC006060,C12387,Signature,31100.0,1801.72,2999,Active,2023-08-25
CC006061,C09705,Classic,38700.0,17155.19,0,Active,2025-06-01
CC006062,C06104,Classic,37000.0,16569.62,499,Active,2025-02-16
CC006063,C11160,Classic,77600.0,8364.18,0,Active,2022-03-14
CC006064,C08154,Gold,107200.0,19648.32,0,Active,2024-07-12
CC006065,C01346,Classic,82700.0,5649.05,499,Active,2023-04-21
CC006066,C00070,Classic,65800.0,9228.8,2999,Active,2023-03-21
CC006067,C03407,Gold,22000.0,7553.73,999,Closed,2022-09-29
CC006068,C00960,Classic,42200.0,18523.91,499,Active,2022-05-03
CC006069,C13045,Classic,41700.0,15369.55,999,Active,2022-01-06
CC006070,C01846,Platinum,68500.0,14433.88,0,Active,2025-12-14
CC006071,C07208,Platinum,55500.0,15538.36,999,Active,2024-08-27
CC006072,C10752,Classic,50000.0,3109.56,0,Active,2022-07-09
CC006073,C02289,Classic,31300.0,6140.21,0,Active,2025-01-06
CC006074,C13792,Classic,67400.0,14874.43,999,Active,2024-11-03
CC006075,C11527,Classic,62000.0,10401.31,499,Active,2022-07-01
CC006076,C00633,Classic,82900.0,22445.56,0,Active,2025-11-17
CC006077,C03951,Signature,30300.0,13617.61,499,Active,2022-09-10
CC006078,C04373,Classic,73100.0,30583.66,0,Active,2025-10-03
CC006079,C12428,Gold,37100.0,11666.99,999,Active,2025-06-02
CC006080,C13531,Platinum,24700.0,8472.72,0,Active,2022-03-23
CC006081,C13221,Classic,60100.0,10719.72,999,Active,2023-02-10
CC006082,C10619,Classic,83800.0,22275.96,1999,Active,2022-01-24
CC006083,C10304,Gold,37700.0,15802.55,0,Active,2024-04-12
CC006084,C00237,Platinum,20000.0,8827.62,999,Active,2023-11-01
CC006085,C14358,Platinum,25900.0,8090.65,999,Active,2024-11-03
CC006086,C12689,Platinum,91000.0,38351.77,999,Active,2023-10-07
CC006087,C14819,Platinum,61400.0,28290.34,2999,Active,2022-04-25
CC006088,C08460,Platinum,20000.0,953.12,0,Active,2022-12-22
CC006089,C09671,Gold,23700.0,5347.8,999,Active,2024-12-27
CC006090,C06647,Signature,28500.0,5094.25,1999,Active,2025-02-18
CC006091,C08306,Gold,57600.0,2531.93,499,Active,2024-10-14
CC006092,C06746,Classic,98800.0,20656.39,0,Closed,2025-09-20
CC006093,C02009,Classic,47100.0,14365.06,0,Active,2025-08-14
CC006094,C11286,Platinum,52700.0,9782.66,2999,Blocked,2025-12-16
CC006095,C11270,Classic,24000.0,10492.59,999,Active,2023-12-07
CC006096,C06099,Signature,20000.0,3109.17,1999,Active,2023-01-15
CC006097,C13596,Platinum,24600.0,2175.06,1999,Active,2024-11-21
CC006098,C11340,Gold,26700.0,10432.13,499,Active,2022-01-16
CC006099,C07596,Classic,58900.0,30690.36,999,Active,2022-12-19
CC006100,C02368,Platinum,175800.0,25487.21,499,Active,2024-11-01
CC006101,C05493,Gold,22500.0,7551.41,1999,Active,2025-02-23
CC006102,C14807,Platinum,50400.0,5669.29,999,Active,2024-01-26
CC006103,C05499,Gold,35200.0,20484.64,999,Active,2025-12-06
CC006104,C11975,Gold,23300.0,10019.76,499,Active,2025-05-12
CC006105,C03445,Gold,36600.0,2721.0,1999,Active,2024-04-03
CC006106,C05917,Gold,57500.0,14229.13,0,Active,2025-09-08
CC006107,C01819,Classic,20300.0,5185.31,0,Active,2023-05-16
CC006108,C04881,Gold,108600.0,51375.21,1999,Active,2024-11-01
CC006109,C09052,Classic,37900.0,8694.87,0,Active,2025-10-25
CC006110,C06248,Classic,46900.0,24521.12,0,Active,2022-01-22
CC006111,C09391,Classic,35300.0,15077.08,0,Blocked,2022-07-02
CC006112,C05516,Classic,63400.0,30847.02,1999,Active,2023-02-08
CC006113,C14368,Classic,47800.0,9627.58,499,Active,2024-09-13
CC006114,C08844,Signature,44600.0,13758.38,1999,Active,2022-08-16
CC006115,C11618,Gold,51400.0,22083.63,0,Active,2023-12-01
CC006116,C02223,Platinum,47800.0,5403.08,1999,Active,2023-10-17
CC006117,C07029,Platinum,31000.0,4169.1,499,Active,2023-07-23
CC006118,C04996,Platinum,59400.0,32708.86,0,Active,2023-06-19
CC006119,C05603,Gold,67100.0,18877.08,0,Active,2025-09-22
CC006120,C12613,Gold,31100.0,622.0,1999,Active,2024-03-23
CC006121,C00848,Classic,72300.0,20739.43,499,Active,2022-03-07
CC006122,C12484,Platinum,50400.0,20892.04,0,Active,2023-03-21
CC006123,C08580,Platinum,31700.0,10712.41,999,Active,2025-11-25
CC006124,C00990,Gold,25600.0,1023.35,1999,Active,2023-12-04
CC006125,C14478,Classic,26000.0,2732.71,499,Active,2023-08-05
CC006126,C13754,Signature,23700.0,7226.01,499,Active,2022-02-04
CC006127,C03624,Classic,25300.0,10984.18,1999,Active,2022-11-03
CC006128,C07977,Gold,20000.0,3100.6,999,Active,2024-03-22
CC006129,C03865,Signature,29500.0,15150.38,999,Active,2024-03-07
CC006130,C01185,Platinum,61100.0,20485.71,1999,Active,2023-03-02
CC006131,C03645,Signature,63400.0,8860.7,0,Active,2023-12-19
CC006132,C13600,Classic,64400.0,10740.43,0,Active,2022-03-02
CC006133,C03723,Platinum,81600.0,41673.62,499,Active,2023-10-16
CC006134,C04663,Classic,85900.0,2391.99,0,Closed,2025-02-18
CC006135,C13345,Classic,105600.0,67090.05,499,Active,2022-09-19
CC006136,C07673,Gold,32600.0,13292.29,2999,Active,2024-03-07
CC006137,C02986,Gold,89500.0,34681.83,999,Active,2024-10-06
CC006138,C00078,Platinum,45800.0,1439.35,999,Active,2025-11-06
CC006139,C05353,Classic,29900.0,10089.41,999,Active,2024-08-05
CC006140,C13533,Signature,87300.0,29704.27,2999,Active,2022-06-22
CC006141,C12727,Gold,59100.0,34857.76,2999,Active,2023-05-24
CC006142,C13226,Platinum,25900.0,7620.36,1999,Active,2024-06-10
CC006143,C09330,Classic,60300.0,16232.85,999,Active,2025-10-20
CC006144,C12350,Platinum,33700.0,6485.3,0,Active,2024-11-15
CC006145,C08018,Gold,111100.0,26380.18,999,Active,2022-08-22
CC006146,C05949,Classic,20000.0,6443.16,499,Active,2024-07-10
CC006147,C11910,Classic,28700.0,9949.65,2999,Active,2025-02-27
CC006148,C09928,Gold,20000.0,11398.87,999,Active,2023-05-08
CC006149,C02067,Gold,33700.0,2517.58,0,Active,2023-05-26
CC006150,C12715,Signature,82500.0,20774.89,0,Active,2022-07-12
CC006151,C00244,Gold,124300.0,33795.63,999,Blocked,2025-06-23
CC006152,C00575,Classic,40400.0,22341.39,999,Active,2024-06-25
CC006153,C11465,Classic,71600.0,24364.33,1999,Blocked,2024-12-27
CC006154,C12115,Classic,43100.0,21409.34,0,Active,2022-10-19
CC006155,C08218,Classic,114300.0,38555.01,0,Active,2025-12-23
CC006156,C07630,Platinum,95600.0,48820.69,0,Active,2024-01-25
CC006157,C10875,Gold,70700.0,20206.03,0,Active,2025-11-25
CC006158,C06030,Gold,41700.0,1408.43,0,Blocked,2023-08-03
CC006159,C07722,Classic,20000.0,4705.38,1999,Active,2025-11-09
CC006160,C11901,Classic,41200.0,13800.9,499,Active,2022-03-10
CC006161,C02168,Platinum,56400.0,15740.42,2999,Closed,2022-02-27
CC006162,C00473,Classic,26200.0,3500.93,0,Active,2024-01-04
CC006163,C06077,Gold,45400.0,11838.82,0,Active,2022-05-07
CC006164,C02830,Platinum,25000.0,11689.52,1999,Active,2023-02-27
CC006165,C10343,Platinum,60400.0,32714.29,999,Closed,2025-04-03
CC006166,C01857,Classic,57400.0,11631.03,999,Closed,2024-12-14
CC006167,C14367,Platinum,103800.0,31852.27,499,Blocked,2024-09-02
CC006168,C14073,Platinum,93000.0,29350.19,499,Active,2025-05-31
CC006169,C07057,Classic,57600.0,24048.35,0,Active,2022-01-15
CC006170,C11677,Signature,90300.0,20831.63,0,Active,2022-07-10
CC006171,C08931,Platinum,117700.0,10972.05,499,Active,2024-09-25
CC006172,C06474,Classic,33400.0,6946.81,499,Active,2025-06-30
CC006173,C10722,Gold,108900.0,11298.51,999,Active,2022-03-28
CC006174,C04818,Gold,105200.0,23802.68,1999,Active,2024-01-15
CC006175,C01331,Signature,20000.0,583.46,0,Active,2024-04-28
CC006176,C01606,Gold,38000.0,3521.14,1999,Active,2025-11-08
CC006177,C10501,Gold,25400.0,5363.5,1999,Active,2023-08-13
CC006178,C07496,Platinum,74600.0,19546.49,0,Closed,2024-01-14
CC006179,C00554,Classic,22000.0,6318.66,499,Active,2025-04-08
CC006180,C07135,Platinum,40600.0,14763.28,999,Closed,2023-11-20
CC006181,C13015,Signature,79400.0,5213.48,499,Active,2023-12-13
CC006182,C05710,Platinum,68600.0,16995.14,999,Active,2025-07-06
CC006183,C03719,Platinum,36500.0,6364.45,999,Active,2023-09-16
CC006184,C04038,Classic,25200.0,8519.02,2999,Active,2022-02-27
CC006185,C05063,Platinum,42500.0,11044.06,999,Active,2025-03-30
CC006186,C07687,Gold,38300.0,19131.27,499,Active,2022-09-18
CC006187,C06675,Signature,42500.0,4736.2,499,Active,2025-10-15
CC006188,C12086,Platinum,127800.0,45245.27,0,Active,2022-03-04
CC006189,C08130,Signature,100100.0,10854.38,0,Active,2024-08-03
CC006190,C05293,Classic,87200.0,9813.55,499,Active,2023-12-03
CC006191,C11374,Platinum,82600.0,27031.95,499,Active,2024-03-01
CC006192,C14646,Signature,22000.0,2959.94,499,Active,2025-12-30
CC006193,C08818,Classic,27000.0,6543.98,0,Blocked,2024-11-15
CC006194,C12744,Platinum,20000.0,5313.28,1999,Active,2022-06-11
CC006195,C03226,Gold,38800.0,5061.54,0,Active,2022-10-12
CC006196,C07184,Classic,42200.0,16606.83,0,Active,2025-01-13
CC006197,C06413,Platinum,49300.0,28233.21,0,Closed,2025-05-04
CC006198,C09237,Signature,25400.0,10035.1,999,Active,2024-05-11
CC006199,C05374,Classic,20000.0,12013.34,0,Active,2023-01-22
CC006200,C11341,Gold,38700.0,24927.56,2999,Active,2025-08-17
CC006201,C06167,Platinum,22200.0,5475.77,499,Active,2025-02-10
CC006202,C02738,Gold,58400.0,18326.62,0,Active,2023-12-21
CC006203,C01923,Platinum,59700.0,7266.67,999,Active,2022-01-15
CC006204,C10060,Classic,80800.0,48354.68,499,Active,2025-08-01
CC006205,C09262,Classic,62400.0,26526.05,2999,Active,2023-06-17
CC006206,C05426,Platinum,51400.0,16427.3,0,Active,2024-06-19
CC006207,C07174,Classic,40400.0,8796.22,0,Active,2022-08-04
CC006208,C11355,Classic,73300.0,9540.46,499,Active,2022-06-30
CC006209,C09399,Platinum,116700.0,22232.92,0,Active,2024-12-26
CC006210,C04800,Classic,55600.0,16328.88,999,Active,2023-06-04
CC006211,C10806,Platinum,67800.0,17419.76,1999,Active,2025-02-11
CC006212,C00680,Gold,29000.0,16062.72,0,Active,2023-02-11
CC006213,C09633,Platinum,93100.0,22177.92,499,Active,2023-04-09
CC006214,C00776,Gold,33600.0,3145.91,499,Active,2022-06-16
CC006215,C12689,Platinum,67300.0,41940.55,499,Active,2025-02-21
CC006216,C03036,Gold,41300.0,10479.49,499,Active,2023-09-28
CC006217,C10050,Gold,59100.0,2648.7,0,Active,2025-12-27
CC006218,C04975,Gold,137900.0,46952.29,499,Active,2025-11-28
CC006219,C02016,Platinum,30600.0,8907.22,1999,Blocked,2022-02-23
CC006220,C14044,Classic,26800.0,11325.5,499,Active,2022-11-13
CC006221,C11953,Classic,60700.0,7395.02,0,Closed,2024-06-12
CC006222,C07002,Classic,52100.0,11562.31,1999,Active,2024-11-15
CC006223,C09853,Classic,39700.0,20003.28,0,Active,2022-11-10
CC006224,C06162,Gold,70500.0,16739.27,499,Closed,2024-07-06
CC006225,C07896,Classic,35300.0,8739.69,0,Active,2024-12-19
CC006226,C09760,Gold,68000.0,21698.9,499,Active,2024-01-29
CC006227,C01243,Gold,52400.0,3794.89,0,Active,2023-06-05
CC006228,C02117,Classic,22600.0,12428.97,999,Active,2023-10-12
CC006229,C06249,Gold,46900.0,5476.19,0,Active,2025-09-23
CC006230,C01702,Classic,71300.0,1426.0,1999,Active,2023-03-16
CC006231,C10830,Gold,54700.0,16759.1,0,Active,2023-09-09
CC006232,C05866,Gold,26300.0,10619.79,999,Active,2024-01-11
CC006233,C00464,Classic,48300.0,22435.91,499,Active,2025-08-26
CC006234,C11808,Platinum,30700.0,3562.47,0,Active,2025-07-09
CC006235,C11431,Classic,97600.0,16098.87,0,Active,2024-03-12
CC006236,C14711,Gold,36200.0,7407.39,499,Active,2024-12-23
CC006237,C12785,Gold,67800.0,33715.1,1999,Active,2023-03-15
CC006238,C14632,Platinum,94700.0,25535.59,999,Closed,2025-05-26
CC006239,C13727,Gold,37500.0,12938.75,2999,Active,2024-08-12
CC006240,C04883,Classic,105300.0,35294.38,499,Active,2024-02-02
CC006241,C10353,Classic,31100.0,13491.29,1999,Active,2022-08-29
CC006242,C08298,Gold,35700.0,11059.83,2999,Active,2023-09-08
CC006243,C04697,Signature,69100.0,42685.0,499,Closed,2025-01-09
CC006244,C07442,Signature,81500.0,34239.09,0,Active,2025-05-07
CC006245,C08712,Classic,52900.0,11517.59,0,Active,2024-12-20
CC006246,C06997,Classic,31000.0,7053.32,1999,Active,2025-03-10
CC006247,C06408,Classic,52500.0,31578.42,2999,Active,2024-03-21
CC006248,C13895,Gold,69800.0,44736.81,1999,Active,2024-03-04
CC006249,C00932,Platinum,28500.0,6807.37,0,Active,2024-03-23
CC006250,C11042,Platinum,21900.0,14062.1,499,Active,2023-04-10
CC006251,C08781,Platinum,106300.0,31380.5,499,Active,2022-04-20
CC006252,C10009,Gold,50300.0,29640.79,999,Active,2024-03-27
CC006253,C08069,Classic,38000.0,8734.44,0,Closed,2024-11-05
CC006254,C07537,Classic,53900.0,15964.72,499,Active,2022-09-05
CC006255,C00036,Platinum,149000.0,13459.23,0,Active,2022-10-11
CC006256,C11759,Platinum,38200.0,2614.82,0,Active,2023-09-16
CC006257,C14156,Platinum,71500.0,23404.98,1999,Active,2024-12-03
CC006258,C06779,Classic,98200.0,45958.03,0,Active,2024-06-10
CC006259,C02081,Gold,34100.0,7290.3,0,Active,2025-05-17
CC006260,C07900,Classic,36200.0,16760.77,2999,Active,2024-11-27
CC006261,C00364,Signature,48100.0,28202.72,499,Active,2025-12-29
CC006262,C12390,Classic,61600.0,27574.37,0,Active,2023-05-02
CC006263,C03805,Gold,36800.0,11791.4,1999,Active,2022-10-13
CC006264,C14589,Classic,55600.0,7612.62,1999,Active,2024-07-04
CC006265,C04557,Signature,97200.0,16377.15,999,Active,2024-08-14
CC006266,C05877,Classic,40400.0,10443.57,0,Active,2022-05-07
CC006267,C02693,Platinum,70600.0,19328.93,999,Active,2023-04-14
CC006268,C04291,Gold,25400.0,11325.48,0,Active,2024-05-19
CC006269,C11902,Gold,77900.0,5987.58,1999,Active,2022-03-26
CC006270,C07805,Platinum,54400.0,9297.07,999,Active,2023-06-18
CC006271,C03348,Platinum,20000.0,708.19,2999,Active,2024-12-22
CC006272,C08705,Classic,66700.0,15462.33,0,Active,2022-01-22
CC006273,C12294,Signature,20000.0,13034.15,1999,Active,2022-02-13
CC006274,C11193,Gold,72400.0,33576.63,1999,Active,2025-10-11
CC006275,C03090,Classic,29100.0,4787.37,999,Active,2024-07-04
CC006276,C00396,Gold,81900.0,27118.08,499,Active,2022-02-04
CC006277,C10382,Signature,27300.0,7338.18,0,Active,2024-11-08
CC006278,C07849,Platinum,25800.0,3603.66,0,Active,2023-08-07
CC006279,C11391,Gold,63200.0,17389.19,999,Active,2023-12-13
CC006280,C08353,Gold,20000.0,3111.46,0,Active,2022-02-03
CC006281,C13312,Classic,48100.0,31629.47,0,Closed,2022-07-13
CC006282,C08899,Platinum,41100.0,9485.89,0,Active,2024-06-28
CC006283,C08121,Classic,39300.0,7763.04,1999,Active,2023-07-18
CC006284,C14249,Gold,116600.0,44435.22,999,Active,2023-03-11
CC006285,C04464,Gold,40500.0,9305.63,0,Active,2023-02-06
CC006286,C12923,Gold,110200.0,47990.81,2999,Active,2024-01-06
CC006287,C00036,Gold,25800.0,14918.75,0,Active,2022-04-20
CC006288,C06233,Classic,34300.0,21757.51,999,Active,2022-07-24
CC006289,C14321,Platinum,79700.0,22123.67,499,Active,2022-08-13
CC006290,C09095,Platinum,60100.0,28389.92,999,Active,2025-11-19
CC006291,C04199,Classic,25000.0,11297.71,999,Active,2022-07-06
CC006292,C05563,Classic,40000.0,6543.69,0,Active,2022-09-07
CC006293,C12889,Gold,111200.0,35668.19,1999,Active,2022-08-27
CC006294,C14678,Platinum,66200.0,17374.88,999,Active,2023-11-12
CC006295,C11624,Platinum,20000.0,4163.21,2999,Active,2023-03-29
CC006296,C09324,Classic,55600.0,23681.08,499,Active,2022-09-28
CC006297,C05114,Classic,32800.0,9310.08,0,Active,2024-06-05
CC006298,C06585,Gold,34900.0,9675.8,999,Active,2023-08-01
CC006299,C01653,Classic,23800.0,8733.27,999,Closed,2022-07-31
CC006300,C05993,Gold,28400.0,1253.43,0,Active,2024-02-17
CC006301,C14926,Platinum,130600.0,67206.16,999,Active,2024-04-06
CC006302,C10894,Platinum,125100.0,34162.94,0,Active,2025-03-04
CC006303,C09562,Gold,33600.0,18248.8,1999,Active,2024-04-12
CC006304,C00301,Classic,20000.0,2698.65,2999,Active,2023-11-24
CC006305,C05408,Classic,93500.0,25277.95,1999,Active,2025-05-09
CC006306,C08260,Platinum,32500.0,14063.57,1999,Active,2022-11-11
CC006307,C13749,Platinum,31000.0,4625.14,999,Closed,2022-10-13
CC006308,C00417,Gold,68100.0,6750.92,2999,Active,2025-02-12
CC006309,C01617,Classic,21400.0,2951.41,499,Active,2023-07-26
CC006310,C00245,Classic,28200.0,5614.77,999,Active,2024-12-20
CC006311,C08808,Classic,20000.0,7629.43,0,Active,2024-07-11
CC006312,C03228,Classic,63400.0,23873.98,999,Active,2024-12-03
CC006313,C04374,Platinum,78000.0,18559.6,1999,Closed,2022-07-16
CC006314,C00050,Classic,103500.0,54558.94,999,Closed,2022-05-21
CC006315,C10546,Signature,44000.0,30797.46,1999,Active,2024-09-08
CC006316,C03762,Classic,33700.0,5640.75,499,Active,2023-01-15
CC006317,C12863,Signature,72300.0,22001.97,499,Active,2024-04-04
CC006318,C00115,Platinum,76100.0,6436.5,0,Closed,2024-01-07
CC006319,C13657,Platinum,69300.0,15380.51,0,Active,2024-10-02
CC006320,C07100,Classic,69900.0,14246.62,0,Active,2025-09-11
CC006321,C07243,Signature,42500.0,24572.73,499,Active,2023-11-12
CC006322,C00684,Platinum,30100.0,12899.83,1999,Active,2024-09-06
CC006323,C12064,Signature,72400.0,19930.14,1999,Active,2024-09-24
CC006324,C08227,Gold,40500.0,6387.21,999,Active,2022-01-29
CC006325,C08621,Classic,98500.0,8082.34,1999,Active,2022-02-06
CC006326,C13652,Classic,27800.0,11247.47,999,Active,2024-07-03
CC006327,C13297,Gold,99000.0,13495.56,0,Active,2024-08-26
CC006328,C02081,Classic,48000.0,3747.52,0,Active,2025-06-20
CC006329,C07474,Platinum,23300.0,6843.41,0,Active,2024-11-17
CC006330,C14527,Gold,100400.0,34057.69,499,Active,2022-04-11
CC006331,C07287,Classic,63700.0,5820.19,999,Active,2024-09-20
CC006332,C01704,Gold,106100.0,7606.33,499,Active,2024-05-26
CC006333,C00989,Classic,67200.0,24754.2,0,Active,2024-11-24
CC006334,C02656,Signature,62700.0,24465.19,0,Active,2023-02-08
CC006335,C11686,Platinum,40700.0,14157.75,0,Active,2023-07-11
CC006336,C14811,Classic,42200.0,15564.8,999,Active,2025-09-13
CC006337,C06234,Platinum,60500.0,22984.06,999,Active,2024-07-08
CC006338,C12611,Classic,26800.0,12438.42,2999,Blocked,2022-01-27
CC006339,C11025,Platinum,149500.0,60592.97,999,Active,2024-01-11
CC006340,C02138,Gold,85400.0,44634.6,0,Active,2024-03-25
CC006341,C01783,Classic,20000.0,4136.7,1999,Active,2022-05-25
CC006342,C03659,Classic,80800.0,8082.94,499,Active,2024-12-12
CC006343,C13504,Platinum,20000.0,807.21,1999,Active,2023-12-29
CC006344,C09860,Classic,39100.0,11968.9,999,Active,2025-08-26
CC006345,C11488,Platinum,42300.0,17501.12,1999,Active,2023-08-26
CC006346,C02212,Classic,83400.0,9143.96,1999,Active,2024-03-28
CC006347,C06821,Classic,20000.0,2633.02,999,Active,2023-04-02
CC006348,C14784,Platinum,61300.0,8525.4,499,Active,2023-03-07
CC006349,C13885,Signature,54500.0,13101.54,0,Active,2025-04-20
CC006350,C00417,Platinum,52900.0,11999.72,499,Active,2025-09-16
CC006351,C09475,Classic,51000.0,26349.85,0,Closed,2024-09-12
CC006352,C10801,Gold,41600.0,11548.24,0,Active,2024-12-23
CC006353,C03599,Platinum,83700.0,6944.11,499,Active,2022-06-21
CC006354,C12347,Classic,33600.0,15735.91,999,Closed,2024-08-05
CC006355,C08524,Classic,26100.0,7356.05,0,Closed,2023-10-31
CC006356,C12353,Signature,109400.0,76420.66,499,Active,2022-07-21
CC006357,C05539,Signature,75500.0,30291.71,499,Active,2025-01-22
CC006358,C01008,Classic,78000.0,27689.2,0,Blocked,2024-05-06
CC006359,C13472,Classic,32800.0,2381.14,1999,Active,2024-11-02
CC006360,C09376,Classic,53100.0,8636.51,999,Active,2022-02-17
CC006361,C10248,Platinum,102400.0,59742.01,999,Active,2023-05-12
CC006362,C00627,Gold,31400.0,11300.35,0,Active,2023-07-19
CC006363,C00916,Gold,32600.0,7918.35,499,Active,2025-06-17
CC006364,C04233,Platinum,38700.0,1960.1,0,Active,2023-02-10
CC006365,C12905,Platinum,20000.0,8438.51,499,Active,2022-09-29
CC006366,C01346,Gold,74900.0,22398.75,2999,Active,2025-07-31
CC006367,C02847,Platinum,47500.0,4530.23,1999,Active,2024-03-21
CC006368,C11045,Gold,46100.0,27228.61,499,Active,2025-04-18
CC006369,C05097,Gold,31500.0,6834.97,999,Active,2023-02-13
CC006370,C07568,Gold,41300.0,12636.25,1999,Active,2024-10-24
CC006371,C00816,Classic,41400.0,4170.04,2999,Active,2023-04-24
CC006372,C06436,Platinum,118400.0,31541.58,2999,Active,2024-09-18
CC006373,C04617,Signature,86200.0,18465.2,999,Active,2024-11-07
CC006374,C00611,Classic,81600.0,22715.38,0,Active,2025-07-17
CC006375,C09260,Platinum,82300.0,26969.08,1999,Active,2024-05-26
CC006376,C11010,Platinum,39000.0,16444.31,499,Active,2022-04-08
CC006377,C03308,Classic,68900.0,8501.07,499,Active,2022-05-26
CC006378,C12157,Classic,95500.0,22983.76,0,Active,2022-01-16
CC006379,C07174,Gold,90100.0,35059.88,499,Blocked,2023-11-08
CC006380,C12854,Classic,67200.0,19175.22,2999,Active,2024-03-02
CC006381,C08462,Gold,39900.0,11650.41,499,Active,2023-05-14
CC006382,C04754,Gold,21200.0,577.51,2999,Closed,2023-10-13
CC006383,C00366,Classic,76700.0,12549.16,499,Active,2025-04-30
CC006384,C06476,Gold,34400.0,16174.85,0,Active,2022-12-13
CC006385,C09811,Classic,117100.0,10687.72,499,Active,2024-09-12
CC006386,C06740,Signature,21600.0,6222.7,499,Active,2025-04-13
CC006387,C10211,Platinum,246700.0,31412.64,2999,Active,2024-07-01
CC006388,C12708,Gold,141500.0,19329.24,499,Active,2025-08-03
CC006389,C01510,Gold,148700.0,27705.35,0,Closed,2025-08-17
CC006390,C07408,Platinum,20700.0,10877.88,0,Active,2023-10-10
CC006391,C03223,Classic,20000.0,6724.51,1999,Active,2022-07-13
CC006392,C14111,Signature,63900.0,33962.92,999,Active,2023-06-09
CC006393,C02716,Classic,106800.0,30331.98,0,Active,2024-08-15
CC006394,C12411,Platinum,22600.0,4213.49,499,Closed,2023-04-07
CC006395,C13730,Gold,20000.0,1228.77,499,Active,2022-01-10
CC006396,C11033,Gold,27900.0,6180.07,999,Active,2024-09-22
CC006397,C01152,Platinum,30500.0,3599.03,0,Blocked,2023-03-02
CC006398,C02980,Platinum,40400.0,13638.39,0,Active,2022-04-17
CC006399,C01228,Classic,71400.0,12994.11,2999,Active,2024-06-16
CC006400,C02994,Classic,124700.0,52383.23,0,Active,2023-10-19
CC006401,C07338,Gold,35900.0,9740.27,2999,Active,2024-09-01
CC006402,C05921,Classic,84800.0,20799.18,499,Active,2023-12-12
CC006403,C10430,Classic,20000.0,3298.04,1999,Active,2023-01-21
CC006404,C01273,Platinum,28900.0,6499.45,1999,Active,2024-07-28
CC006405,C10066,Platinum,36700.0,3939.67,499,Active,2022-04-10
CC006406,C12782,Gold,25300.0,695.8,0,Active,2025-03-29
CC006407,C12847,Gold,48300.0,14203.8,0,Active,2025-09-22
CC006408,C10138,Gold,30300.0,606.0,1999,Active,2023-03-16
CC006409,C13539,Gold,49600.0,2871.15,999,Active,2025-04-22
CC006410,C00272,Classic,55400.0,16723.61,499,Active,2024-03-13
CC006411,C12731,Classic,41900.0,7713.78,1999,Active,2025-11-21
CC006412,C13167,Gold,44700.0,18268.09,999,Active,2024-01-10
CC006413,C03290,Signature,30000.0,15075.62,499,Active,2024-07-26
CC006414,C01352,Platinum,26400.0,14386.81,0,Active,2024-01-03
CC006415,C03624,Platinum,79100.0,20826.76,999,Active,2024-09-29
CC006416,C00164,Gold,20000.0,4086.88,0,Active,2023-05-02
CC006417,C01270,Gold,33600.0,17976.78,0,Blocked,2022-02-18
CC006418,C09110,Platinum,20000.0,6673.14,499,Active,2024-01-17
CC006419,C04704,Classic,66400.0,11632.28,999,Active,2023-12-02
CC006420,C03146,Classic,101400.0,50909.24,999,Active,2025-05-13
CC006421,C11234,Classic,27300.0,15765.14,499,Active,2023-04-20
CC006422,C03383,Classic,159700.0,62229.97,499,Active,2024-05-29
CC006423,C04095,Gold,20000.0,6746.99,1999,Active,2024-05-11
CC006424,C07785,Classic,28700.0,7209.97,499,Active,2024-08-16
CC006425,C12567,Platinum,27800.0,9219.99,0,Active,2023-05-05
CC006426,C07992,Signature,53300.0,6522.39,0,Active,2023-10-20
CC006427,C09370,Classic,27300.0,5340.02,2999,Active,2023-08-19
CC006428,C05872,Signature,43200.0,7276.05,999,Active,2025-12-06
CC006429,C02461,Classic,49900.0,9042.69,1999,Active,2025-10-24
CC006430,C02552,Classic,20000.0,5602.14,0,Active,2025-09-19
CC006431,C08028,Platinum,98600.0,26989.28,499,Active,2024-09-04
CC006432,C13951,Gold,50200.0,17152.38,0,Active,2022-01-17
CC006433,C06556,Platinum,65600.0,19695.33,0,Active,2023-09-03
CC006434,C02885,Platinum,62400.0,29319.31,0,Active,2025-01-04
CC006435,C08135,Classic,58200.0,11119.8,0,Blocked,2022-10-06
CC006436,C07366,Platinum,79500.0,27333.21,999,Active,2025-11-08
CC006437,C05209,Gold,83100.0,8466.07,1999,Active,2025-12-29
CC006438,C14889,Signature,68200.0,24851.2,0,Blocked,2025-03-27
CC006439,C07657,Classic,162200.0,12753.31,1999,Active,2022-03-02
CC006440,C04612,Classic,22500.0,7875.52,499,Active,2022-11-22
CC006441,C08566,Classic,67900.0,16614.84,0,Active,2022-09-23
CC006442,C05844,Classic,20000.0,7189.76,0,Active,2022-05-22
CC006443,C04839,Classic,40700.0,6708.28,0,Active,2023-01-20
CC006444,C03454,Classic,66800.0,3548.9,0,Active,2024-11-13
CC006445,C08462,Platinum,28300.0,16608.53,2999,Active,2024-12-22
CC006446,C11295,Platinum,163800.0,37848.95,499,Active,2024-05-22
CC006447,C07554,Classic,27600.0,7553.05,499,Active,2022-02-14
CC006448,C07215,Classic,38400.0,9118.73,0,Active,2025-10-07
CC006449,C03291,Gold,54500.0,38079.37,999,Active,2023-08-04
CC006450,C01830,Gold,69000.0,21227.1,0,Active,2022-01-24
CC006451,C10017,Classic,38300.0,9020.2,999,Active,2024-04-16
CC006452,C03926,Classic,20000.0,7249.16,999,Active,2023-04-19
CC006453,C07227,Classic,21200.0,8909.13,1999,Active,2025-02-15
CC006454,C05667,Gold,75200.0,29093.77,0,Active,2024-08-24
CC006455,C11885,Platinum,61600.0,13285.52,1999,Blocked,2024-05-18
CC006456,C03680,Classic,32300.0,10427.24,499,Active,2022-03-28
CC006457,C01179,Gold,29800.0,24784.11,999,Active,2024-11-26
CC006458,C01046,Platinum,31200.0,7117.13,499,Active,2024-12-08
CC006459,C12998,Platinum,58800.0,4111.64,0,Active,2024-03-12
CC006460,C05127,Platinum,52900.0,13181.73,999,Active,2023-02-05
CC006461,C10669,Platinum,78200.0,25864.04,499,Active,2022-02-05
CC006462,C13743,Gold,36800.0,9076.46,499,Active,2023-05-22
CC006463,C12098,Classic,34700.0,6538.92,1999,Active,2024-04-22
CC006464,C01220,Platinum,37400.0,16540.48,0,Active,2024-07-11
CC006465,C11775,Classic,20000.0,10026.83,999,Active,2023-12-28
CC006466,C13950,Signature,22900.0,4733.26,499,Active,2024-12-20
CC006467,C04749,Classic,36200.0,7394.03,1999,Active,2023-01-01
CC006468,C12971,Platinum,20000.0,4834.53,0,Active,2022-08-08
CC006469,C00693,Classic,20000.0,7457.28,0,Blocked,2023-02-28
CC006470,C13976,Platinum,55400.0,2242.95,999,Closed,2023-01-02
CC006471,C11126,Classic,83500.0,21931.86,499,Active,2024-03-21
CC006472,C12605,Platinum,39100.0,11775.36,0,Active,2023-07-30
CC006473,C10444,Classic,22100.0,7336.91,499,Active,2025-12-11
CC006474,C07855,Classic,42700.0,7964.58,0,Active,2024-04-02
CC006475,C14014,Classic,53400.0,11140.55,499,Active,2023-01-28
CC006476,C08074,Gold,23300.0,7429.94,999,Active,2025-09-24
CC006477,C03409,Platinum,45300.0,12301.39,499,Active,2022-02-10
CC006478,C03713,Gold,74400.0,11812.97,0,Active,2025-08-06
CC006479,C14318,Gold,20000.0,7945.57,999,Active,2025-02-26
CC006480,C02073,Platinum,23200.0,2232.07,1999,Active,2022-01-06
CC006481,C04438,Platinum,209400.0,60711.61,499,Active,2022-04-25
CC006482,C01344,Platinum,49700.0,38343.76,0,Active,2024-02-21
CC006483,C11679,Classic,33600.0,10548.67,2999,Active,2023-10-10
CC006484,C10943,Gold,69200.0,23135.28,999,Active,2022-03-11
CC006485,C01125,Classic,375200.0,61469.35,0,Active,2024-01-10
CC006486,C01153,Gold,87600.0,12173.84,999,Active,2022-06-09
CC006487,C04547,Gold,74600.0,13746.59,0,Active,2024-07-25
CC006488,C00432,Platinum,24600.0,12616.38,1999,Active,2024-10-14
CC006489,C07721,Classic,52100.0,20159.17,999,Active,2024-12-26
CC006490,C12226,Classic,25500.0,8358.04,0,Active,2022-11-08
CC006491,C02146,Gold,42800.0,21310.02,1999,Active,2024-02-23
CC006492,C02930,Classic,35300.0,8073.82,1999,Active,2022-03-22
CC006493,C02425,Platinum,34800.0,20292.33,2999,Active,2024-07-20
CC006494,C09257,Signature,38100.0,17505.68,1999,Active,2025-01-23
CC006495,C13938,Gold,146900.0,63987.78,499,Active,2024-05-10
CC006496,C00646,Gold,63700.0,49223.22,2999,Active,2024-03-05
CC006497,C02885,Platinum,71300.0,38814.46,0,Active,2022-11-03
CC006498,C07423,Platinum,56000.0,26157.1,0,Active,2023-10-18
CC006499,C07470,Gold,112400.0,29789.34,999,Active,2023-01-14
CC006500,C08975,Platinum,47200.0,10850.0,999,Active,2023-02-11
CC006501,C01087,Gold,63700.0,22961.0,499,Active,2023-09-14
CC006502,C06692,Gold,45200.0,6374.75,0,Active,2023-07-22
CC006503,C03099,Classic,105000.0,42935.62,0,Blocked,2022-12-06
CC006504,C01124,Platinum,36500.0,2887.8,499,Active,2025-10-11
CC006505,C06919,Classic,50700.0,17517.04,1999,Active,2024-07-26
CC006506,C13725,Classic,37100.0,13524.68,499,Active,2024-03-29
CC006507,C09957,Platinum,42000.0,9898.33,1999,Active,2024-07-11
CC006508,C06977,Classic,99300.0,25757.58,499,Active,2022-01-08
CC006509,C04904,Classic,29000.0,10449.16,499,Active,2025-11-21
CC006510,C05117,Classic,43500.0,10900.41,999,Closed,2022-01-19
CC006511,C14189,Platinum,155400.0,43351.61,1999,Active,2024-11-21
CC006512,C01268,Signature,126100.0,50321.15,0,Active,2024-06-21
CC006513,C12033,Signature,111200.0,33849.1,499,Active,2023-11-11
CC006514,C02675,Classic,20000.0,9101.03,0,Blocked,2023-12-21
CC006515,C05693,Classic,39300.0,1369.34,999,Active,2024-02-10
CC006516,C09016,Gold,64200.0,18829.24,0,Active,2024-07-26
CC006517,C11974,Gold,26900.0,7306.1,0,Active,2022-04-04
CC006518,C04103,Classic,28500.0,1516.71,499,Active,2022-03-21
CC006519,C08026,Platinum,61200.0,28681.54,1999,Active,2024-04-14
CC006520,C09481,Signature,67300.0,15391.11,0,Active,2025-11-03
CC006521,C08229,Classic,58600.0,8042.76,0,Active,2025-09-05
CC006522,C11469,Classic,78000.0,35208.57,0,Active,2024-06-19
CC006523,C10002,Gold,56300.0,23077.66,499,Blocked,2022-04-15
CC006524,C03053,Gold,79000.0,10487.6,499,Active,2024-03-21
CC006525,C03305,Platinum,29000.0,6242.04,499,Active,2023-11-24
CC006526,C08295,Platinum,198300.0,40984.19,0,Active,2024-06-07
CC006527,C13104,Platinum,91600.0,22321.72,999,Closed,2025-09-30
CC006528,C04402,Gold,55100.0,3824.3,1999,Closed,2022-07-02
CC006529,C12756,Classic,56400.0,18944.27,999,Active,2024-06-08
CC006530,C14666,Platinum,53300.0,4349.22,2999,Active,2024-06-23
CC006531,C06134,Platinum,47000.0,3709.72,999,Active,2023-06-09
CC006532,C03160,Classic,36600.0,4094.42,0,Active,2022-09-20
CC006533,C13467,Classic,41700.0,4930.37,999,Active,2022-05-09
CC006534,C07043,Platinum,52800.0,25086.31,999,Blocked,2025-02-24
CC006535,C08844,Gold,103700.0,4850.42,1999,Active,2022-10-17
CC006536,C03693,Classic,48900.0,7545.05,0,Active,2023-07-24
CC006537,C07263,Gold,20000.0,1113.76,0,Active,2025-02-03
CC006538,C00179,Gold,71600.0,28090.81,1999,Blocked,2025-04-26
CC006539,C06426,Gold,117400.0,30932.11,999,Active,2025-08-03
CC006540,C13825,Gold,53900.0,16231.44,499,Active,2022-03-01
CC006541,C09997,Gold,76500.0,21977.24,0,Active,2025-03-24
CC006542,C07773,Signature,194200.0,104871.29,0,Active,2023-04-13
CC006543,C07024,Classic,50500.0,21123.97,499,Active,2022-07-19
CC006544,C14754,Platinum,20000.0,4752.73,0,Blocked,2022-01-16
CC006545,C13186,Classic,41600.0,10351.67,499,Active,2025-10-20
CC006546,C11470,Classic,54400.0,23598.62,499,Active,2025-07-15
CC006547,C04099,Platinum,34900.0,11909.85,0,Active,2024-04-19
CC006548,C10157,Platinum,56000.0,32225.17,1999,Active,2025-04-24
CC006549,C02512,Platinum,20000.0,4353.68,0,Active,2023-07-20
CC006550,C13514,Classic,24600.0,5921.65,999,Active,2024-02-28
CC006551,C14150,Classic,54700.0,3664.83,499,Active,2022-09-23
CC006552,C05336,Signature,235900.0,51988.88,499,Active,2022-04-14
CC006553,C09571,Platinum,25300.0,10177.37,499,Active,2023-12-17
CC006554,C11871,Signature,149800.0,3213.29,1999,Active,2024-01-02
CC006555,C03191,Platinum,58400.0,5198.94,499,Active,2022-08-12
CC006556,C11443,Classic,56300.0,24525.95,1999,Active,2025-03-14
CC006557,C04276,Platinum,20000.0,6379.51,499,Active,2024-04-27
CC006558,C01212,Classic,142400.0,73602.27,1999,Closed,2025-06-11
CC006559,C14976,Classic,74300.0,27737.81,0,Active,2022-07-12
CC006560,C13406,Signature,24800.0,8764.44,0,Active,2022-10-23
CC006561,C00646,Classic,48900.0,14568.22,1999,Active,2022-08-18
CC006562,C01728,Signature,139300.0,80273.33,0,Active,2024-11-10
CC006563,C07771,Classic,110400.0,63460.21,1999,Active,2023-09-07
CC006564,C00419,Gold,26900.0,15421.47,499,Active,2023-06-14
CC006565,C14759,Platinum,80600.0,2808.54,499,Closed,2025-02-10
CC006566,C07916,Classic,205700.0,54891.45,999,Active,2023-08-20
CC006567,C10494,Classic,33100.0,13029.65,0,Active,2025-08-16
CC006568,C13202,Gold,75300.0,30442.66,499,Closed,2022-02-05
CC006569,C01680,Classic,54100.0,8783.29,499,Active,2023-03-14
CC006570,C14288,Classic,145700.0,48575.45,2999,Active,2024-10-02
CC006571,C09046,Gold,50400.0,29733.36,0,Active,2023-09-21
CC006572,C02960,Gold,75500.0,28636.87,499,Closed,2023-06-03
CC006573,C02297,Classic,49200.0,12932.35,999,Active,2025-05-28
CC006574,C13773,Classic,27100.0,13202.66,1999,Active,2022-04-24
CC006575,C03144,Gold,101400.0,55706.18,0,Active,2024-06-14
CC006576,C08963,Classic,42500.0,20717.34,1999,Active,2022-06-18
CC006577,C06544,Signature,37400.0,16400.34,1999,Active,2025-06-19
CC006578,C00598,Gold,60800.0,41675.8,999,Active,2022-10-11
CC006579,C01999,Gold,48500.0,8685.98,1999,Active,2023-03-28
CC006580,C05905,Gold,50100.0,11267.06,0,Active,2023-07-20
CC006581,C13666,Classic,59400.0,35462.65,1999,Active,2025-09-20
CC006582,C09447,Gold,92000.0,23933.64,1999,Active,2022-02-14
CC006583,C11913,Classic,68800.0,9169.14,0,Active,2022-06-16
CC006584,C06296,Platinum,33300.0,7294.24,999,Active,2025-10-19
CC006585,C06957,Signature,43200.0,11684.51,499,Active,2022-04-03
CC006586,C08297,Classic,84200.0,36177.04,0,Active,2025-10-22
CC006587,C14187,Signature,20000.0,3579.41,0,Active,2025-06-17
CC006588,C09709,Classic,20000.0,6027.98,1999,Active,2025-02-14
CC006589,C02219,Classic,20800.0,988.4,1999,Active,2025-04-14
CC006590,C05161,Gold,136400.0,41353.74,0,Closed,2023-03-26
CC006591,C13624,Signature,30400.0,11274.9,1999,Active,2023-09-27
CC006592,C06047,Classic,28900.0,6041.62,1999,Active,2023-09-09
CC006593,C09794,Platinum,24500.0,8952.64,999,Active,2023-05-03
CC006594,C04527,Classic,20000.0,3367.4,1999,Active,2023-03-07
CC006595,C03483,Platinum,59900.0,9795.26,999,Active,2023-07-27
CC006596,C00354,Platinum,43600.0,15525.16,499,Active,2024-06-18
CC006597,C00094,Classic,98800.0,52954.47,0,Active,2022-08-12
CC006598,C02224,Classic,20000.0,5148.9,0,Active,2024-02-12
CC006599,C11946,Platinum,33000.0,6585.83,999,Active,2025-09-17
CC006600,C07144,Classic,31600.0,5815.66,499,Active,2023-03-19
CC006601,C04589,Platinum,63400.0,14258.96,499,Active,2022-02-25
CC006602,C14792,Classic,78100.0,15439.39,999,Active,2025-08-16
CC006603,C12475,Platinum,39300.0,17674.52,0,Active,2022-01-31
CC006604,C11711,Platinum,20000.0,7626.68,999,Active,2022-01-18
CC006605,C05535,Gold,69800.0,5632.78,0,Active,2022-09-20
CC006606,C09170,Platinum,85400.0,18884.03,0,Active,2023-12-22
CC006607,C10752,Platinum,35300.0,4122.06,499,Active,2025-09-29
CC006608,C14970,Gold,83200.0,13959.27,499,Active,2024-09-28
CC006609,C06807,Platinum,64900.0,14248.71,499,Closed,2025-04-03
CC006610,C08827,Classic,29700.0,973.62,499,Active,2024-12-11
CC006611,C08203,Gold,33700.0,6738.19,0,Active,2022-04-21
CC006612,C05816,Platinum,31600.0,9380.01,999,Blocked,2023-05-11
CC006613,C12698,Classic,20000.0,2508.27,999,Active,2025-08-15
CC006614,C12702,Platinum,149500.0,65426.98,0,Active,2023-10-03
CC006615,C09364,Classic,29100.0,14102.9,499,Active,2022-01-11
CC006616,C11768,Classic,68400.0,14201.42,499,Active,2025-02-20
CC006617,C14878,Signature,45600.0,3987.71,0,Active,2025-12-01
CC006618,C14732,Gold,52100.0,23704.88,1999,Active,2025-01-06
CC006619,C14068,Classic,113200.0,58472.77,499,Active,2025-05-03
CC006620,C13347,Gold,119800.0,11978.16,1999,Active,2022-09-22
CC006621,C06765,Classic,38800.0,11219.93,1999,Active,2022-08-02
CC006622,C00152,Classic,94600.0,25824.74,1999,Active,2025-08-24
CC006623,C04878,Gold,46300.0,30849.11,499,Active,2024-10-25
CC006624,C14249,Classic,42300.0,6086.23,999,Active,2023-08-06
CC006625,C04307,Classic,96400.0,47086.54,0,Active,2024-12-05
CC006626,C02824,Signature,77500.0,39177.67,0,Active,2023-01-07
CC006627,C07666,Platinum,20000.0,8873.09,499,Active,2024-09-12
CC006628,C01481,Classic,30000.0,11013.95,499,Active,2024-08-19
CC006629,C05246,Platinum,86500.0,29541.04,0,Active,2022-08-21
CC006630,C13246,Classic,145200.0,40306.15,0,Active,2025-02-04
CC006631,C07396,Gold,35000.0,5394.85,0,Active,2024-05-06
CC006632,C02638,Platinum,109100.0,14835.13,0,Active,2023-08-06
CC006633,C04391,Gold,23600.0,13780.87,0,Active,2025-03-27
CC006634,C03107,Classic,26200.0,9054.94,999,Active,2022-12-24
CC006635,C14707,Gold,58200.0,13063.65,0,Active,2024-08-09
CC006636,C07489,Gold,37300.0,20955.68,1999,Active,2022-11-09
CC006637,C03585,Gold,26500.0,4551.5,999,Closed,2025-05-20
CC006638,C00483,Platinum,71700.0,3558.94,0,Active,2025-12-27
CC006639,C01845,Classic,70100.0,19022.45,0,Active,2025-04-03
CC006640,C14665,Signature,56000.0,28067.09,1999,Active,2025-09-01
CC006641,C08791,Classic,53100.0,28382.33,999,Active,2023-11-15
CC006642,C06535,Platinum,49200.0,25662.18,999,Active,2022-11-01
CC006643,C03577,Platinum,20000.0,5587.63,999,Active,2024-09-21
CC006644,C08771,Classic,77600.0,18622.87,1999,Active,2022-11-09
CC006645,C12928,Signature,28300.0,1448.7,999,Blocked,2025-09-27
CC006646,C00059,Classic,20000.0,4481.52,1999,Active,2024-10-20
CC006647,C01875,Signature,28400.0,2125.38,499,Active,2024-07-25
CC006648,C10247,Platinum,26500.0,5378.99,1999,Active,2024-01-04
CC006649,C09054,Platinum,22700.0,6408.85,499,Active,2025-10-10
CC006650,C02534,Gold,34700.0,16503.23,0,Active,2022-02-25
CC006651,C12813,Classic,82100.0,25707.9,499,Active,2024-03-25
CC006652,C04643,Platinum,99200.0,28280.21,499,Active,2024-11-27
CC006653,C08334,Platinum,23100.0,5154.68,999,Active,2022-11-23
CC006654,C06720,Signature,20000.0,3038.29,0,Active,2023-03-03
CC006655,C01327,Gold,35600.0,15213.38,499,Active,2025-01-07
CC006656,C01137,Gold,32300.0,15189.35,0,Active,2025-07-02
CC006657,C04169,Classic,47400.0,29653.86,999,Active,2022-11-19
CC006658,C13379,Gold,70500.0,32140.13,0,Active,2024-01-07
CC006659,C04808,Platinum,25100.0,8992.39,499,Active,2023-06-09
CC006660,C03517,Gold,72500.0,11588.05,0,Active,2025-02-06
CC006661,C02424,Classic,28500.0,16387.41,999,Active,2024-08-23
CC006662,C02781,Signature,38700.0,20376.66,499,Closed,2024-01-20
CC006663,C14874,Gold,70700.0,13068.92,499,Active,2022-01-03
CC006664,C11995,Gold,47300.0,25453.85,1999,Active,2025-06-09
CC006665,C13805,Platinum,96700.0,19923.68,0,Active,2025-08-31
CC006666,C11172,Platinum,20000.0,9159.47,1999,Active,2022-09-22
CC006667,C01545,Classic,60700.0,14730.67,0,Active,2023-07-21
CC006668,C07484,Classic,22100.0,13087.53,1999,Active,2025-05-06
CC006669,C03351,Platinum,46900.0,11355.19,0,Active,2023-06-07
CC006670,C04643,Platinum,86200.0,10386.36,999,Active,2024-10-25
CC006671,C04419,Signature,20700.0,1565.34,499,Active,2025-06-26
CC006672,C00366,Gold,111300.0,40527.61,999,Active,2023-09-15
CC006673,C02210,Gold,81700.0,21549.57,499,Closed,2024-05-30
CC006674,C01928,Gold,30600.0,4110.83,1999,Closed,2022-02-21
CC006675,C11377,Gold,99700.0,34577.41,1999,Active,2022-05-17
CC006676,C01561,Classic,66200.0,38722.39,999,Active,2025-05-07
CC006677,C14653,Platinum,23300.0,3717.05,499,Active,2022-06-21
CC006678,C11839,Signature,42200.0,5657.7,999,Active,2022-04-12
CC006679,C01172,Classic,20700.0,3171.19,0,Active,2023-12-21
CC006680,C05954,Platinum,51100.0,25205.07,0,Active,2023-11-08
CC006681,C08250,Gold,20000.0,9495.5,0,Active,2025-10-09
CC006682,C12775,Platinum,110800.0,48140.58,2999,Active,2022-12-12
CC006683,C03952,Platinum,60900.0,7640.08,499,Active,2022-02-11
CC006684,C12830,Gold,20000.0,4554.76,999,Blocked,2024-03-25
CC006685,C10235,Gold,25000.0,19777.48,0,Active,2024-04-23
CC006686,C02614,Platinum,63800.0,14447.94,0,Active,2024-05-10
CC006687,C10697,Gold,226700.0,82440.19,499,Active,2022-12-17
CC006688,C01362,Classic,34200.0,6790.0,499,Active,2023-07-30
CC006689,C05469,Platinum,34100.0,8975.04,0,Active,2025-12-21
CC006690,C13711,Classic,62100.0,2693.58,0,Active,2024-12-27
CC006691,C07705,Platinum,38100.0,16665.17,0,Active,2025-07-14
CC006692,C10725,Platinum,34000.0,10840.64,1999,Active,2023-11-10
CC006693,C00265,Platinum,21400.0,10451.69,1999,Active,2023-02-20
CC006694,C02320,Gold,40200.0,11139.72,499,Active,2024-09-09
CC006695,C02163,Classic,91500.0,35171.06,2999,Closed,2022-06-02
CC006696,C10059,Classic,136100.0,39682.29,499,Active,2023-10-07
CC006697,C13040,Classic,61700.0,25595.64,1999,Closed,2024-12-26
CC006698,C01238,Gold,40600.0,13313.89,999,Active,2025-11-13
CC006699,C11494,Platinum,55600.0,6108.25,0,Active,2024-07-09
CC006700,C08697,Classic,126500.0,46063.67,2999,Active,2023-12-21
CC006701,C08842,Platinum,20000.0,2263.8,0,Active,2025-01-31
CC006702,C11927,Platinum,28200.0,12831.53,0,Blocked,2024-04-22
CC006703,C09206,Classic,44800.0,19288.54,0,Blocked,2025-08-29
CC006704,C09811,Gold,34100.0,9906.12,0,Active,2022-02-25
CC006705,C13487,Platinum,54700.0,15502.75,499,Active,2022-07-31
CC006706,C11199,Classic,70500.0,17390.4,499,Active,2023-06-07
CC006707,C04194,Gold,38100.0,7759.37,0,Active,2024-11-13
CC006708,C01860,Gold,46800.0,9353.75,0,Active,2023-10-20
CC006709,C05082,Classic,73200.0,23210.49,0,Active,2024-11-04
CC006710,C09024,Classic,25700.0,5451.14,1999,Active,2023-10-24
CC006711,C03325,Classic,35600.0,16843.43,1999,Active,2025-07-28
CC006712,C11520,Signature,30700.0,11029.73,999,Blocked,2025-12-25
CC006713,C03477,Gold,20000.0,2905.17,999,Active,2023-07-16
CC006714,C07706,Platinum,43300.0,23878.93,0,Active,2023-09-20
CC006715,C11322,Signature,36400.0,15338.95,499,Active,2022-01-07
CC006716,C14204,Gold,64900.0,16230.3,0,Active,2024-05-24
CC006717,C14385,Gold,20000.0,9137.76,2999,Active,2025-02-08
CC006718,C11358,Classic,46500.0,19135.67,499,Closed,2025-10-20
CC006719,C04755,Classic,20000.0,7366.36,0,Active,2022-12-29
CC006720,C10953,Classic,55900.0,16091.7,499,Active,2023-01-10
CC006721,C02135,Gold,26300.0,13440.56,1999,Active,2024-02-28
CC006722,C09864,Platinum,76300.0,36418.89,2999,Active,2023-02-05
CC006723,C07118,Classic,20000.0,10741.55,999,Active,2022-03-26
CC006724,C14796,Gold,39500.0,18688.2,499,Active,2025-04-18
CC006725,C01338,Gold,20700.0,7621.3,0,Active,2022-02-15
CC006726,C05744,Signature,24600.0,5177.89,999,Active,2024-09-25
CC006727,C01735,Gold,20000.0,1964.06,499,Closed,2024-08-19
CC006728,C07508,Gold,33000.0,14349.22,1999,Active,2022-03-23
CC006729,C04764,Platinum,34700.0,16834.05,0,Active,2022-03-17
CC006730,C09791,Gold,122200.0,52536.91,0,Active,2022-03-17
CC006731,C11931,Classic,20000.0,6175.23,999,Blocked,2023-07-18
CC006732,C12215,Gold,42900.0,12258.33,999,Active,2025-10-06
CC006733,C03863,Platinum,21500.0,9574.56,499,Active,2022-12-06
CC006734,C08449,Platinum,60100.0,1652.2,999,Active,2023-11-05
CC006735,C07152,Platinum,118400.0,34607.03,1999,Closed,2023-07-19
CC006736,C08553,Classic,58300.0,17987.08,999,Active,2023-06-06
CC006737,C01382,Platinum,28600.0,18948.95,499,Active,2025-04-03
CC006738,C11261,Classic,30300.0,14543.05,1999,Active,2025-01-21
CC006739,C12648,Platinum,63600.0,36422.01,0,Active,2024-06-18
CC006740,C07084,Gold,20900.0,11113.26,0,Active,2023-09-23
CC006741,C03117,Platinum,26900.0,1295.85,499,Active,2022-01-27
CC006742,C05438,Signature,34500.0,2018.95,0,Active,2025-06-01
CC006743,C12077,Classic,23800.0,10988.95,999,Active,2022-02-27
CC006744,C06813,Platinum,22700.0,2447.56,999,Active,2022-02-05
CC006745,C03445,Classic,144900.0,47938.68,0,Closed,2025-10-24
CC006746,C04303,Platinum,20000.0,1726.86,1999,Active,2022-01-21
CC006747,C00671,Gold,20000.0,8683.22,1999,Active,2022-07-17
CC006748,C03228,Gold,42300.0,7030.37,2999,Active,2023-09-04
CC006749,C02396,Classic,57900.0,20523.53,0,Active,2023-10-28
CC006750,C13840,Classic,69600.0,21761.11,499,Active,2024-11-09
CC006751,C09214,Gold,55900.0,22887.03,999,Active,2023-06-14
CC006752,C12500,Classic,33100.0,18318.73,0,Active,2024-08-05
CC006753,C12274,Classic,20000.0,4802.82,499,Active,2024-06-21
CC006754,C01290,Classic,20000.0,5688.7,0,Active,2023-03-15
CC006755,C11790,Classic,70600.0,34578.72,0,Active,2023-02-25
CC006756,C07784,Signature,34800.0,8554.85,999,Active,2023-06-20
CC006757,C14856,Gold,34500.0,5685.46,499,Active,2024-06-26
CC006758,C10849,Classic,67300.0,12929.19,499,Active,2023-07-21
CC006759,C13686,Gold,80800.0,17827.28,999,Active,2024-02-06
CC006760,C10483,Gold,125300.0,45087.28,0,Active,2023-05-03
CC006761,C09719,Gold,262800.0,33631.82,0,Active,2024-08-21
CC006762,C00083,Gold,20000.0,3982.81,1999,Blocked,2023-08-13
CC006763,C13690,Platinum,41900.0,6789.42,999,Active,2025-07-31
CC006764,C12723,Platinum,23600.0,5676.67,0,Active,2022-12-14
CC006765,C08686,Gold,61500.0,11584.33,499,Active,2025-10-06
CC006766,C09650,Platinum,45300.0,10038.42,1999,Active,2025-07-10
CC006767,C09092,Classic,26300.0,4103.24,999,Active,2025-12-24
CC006768,C10318,Classic,73900.0,26056.28,1999,Active,2025-01-31
CC006769,C06253,Gold,42600.0,16327.32,0,Active,2024-01-07
CC006770,C12377,Gold,29200.0,12356.07,0,Closed,2023-05-22
CC006771,C02941,Gold,31200.0,7182.07,499,Active,2024-09-18
CC006772,C05548,Platinum,52200.0,21695.04,2999,Active,2022-11-01
CC006773,C10895,Platinum,89300.0,16715.96,499,Closed,2023-02-25
CC006774,C07202,Platinum,86900.0,37733.46,1999,Active,2025-03-03
CC006775,C08714,Gold,20000.0,6111.14,1999,Closed,2022-09-02
CC006776,C00505,Classic,81200.0,11261.71,499,Active,2022-02-23
CC006777,C13503,Classic,87700.0,44206.58,499,Active,2025-11-07
CC006778,C12650,Platinum,48800.0,11157.02,999,Active,2024-11-04
CC006779,C04679,Classic,73600.0,9237.5,499,Active,2024-09-18
CC006780,C02582,Gold,33800.0,5383.86,499,Active,2022-06-14
CC006781,C02368,Gold,24700.0,5417.51,499,Active,2022-06-23
CC006782,C13536,Platinum,125900.0,55956.45,1999,Active,2024-10-24
CC006783,C09608,Gold,70400.0,19381.71,999,Active,2025-03-05
CC006784,C02383,Signature,44400.0,11959.96,0,Closed,2025-10-01
CC006785,C08260,Gold,23700.0,5598.32,0,Active,2024-07-23
CC006786,C02571,Classic,81800.0,24760.15,499,Active,2024-02-05
CC006787,C13197,Classic,20000.0,7572.23,1999,Blocked,2023-04-10
CC006788,C11453,Platinum,32500.0,6335.59,499,Active,2024-02-20
CC006789,C11235,Gold,20200.0,5558.5,499,Active,2022-12-21
CC006790,C12738,Gold,56500.0,6401.24,0,Active,2025-10-03
CC006791,C12864,Platinum,63200.0,32486.92,499,Active,2024-01-07
CC006792,C02092,Platinum,98000.0,53662.1,499,Active,2025-12-12
CC006793,C06425,Signature,34400.0,15279.67,2999,Active,2024-01-28
CC006794,C09398,Platinum,25000.0,5964.93,999,Active,2024-03-05
CC006795,C05015,Gold,20000.0,2694.87,0,Active,2025-01-27
CC006796,C00544,Gold,87300.0,32074.45,0,Active,2023-09-02
CC006797,C00511,Platinum,87000.0,33509.0,2999,Active,2022-08-30
CC006798,C14659,Signature,49300.0,3155.15,0,Active,2023-08-03
CC006799,C10283,Gold,48300.0,14740.08,0,Active,2024-04-21
CC006800,C10945,Platinum,20000.0,2268.4,0,Active,2022-12-06
CC006801,C12414,Gold,27200.0,14205.88,1999,Active,2023-09-19
CC006802,C09983,Platinum,48100.0,16600.87,1999,Active,2024-07-10
CC006803,C03123,Classic,70100.0,8564.09,499,Active,2025-05-06
CC006804,C01762,Platinum,56400.0,36171.37,0,Active,2024-08-10
CC006805,C04873,Classic,25200.0,6626.28,0,Active,2025-05-27
CC006806,C08328,Gold,24600.0,1779.44,0,Active,2025-09-18
CC006807,C08818,Classic,84600.0,15280.97,999,Closed,2024-12-04
CC006808,C02687,Platinum,58100.0,11037.44,999,Blocked,2024-12-10
CC006809,C11295,Classic,26400.0,15962.5,0,Active,2022-04-03
CC006810,C04220,Platinum,98600.0,15494.0,999,Active,2023-08-13
CC006811,C13686,Classic,40900.0,11562.74,499,Active,2025-07-02
CC006812,C03470,Platinum,56400.0,8341.22,1999,Active,2025-11-16
CC006813,C03622,Gold,42400.0,38194.78,0,Active,2025-03-07
CC006814,C04835,Platinum,54300.0,16075.61,2999,Active,2022-02-01
CC006815,C02769,Signature,41900.0,6232.22,0,Active,2025-01-15
CC006816,C04915,Gold,47100.0,24691.88,0,Active,2023-06-27
CC006817,C13499,Gold,137600.0,66315.62,499,Active,2025-04-06
CC006818,C02087,Platinum,27500.0,6202.08,999,Active,2024-01-12
CC006819,C02413,Signature,20000.0,13205.99,1999,Active,2025-03-08
CC006820,C08421,Platinum,25600.0,12494.21,0,Active,2023-10-01
CC006821,C14386,Gold,59900.0,13970.0,999,Blocked,2025-01-21
CC006822,C10812,Platinum,44000.0,14270.43,0,Active,2025-04-28
CC006823,C05927,Classic,108600.0,15388.88,999,Active,2023-10-18
CC006824,C09295,Gold,34900.0,8502.35,499,Active,2025-05-09
CC006825,C01865,Gold,20000.0,5974.42,499,Active,2024-11-22
CC006826,C11483,Classic,171900.0,73449.08,0,Active,2025-03-28
CC006827,C13922,Platinum,39500.0,10690.74,0,Active,2025-11-09
CC006828,C06536,Gold,151300.0,14282.49,999,Active,2024-01-06
CC006829,C03471,Platinum,87300.0,23005.84,999,Active,2025-11-21
CC006830,C05488,Classic,23400.0,8838.36,499,Active,2025-12-03
CC006831,C03709,Gold,78000.0,33696.39,0,Active,2022-04-11
CC006832,C09680,Classic,236700.0,45535.3,999,Blocked,2023-08-25
CC006833,C12565,Gold,22200.0,4409.98,999,Active,2024-01-06
CC006834,C03015,Gold,65400.0,22512.18,499,Active,2022-12-08
CC006835,C13125,Classic,78700.0,26351.52,499,Active,2022-02-12
CC006836,C13524,Gold,47900.0,13995.79,2999,Active,2024-04-21
CC006837,C03759,Gold,35800.0,15620.45,1999,Active,2023-12-24
CC006838,C13998,Signature,63100.0,18802.98,0,Active,2023-11-08
CC006839,C03620,Platinum,20000.0,5826.07,499,Active,2024-06-16
CC006840,C10457,Classic,31600.0,3598.26,1999,Active,2023-08-25
CC006841,C01893,Classic,37700.0,3502.87,999,Active,2024-05-05
CC006842,C04653,Gold,36700.0,19870.84,0,Active,2024-07-17
CC006843,C03027,Classic,20000.0,6181.63,499,Active,2023-04-30
CC006844,C08197,Classic,65300.0,36969.68,0,Active,2022-11-01
CC006845,C11894,Platinum,44200.0,10991.69,1999,Active,2022-04-08
CC006846,C14652,Classic,53200.0,15048.53,0,Active,2023-11-11
CC006847,C08955,Classic,61500.0,26080.22,999,Active,2022-10-25
CC006848,C14668,Platinum,61300.0,14760.14,999,Active,2025-02-07
CC006849,C03865,Gold,79900.0,5928.58,499,Active,2025-07-05
CC006850,C06575,Signature,134700.0,70785.05,1999,Active,2025-11-19
CC006851,C12555,Signature,41000.0,8705.66,1999,Active,2025-01-14
CC006852,C08506,Platinum,35400.0,1589.07,1999,Active,2022-04-26
CC006853,C03223,Platinum,20000.0,4741.49,999,Active,2024-05-03
CC006854,C07201,Platinum,57000.0,27678.26,999,Active,2024-08-10
CC006855,C04471,Classic,20000.0,3478.6,0,Active,2023-02-22
CC006856,C13437,Gold,49600.0,13826.16,999,Active,2022-09-21
CC006857,C07367,Classic,27000.0,3199.81,2999,Active,2022-03-01
CC006858,C04768,Classic,117500.0,16831.21,0,Active,2022-04-15
CC006859,C09982,Gold,28200.0,6833.14,499,Active,2022-10-08
CC006860,C10028,Classic,31800.0,21214.85,2999,Active,2024-12-21
CC006861,C12442,Classic,39300.0,9858.14,499,Active,2023-05-14
CC006862,C12625,Gold,40000.0,2718.68,999,Active,2024-09-30
CC006863,C03796,Signature,20000.0,7012.07,0,Active,2023-08-16
CC006864,C09705,Classic,37200.0,9703.81,999,Blocked,2022-04-01
CC006865,C01443,Gold,40900.0,21387.5,0,Active,2025-10-19
CC006866,C07676,Classic,153400.0,14907.09,0,Active,2023-12-19
CC006867,C09959,Gold,20000.0,4469.54,0,Active,2023-12-08
CC006868,C05404,Gold,40300.0,15840.1,0,Active,2023-04-03
CC006869,C13485,Gold,82200.0,16156.79,999,Active,2022-09-14
CC006870,C00503,Gold,50600.0,23227.72,0,Active,2023-01-17
CC006871,C05624,Gold,122400.0,83463.65,499,Active,2024-04-19
CC006872,C12769,Gold,23800.0,3448.74,499,Active,2023-04-27
CC006873,C00450,Classic,62300.0,47872.6,0,Active,2024-05-06
CC006874,C01707,Gold,72800.0,32217.23,0,Active,2025-07-12
CC006875,C09042,Gold,28800.0,14284.79,499,Active,2022-03-16
CC006876,C01509,Platinum,60100.0,12302.96,0,Active,2025-03-29
CC006877,C06269,Gold,37900.0,12867.13,1999,Active,2022-10-13
CC006878,C05944,Platinum,20000.0,3920.96,499,Active,2023-01-15
CC006879,C07708,Platinum,44100.0,15028.03,499,Closed,2023-05-05
CC006880,C09576,Gold,30300.0,5934.3,0,Active,2023-01-22
CC006881,C12440,Platinum,52300.0,33538.13,499,Active,2024-04-25
CC006882,C03643,Platinum,40400.0,22074.87,499,Active,2023-03-12
CC006883,C06448,Gold,28600.0,4348.55,0,Active,2022-12-28
CC006884,C14257,Platinum,100200.0,28381.49,0,Active,2025-01-11
CC006885,C02812,Classic,33100.0,966.71,999,Active,2023-09-12
CC006886,C02348,Platinum,23400.0,9499.21,999,Active,2023-01-08
CC006887,C02402,Platinum,142600.0,10111.56,1999,Active,2023-08-03
CC006888,C14704,Platinum,51600.0,19977.66,1999,Active,2023-01-13
CC006889,C14635,Classic,29300.0,4730.34,2999,Active,2022-02-07
CC006890,C06522,Classic,55700.0,20810.8,0,Active,2025-05-21
CC006891,C04534,Classic,41200.0,6260.66,499,Active,2025-06-21
CC006892,C11808,Signature,64000.0,16014.94,0,Active,2022-03-27
CC006893,C13008,Gold,20000.0,8934.49,1999,Active,2024-09-24
CC006894,C03624,Classic,41200.0,12858.9,499,Active,2022-09-19
CC006895,C07821,Classic,72200.0,30920.59,0,Active,2024-04-23
CC006896,C12071,Classic,24000.0,14980.26,0,Active,2024-12-03
CC006897,C00434,Classic,56100.0,18602.2,999,Active,2024-02-13
CC006898,C11699,Platinum,41500.0,6319.52,499,Active,2023-10-05
CC006899,C05596,Signature,77200.0,21933.87,0,Active,2022-02-06
CC006900,C13700,Classic,229100.0,17864.17,999,Active,2025-01-15
CC006901,C02426,Classic,83900.0,22198.31,999,Active,2023-06-09
CC006902,C00368,Classic,87400.0,34170.59,1999,Active,2023-01-17
CC006903,C09129,Gold,35800.0,13574.18,1999,Active,2024-03-30
CC006904,C13365,Platinum,73700.0,24443.61,499,Active,2025-08-24
CC006905,C11429,Gold,28300.0,10635.97,1999,Active,2022-06-26
CC006906,C14143,Classic,71600.0,20661.09,499,Active,2024-05-07
CC006907,C09581,Gold,98400.0,46612.98,999,Active,2025-01-10
CC006908,C09536,Platinum,32600.0,7356.68,999,Active,2023-12-21
CC006909,C01543,Gold,62000.0,23710.42,999,Active,2024-05-19
CC006910,C09095,Classic,20000.0,13732.35,999,Active,2023-08-14
CC006911,C03131,Classic,47000.0,14806.28,999,Active,2025-07-26
CC006912,C12990,Platinum,36100.0,6852.02,1999,Active,2023-08-26
CC006913,C04763,Platinum,33900.0,5622.68,0,Active,2023-04-01
CC006914,C00543,Gold,41400.0,11144.68,999,Active,2023-05-30
CC006915,C08880,Gold,61100.0,3233.19,999,Active,2025-02-05
CC006916,C11699,Platinum,29500.0,8194.82,499,Blocked,2022-04-02
CC006917,C08341,Signature,42600.0,23920.57,1999,Active,2023-05-28
CC006918,C03917,Platinum,20400.0,7398.88,0,Active,2024-01-17
CC006919,C12262,Classic,28300.0,5978.95,0,Active,2025-04-17
CC006920,C10111,Classic,96200.0,38291.26,1999,Active,2024-08-10
CC006921,C09068,Gold,39700.0,19760.45,499,Active,2023-09-29
CC006922,C14006,Classic,63900.0,18998.47,0,Active,2023-09-06
CC006923,C03401,Gold,29200.0,13444.21,0,Closed,2022-06-14
CC006924,C07298,Gold,37200.0,18478.8,499,Active,2023-03-22
CC006925,C06133,Gold,90400.0,14879.28,0,Closed,2024-06-25
CC006926,C12476,Platinum,30700.0,11006.9,999,Active,2025-01-04
CC006927,C10672,Platinum,69400.0,19551.42,1999,Active,2022-01-20
CC006928,C03586,Classic,37800.0,11342.92,0,Active,2025-08-28
CC006929,C02076,Classic,82600.0,26025.67,0,Active,2023-01-29
CC006930,C10790,Gold,67700.0,4610.69,499,Active,2023-06-22
CC006931,C00777,Gold,48400.0,17347.47,0,Active,2023-10-02
CC006932,C09022,Gold,39000.0,19650.0,0,Blocked,2024-04-30
CC006933,C11203,Platinum,75100.0,2269.7,499,Active,2025-11-12
CC006934,C06963,Platinum,49700.0,3558.99,0,Active,2022-10-21
CC006935,C14928,Platinum,35600.0,4258.0,0,Active,2025-12-07
CC006936,C06142,Platinum,29400.0,8014.19,499,Blocked,2023-09-09
CC006937,C07882,Classic,109700.0,44235.34,0,Active,2023-12-21
CC006938,C12368,Platinum,30200.0,17414.2,999,Active,2025-03-19
CC006939,C06508,Signature,48700.0,9432.33,499,Active,2023-08-07
CC006940,C10154,Gold,56300.0,20430.94,0,Active,2023-07-23
CC006941,C09023,Signature,106600.0,42361.69,499,Active,2023-10-11
CC006942,C05875,Platinum,60000.0,30245.51,0,Active,2023-11-12
CC006943,C14191,Platinum,74400.0,6651.46,1999,Active,2022-03-14
CC006944,C12755,Platinum,119300.0,58363.99,0,Closed,2023-04-21
CC006945,C02914,Gold,71900.0,12234.88,1999,Active,2022-08-14
CC006946,C06997,Platinum,20000.0,672.09,0,Active,2024-10-05
CC006947,C14332,Gold,50900.0,4437.09,499,Active,2023-04-08
CC006948,C12222,Gold,58900.0,9666.46,499,Active,2025-08-31
CC006949,C01381,Gold,54600.0,22721.19,1999,Active,2022-12-19
CC006950,C07239,Gold,56800.0,17847.69,499,Active,2023-07-07
CC006951,C01059,Gold,25100.0,7729.41,499,Active,2023-12-08
CC006952,C10803,Gold,57600.0,7324.66,499,Active,2023-06-06
CC006953,C02836,Platinum,73400.0,19191.39,0,Blocked,2023-10-20
CC006954,C11225,Gold,33100.0,1990.59,1999,Active,2023-11-27
CC006955,C04444,Gold,20600.0,697.33,499,Active,2023-09-14
CC006956,C01600,Classic,59200.0,44097.79,999,Active,2025-08-01
CC006957,C04747,Signature,20000.0,5703.89,999,Closed,2025-04-05
CC006958,C01209,Signature,25000.0,6171.32,0,Active,2022-02-02
CC006959,C14539,Classic,55800.0,9711.87,0,Active,2022-09-06
CC006960,C10748,Gold,20000.0,8955.41,1999,Closed,2025-06-20
CC006961,C01527,Signature,20000.0,6057.09,499,Active,2024-07-14
CC006962,C00091,Gold,50300.0,5382.36,499,Active,2025-12-02
CC006963,C14523,Classic,32700.0,9728.28,999,Active,2025-06-13
CC006964,C07515,Platinum,28800.0,6665.39,999,Active,2023-09-03
CC006965,C03747,Platinum,32700.0,8173.25,1999,Active,2022-09-04
CC006966,C02482,Gold,35700.0,16432.76,1999,Active,2023-06-17
CC006967,C11698,Platinum,135200.0,36513.59,499,Active,2023-05-04
CC006968,C08027,Classic,37500.0,18952.53,0,Blocked,2025-10-01
CC006969,C00735,Gold,29100.0,9929.5,0,Active,2024-09-11
CC006970,C12372,Classic,42300.0,4888.88,1999,Active,2025-04-08
CC006971,C14648,Platinum,82000.0,13410.75,0,Active,2025-01-05
CC006972,C10689,Platinum,47300.0,21704.53,499,Active,2022-03-03
CC006973,C02490,Gold,24900.0,7401.87,999,Active,2022-09-22
CC006974,C08220,Platinum,84400.0,42311.75,0,Active,2025-03-16
CC006975,C05761,Classic,84600.0,22665.49,999,Active,2022-09-28
CC006976,C10370,Classic,26700.0,8054.41,1999,Active,2022-08-30
CC006977,C14300,Classic,22400.0,9745.43,499,Active,2025-11-19
CC006978,C02526,Gold,27000.0,10305.22,999,Active,2022-07-05
CC006979,C00602,Gold,52000.0,10710.01,0,Closed,2025-09-24
CC006980,C13692,Gold,95700.0,26693.32,999,Closed,2023-07-10
CC006981,C10970,Platinum,126400.0,33200.23,0,Active,2025-02-27
CC006982,C00934,Gold,20000.0,13272.77,999,Active,2025-09-13
CC006983,C04986,Classic,46400.0,2937.18,499,Active,2023-07-02
CC006984,C14530,Platinum,20000.0,2608.13,999,Active,2025-10-31
CC006985,C02222,Platinum,33300.0,7437.28,1999,Active,2022-05-19
CC006986,C07249,Gold,25600.0,10344.26,0,Active,2023-08-13
CC006987,C11855,Gold,62500.0,5321.98,499,Active,2025-09-25
CC006988,C11563,Classic,39200.0,13226.71,1999,Active,2023-08-25
CC006989,C00844,Gold,20000.0,4408.34,499,Active,2025-04-10
CC006990,C11416,Classic,70800.0,16369.39,499,Active,2022-09-10
CC006991,C03410,Gold,29400.0,13624.86,0,Active,2022-07-13
CC006992,C09870,Platinum,22000.0,9621.6,1999,Active,2024-09-22
CC006993,C11351,Gold,42100.0,18483.13,499,Active,2023-09-22
CC006994,C05278,Classic,23000.0,992.95,0,Active,2022-12-07
CC006995,C13448,Platinum,36900.0,3621.58,0,Active,2022-02-06
CC006996,C06291,Classic,26700.0,9053.56,0,Active,2025-06-06
CC006997,C02648,Platinum,27400.0,3840.28,499,Active,2023-09-16
CC006998,C09564,Platinum,30000.0,7623.7,0,Active,2025-05-13
CC006999,C13890,Signature,22400.0,9511.31,1999,Active,2023-11-06
CC007000,C06349,Gold,34100.0,12312.93,2999,Active,2024-01-03
CC007001,C04872,Classic,67700.0,24375.94,499,Blocked,2023-08-17
CC007002,C09600,Gold,32900.0,9086.63,0,Active,2022-07-22
CC007003,C03891,Signature,38800.0,6441.7,499,Active,2025-10-25
CC007004,C08547,Gold,51400.0,7253.89,499,Active,2025-01-24
CC007005,C10067,Classic,30800.0,2096.48,0,Active,2025-04-22
CC007006,C10424,Gold,67500.0,11255.0,1999,Active,2023-08-24
CC007007,C01688,Gold,24300.0,3833.59,0,Active,2024-04-17
CC007008,C05149,Classic,38700.0,25182.82,999,Active,2025-11-13
CC007009,C08104,Platinum,110600.0,12522.97,499,Active,2022-09-30
CC007010,C05092,Classic,20000.0,3756.33,499,Closed,2025-02-13
CC007011,C07964,Classic,46700.0,9921.88,1999,Active,2023-04-16
CC007012,C09582,Gold,33100.0,15269.43,499,Active,2023-01-23
CC007013,C10098,Gold,50300.0,29138.23,999,Active,2022-07-28
CC007014,C05525,Gold,96300.0,15969.43,1999,Active,2025-07-09
CC007015,C07568,Platinum,96000.0,34794.31,999,Active,2025-03-02
CC007016,C04246,Platinum,59100.0,5886.99,2999,Closed,2024-10-05
CC007017,C11334,Platinum,65900.0,16857.56,1999,Blocked,2022-12-06
CC007018,C05066,Classic,60500.0,14833.81,0,Active,2025-05-21
CC007019,C00371,Classic,73400.0,31100.64,0,Active,2024-12-16
CC007020,C11198,Gold,209300.0,78583.18,0,Active,2024-12-11
CC007021,C12619,Platinum,90600.0,25921.71,499,Active,2025-06-17
CC007022,C10322,Classic,28400.0,3783.15,1999,Active,2024-11-04
CC007023,C14898,Gold,20000.0,8148.59,0,Active,2023-10-21
CC007024,C09072,Classic,187500.0,14624.77,999,Active,2024-03-01
CC007025,C03681,Platinum,185900.0,54147.06,999,Active,2022-09-23
CC007026,C14215,Platinum,115600.0,55180.57,1999,Active,2024-07-01
CC007027,C07221,Platinum,41700.0,18508.28,1999,Active,2023-07-13
CC007028,C12167,Platinum,117000.0,70144.12,0,Active,2022-10-06
CC007029,C09233,Classic,124800.0,38936.84,1999,Active,2022-08-08
CC007030,C02905,Classic,22100.0,3287.53,0,Active,2023-09-17
CC007031,C02515,Platinum,52900.0,18818.57,0,Active,2024-07-22
CC007032,C06186,Platinum,105700.0,8954.4,499,Active,2022-01-24
CC007033,C09566,Classic,46100.0,12288.51,1999,Active,2023-01-07
CC007034,C09883,Classic,51600.0,9052.51,999,Active,2024-01-05
CC007035,C10087,Classic,27400.0,12197.44,999,Active,2024-02-21
CC007036,C07875,Classic,140900.0,28405.36,999,Blocked,2024-07-03
CC007037,C02149,Classic,112000.0,23249.69,499,Active,2023-08-03
CC007038,C04622,Classic,22700.0,11799.73,1999,Active,2024-12-25
CC007039,C03516,Signature,26300.0,3963.87,999,Active,2024-10-29
CC007040,C12811,Gold,81400.0,33961.87,0,Blocked,2024-12-21
CC007041,C12815,Classic,50500.0,17808.23,0,Active,2024-07-12
CC007042,C10519,Gold,30400.0,11130.74,1999,Active,2024-02-20
CC007043,C14101,Platinum,156000.0,25579.75,999,Active,2025-09-19
CC007044,C09394,Classic,222400.0,34104.25,0,Active,2022-09-27
CC007045,C08696,Signature,105200.0,29519.27,0,Active,2024-10-13
CC007046,C06569,Classic,45300.0,8054.0,999,Active,2023-08-28
CC007047,C11929,Platinum,86600.0,54888.51,499,Active,2023-09-09
CC007048,C12406,Classic,65700.0,29025.28,2999,Closed,2025-01-06
CC007049,C12479,Gold,52900.0,19457.14,499,Active,2023-09-11
CC007050,C02980,Gold,78100.0,13881.9,499,Active,2025-12-03
CC007051,C08021,Gold,53700.0,3782.7,0,Active,2025-07-01
CC007052,C10534,Gold,28300.0,5019.13,0,Active,2025-03-12
CC007053,C10393,Classic,241700.0,56971.3,2999,Active,2023-05-01
CC007054,C05035,Gold,199100.0,82546.33,0,Active,2023-06-06
CC007055,C09176,Classic,73500.0,19607.44,1999,Active,2022-03-31
CC007056,C13620,Classic,23700.0,7142.12,499,Active,2022-11-08
CC007057,C13933,Gold,29600.0,5950.04,499,Active,2023-12-05
CC007058,C10920,Signature,44600.0,25335.1,499,Active,2022-01-11
CC007059,C08045,Classic,43100.0,3408.3,499,Active,2025-01-02
CC007060,C07449,Gold,129400.0,19995.73,0,Active,2023-03-15
CC007061,C00154,Signature,20000.0,11294.69,0,Active,2024-03-25
CC007062,C04695,Platinum,38800.0,6517.45,499,Active,2024-06-21
CC007063,C01230,Gold,133600.0,25529.77,499,Active,2022-10-11
CC007064,C06167,Signature,41600.0,15051.34,999,Active,2025-09-30
CC007065,C03904,Gold,68600.0,18629.39,0,Active,2022-12-07
CC007066,C06173,Gold,55800.0,19021.2,999,Closed,2023-07-23
CC007067,C14381,Platinum,61200.0,35742.6,499,Active,2022-08-31
CC007068,C09613,Classic,183400.0,33505.56,1999,Active,2025-01-14
CC007069,C01829,Classic,92400.0,22397.12,1999,Active,2022-12-28
CC007070,C10373,Classic,163700.0,12142.53,0,Active,2023-01-26
CC007071,C01074,Platinum,40900.0,6474.53,499,Active,2024-05-20
CC007072,C13636,Classic,123200.0,38667.72,0,Active,2024-07-04
CC007073,C02363,Platinum,43400.0,8156.88,0,Active,2022-04-26
CC007074,C05221,Gold,54300.0,12743.58,2999,Active,2022-03-20
CC007075,C14309,Classic,91700.0,41598.88,0,Active,2024-10-21
CC007076,C01830,Platinum,101600.0,23834.17,499,Blocked,2022-04-14
CC007077,C05702,Classic,45000.0,19510.45,0,Active,2023-05-13
CC007078,C00256,Classic,24800.0,1178.45,499,Closed,2023-05-24
CC007079,C12426,Classic,84700.0,18420.1,0,Active,2023-08-01
CC007080,C07289,Classic,34900.0,11392.46,499,Active,2024-02-15
CC007081,C00413,Signature,50600.0,3652.89,499,Active,2023-06-08
CC007082,C08076,Classic,70600.0,15897.88,499,Active,2023-12-21
CC007083,C12503,Signature,262100.0,29447.19,999,Active,2023-02-04
CC007084,C13732,Signature,41500.0,10157.72,999,Active,2023-07-18
CC007085,C14049,Platinum,51000.0,5303.42,0,Active,2022-11-12
CC007086,C06503,Gold,22700.0,7288.86,499,Active,2022-05-30
CC007087,C07749,Signature,71100.0,23052.4,0,Active,2024-10-13
CC007088,C03224,Classic,46500.0,4314.58,999,Active,2025-04-22
CC007089,C02418,Gold,220300.0,57167.96,499,Closed,2024-10-30
CC007090,C01498,Platinum,20000.0,6360.84,999,Active,2024-08-19
CC007091,C12246,Classic,30800.0,12783.48,1999,Active,2024-12-23
CC007092,C08169,Platinum,43500.0,21071.37,0,Active,2023-08-07
CC007093,C06079,Gold,20000.0,6042.1,1999,Active,2024-08-18
CC007094,C14596,Classic,67000.0,21891.21,1999,Active,2024-11-12
CC007095,C10900,Gold,28400.0,18919.48,999,Active,2023-08-05
CC007096,C08617,Platinum,30700.0,614.0,999,Active,2024-08-19
CC007097,C06601,Gold,49400.0,17779.75,0,Active,2023-03-25
CC007098,C05279,Classic,39300.0,5221.23,1999,Active,2022-06-20
CC007099,C07221,Classic,33200.0,17577.77,0,Active,2023-07-10
CC007100,C00422,Classic,30800.0,8657.76,499,Blocked,2023-10-04
CC007101,C13829,Classic,47300.0,18963.86,0,Active,2024-08-02
CC007102,C10789,Classic,75100.0,22458.44,0,Closed,2022-09-06
CC007103,C09077,Gold,23800.0,13923.44,1999,Active,2023-03-20
CC007104,C00832,Classic,31300.0,3286.19,999,Active,2022-12-17
CC007105,C11393,Platinum,57800.0,10186.47,499,Blocked,2024-03-20
CC007106,C12895,Classic,51300.0,23435.67,499,Active,2025-12-03
CC007107,C07879,Platinum,52700.0,10605.8,999,Active,2023-01-04
CC007108,C14152,Gold,20000.0,3005.02,0,Active,2023-05-27
CC007109,C04145,Platinum,389200.0,47198.9,2999,Active,2023-08-21
CC007110,C07878,Classic,28500.0,15805.83,499,Active,2024-06-29
CC007111,C11384,Classic,57700.0,43898.57,1999,Closed,2022-08-24
CC007112,C02919,Classic,20000.0,3346.68,1999,Active,2022-06-21
CC007113,C08646,Gold,50600.0,19306.21,999,Active,2024-09-04
CC007114,C13321,Gold,26600.0,15661.14,999,Active,2025-07-14
CC007115,C14893,Classic,61700.0,6690.25,0,Active,2023-01-07
CC007116,C09099,Classic,107500.0,28589.72,999,Active,2023-05-16
CC007117,C07083,Signature,78600.0,27927.17,2999,Active,2022-03-16
CC007118,C02577,Classic,28700.0,4880.54,999,Active,2024-11-13
CC007119,C08907,Classic,77000.0,19222.24,999,Active,2025-02-08
CC007120,C03392,Platinum,28100.0,9213.74,0,Active,2024-11-18
CC007121,C14870,Platinum,199900.0,96480.22,499,Active,2023-05-06
CC007122,C14146,Gold,101700.0,45875.83,0,Closed,2025-04-16
CC007123,C12401,Gold,67000.0,7438.8,499,Active,2025-05-21
CC007124,C11996,Classic,39300.0,17846.26,499,Active,2023-12-14
CC007125,C07734,Classic,49300.0,20556.85,0,Active,2023-04-03
CC007126,C04227,Platinum,26300.0,4338.11,999,Active,2024-05-14
CC007127,C02621,Classic,106400.0,5369.75,0,Active,2022-08-19
CC007128,C11467,Platinum,20000.0,8669.51,2999,Active,2022-10-24
CC007129,C14377,Platinum,70900.0,40169.26,1999,Active,2023-12-13
CC007130,C02123,Gold,59800.0,6323.54,0,Active,2022-12-05
CC007131,C04119,Gold,126100.0,10070.32,499,Active,2023-04-17
CC007132,C08627,Platinum,52200.0,14982.67,1999,Active,2023-09-12
CC007133,C14992,Classic,130400.0,34803.29,999,Closed,2023-11-21
CC007134,C11562,Classic,131400.0,15235.01,2999,Active,2025-12-17
CC007135,C02864,Signature,47900.0,15367.73,999,Active,2025-02-02
CC007136,C14698,Platinum,50000.0,5406.44,1999,Active,2023-12-25
CC007137,C00877,Signature,22500.0,4907.85,499,Closed,2025-05-29
CC007138,C12835,Classic,33800.0,2309.39,499,Active,2023-06-05
CC007139,C09299,Platinum,32700.0,14305.9,2999,Active,2023-05-28
CC007140,C02922,Classic,30300.0,13207.11,1999,Active,2025-04-07
CC007141,C14505,Classic,34800.0,9899.11,1999,Active,2024-02-17
CC007142,C14628,Platinum,27000.0,7051.29,499,Active,2024-12-04
CC007143,C02229,Platinum,34800.0,8560.36,2999,Active,2024-05-06
CC007144,C09437,Gold,40900.0,3836.07,1999,Closed,2024-08-15
CC007145,C11282,Signature,76700.0,55487.78,999,Active,2022-12-23
CC007146,C03160,Platinum,41400.0,29252.16,499,Active,2025-10-14
CC007147,C01822,Gold,22600.0,9299.53,0,Active,2023-08-06
CC007148,C14916,Gold,28100.0,4588.56,999,Active,2022-08-09
CC007149,C13721,Classic,38400.0,14022.83,999,Active,2025-10-10
CC007150,C12283,Gold,36000.0,1687.88,0,Active,2023-03-23
CC007151,C14625,Gold,61600.0,24333.89,999,Active,2024-09-15
CC007152,C12394,Gold,26500.0,2438.41,1999,Active,2022-01-16
CC007153,C10690,Platinum,63500.0,12721.64,999,Active,2023-05-16
CC007154,C13565,Signature,165200.0,45358.11,499,Active,2022-10-03
CC007155,C12438,Classic,94000.0,25601.44,999,Active,2025-10-03
CC007156,C13040,Classic,36600.0,10585.27,999,Active,2024-05-06
CC007157,C03236,Platinum,97600.0,39573.36,0,Active,2024-05-01
CC007158,C13763,Classic,71000.0,40583.61,0,Active,2025-11-16
CC007159,C12666,Platinum,40500.0,9938.27,2999,Active,2023-10-23
CC007160,C12681,Platinum,54900.0,7467.48,499,Active,2022-12-26
CC007161,C14648,Classic,60200.0,18043.47,999,Active,2023-01-23
CC007162,C07397,Platinum,20000.0,846.26,999,Active,2024-11-25
CC007163,C12064,Classic,34200.0,6218.37,499,Active,2024-06-17
CC007164,C01891,Signature,90900.0,45930.94,1999,Closed,2022-10-13
CC007165,C10942,Classic,132300.0,67376.42,1999,Active,2022-08-19
CC007166,C09103,Gold,20000.0,7537.24,0,Active,2024-07-08
CC007167,C11521,Platinum,20000.0,2181.99,999,Active,2022-08-12
CC007168,C01550,Classic,37700.0,11744.78,999,Active,2022-11-12
CC007169,C09055,Classic,42200.0,20624.28,0,Closed,2024-02-15
CC007170,C01202,Classic,25400.0,4896.37,999,Active,2022-02-13
CC007171,C05619,Classic,57800.0,12602.77,499,Active,2024-04-03
CC007172,C03466,Gold,75100.0,7169.27,1999,Active,2024-10-16
CC007173,C14452,Gold,76000.0,20364.81,2999,Active,2022-06-29
CC007174,C09366,Platinum,48600.0,12532.53,999,Active,2025-02-27
CC007175,C05830,Platinum,37400.0,3365.29,499,Blocked,2024-10-10
CC007176,C03981,Classic,67500.0,14628.45,1999,Active,2025-11-12
CC007177,C12449,Gold,45100.0,18851.08,2999,Active,2022-02-01
CC007178,C05340,Gold,20000.0,11353.54,499,Active,2025-10-24
CC007179,C04539,Classic,57000.0,44748.57,499,Active,2025-09-16
CC007180,C08855,Platinum,31200.0,2035.19,0,Active,2022-06-28
CC007181,C08257,Classic,22600.0,9671.2,2999,Active,2022-01-13
CC007182,C00708,Platinum,30100.0,11691.83,499,Active,2022-01-22
CC007183,C01553,Classic,40100.0,7878.47,999,Active,2024-04-07
CC007184,C05418,Platinum,25200.0,5031.42,2999,Closed,2022-02-25
CC007185,C10417,Classic,26400.0,3720.2,0,Active,2023-06-02
CC007186,C04017,Gold,81800.0,37517.47,0,Active,2025-03-07
CC007187,C07559,Gold,64300.0,19453.2,0,Active,2024-07-14
CC007188,C14346,Platinum,68800.0,47082.14,0,Closed,2024-07-11
CC007189,C07444,Classic,40100.0,13928.57,0,Active,2024-12-15
CC007190,C02565,Classic,26200.0,14314.21,0,Active,2025-04-06
CC007191,C14165,Signature,56700.0,19753.26,499,Active,2024-06-25
CC007192,C10131,Platinum,32000.0,7994.87,1999,Active,2023-05-20
CC007193,C01906,Platinum,25200.0,13262.98,499,Active,2023-03-10
CC007194,C08567,Classic,59400.0,18850.45,0,Closed,2024-09-16
CC007195,C04651,Gold,44900.0,6429.35,499,Active,2022-11-02
CC007196,C14031,Platinum,58700.0,27592.0,0,Blocked,2023-08-20
CC007197,C04395,Classic,25200.0,4032.68,999,Active,2023-11-17
CC007198,C04445,Signature,103400.0,10811.26,499,Active,2024-12-22
CC007199,C13515,Platinum,22800.0,8900.43,499,Active,2023-06-26
CC007200,C05589,Classic,35600.0,5015.38,499,Active,2024-05-14
CC007201,C02754,Gold,39400.0,8120.78,0,Active,2022-08-15
CC007202,C14511,Platinum,54900.0,11329.91,0,Active,2023-07-17
CC007203,C00562,Classic,109900.0,46629.13,0,Active,2022-03-04
CC007204,C05041,Signature,34600.0,6690.04,1999,Active,2023-08-05
CC007205,C07530,Gold,101300.0,19266.17,999,Active,2023-10-15
CC007206,C05962,Classic,20000.0,6362.43,499,Active,2023-04-24
CC007207,C12823,Platinum,77600.0,60651.75,499,Closed,2022-11-16
CC007208,C05362,Classic,60200.0,12853.35,499,Active,2022-03-11
CC007209,C11692,Platinum,34400.0,7713.56,999,Active,2022-09-30
CC007210,C09665,Signature,74300.0,9840.33,1999,Active,2024-05-01
CC007211,C10676,Platinum,29300.0,3416.93,499,Active,2023-05-18
CC007212,C01601,Platinum,38800.0,10727.51,0,Active,2023-11-21
CC007213,C08893,Platinum,85000.0,51180.01,499,Active,2025-11-19
CC007214,C06833,Gold,191000.0,12781.25,999,Active,2022-12-15
CC007215,C00979,Platinum,20000.0,7088.25,0,Active,2024-01-04
CC007216,C13721,Platinum,27200.0,6684.69,2999,Active,2022-09-09
CC007217,C03071,Classic,43900.0,10488.91,999,Active,2024-07-06
CC007218,C05492,Gold,133800.0,39843.44,1999,Active,2024-12-12
CC007219,C14037,Classic,20000.0,4205.7,0,Active,2022-10-19
CC007220,C11474,Platinum,44200.0,7775.18,0,Active,2022-08-21
CC007221,C12304,Signature,105700.0,31359.72,499,Active,2022-06-04
CC007222,C04756,Classic,111400.0,27452.13,499,Active,2025-03-15
CC007223,C01581,Platinum,40500.0,19534.52,0,Active,2024-02-16
CC007224,C04124,Gold,20000.0,16115.57,1999,Active,2023-10-11
CC007225,C05246,Signature,20000.0,1973.4,1999,Active,2024-11-03
CC007226,C02013,Gold,127900.0,49419.16,499,Active,2023-07-23
CC007227,C08041,Classic,23900.0,5958.65,0,Active,2025-10-14
CC007228,C10176,Classic,32400.0,12727.7,0,Active,2023-01-29
CC007229,C14209,Classic,40300.0,12814.81,999,Active,2024-04-05
CC007230,C12870,Gold,57600.0,16602.93,499,Active,2022-07-09
CC007231,C00079,Platinum,55400.0,12453.76,0,Active,2025-03-24
CC007232,C08408,Classic,28200.0,10845.17,1999,Active,2024-04-08
CC007233,C00752,Classic,66700.0,17464.24,999,Active,2025-10-07
CC007234,C02815,Gold,35800.0,12176.68,0,Active,2022-01-16
CC007235,C01748,Gold,43600.0,23133.57,0,Blocked,2024-03-02
CC007236,C06014,Classic,174000.0,57373.0,499,Active,2024-07-29
CC007237,C12985,Classic,43800.0,12573.64,999,Active,2024-10-02
CC007238,C01070,Classic,20000.0,10483.26,0,Active,2022-08-11
CC007239,C03664,Classic,30800.0,8319.47,1999,Active,2022-11-19
CC007240,C06821,Classic,20000.0,2861.77,499,Active,2025-05-28
CC007241,C10228,Classic,22500.0,11243.6,0,Active,2024-07-19
CC007242,C05234,Gold,20000.0,6966.68,999,Active,2024-01-02
CC007243,C04187,Platinum,72900.0,35216.63,499,Active,2023-07-13
CC007244,C10386,Gold,33000.0,9880.55,1999,Closed,2023-09-09
CC007245,C11974,Gold,21900.0,6359.86,0,Active,2025-07-19
CC007246,C10748,Gold,53800.0,25362.56,499,Active,2025-03-30
CC007247,C05960,Classic,31500.0,8883.59,2999,Closed,2024-11-06
CC007248,C12517,Signature,30700.0,9346.82,2999,Active,2022-05-25
CC007249,C00878,Platinum,22700.0,6847.25,0,Active,2025-10-06
CC007250,C10770,Gold,20000.0,8003.09,499,Blocked,2024-06-09
CC007251,C04782,Classic,142600.0,71546.0,1999,Active,2023-07-12
CC007252,C05896,Platinum,41000.0,2738.61,0,Active,2025-03-30
CC007253,C01711,Signature,62300.0,15976.85,1999,Active,2025-03-24
CC007254,C12661,Classic,62300.0,32970.47,999,Active,2025-09-05
CC007255,C01399,Signature,50100.0,4360.15,499,Active,2022-10-23
CC007256,C07756,Platinum,32500.0,19787.79,499,Active,2024-11-03
CC007257,C02642,Signature,42100.0,12542.26,1999,Active,2025-01-01
CC007258,C05992,Gold,27000.0,7593.64,0,Active,2025-02-26
CC007259,C05404,Gold,36100.0,10299.22,999,Active,2022-03-09
CC007260,C06250,Platinum,29200.0,10256.69,0,Active,2025-09-25
CC007261,C06838,Classic,35600.0,14246.3,999,Blocked,2022-09-26
CC007262,C04261,Classic,55700.0,8725.46,499,Active,2024-06-08
CC007263,C01705,Gold,68700.0,14506.58,499,Active,2024-03-26
CC007264,C11945,Gold,54000.0,16136.94,499,Active,2024-01-11
CC007265,C01785,Platinum,53800.0,20062.08,499,Active,2023-06-13
CC007266,C02162,Platinum,98500.0,8075.32,1999,Active,2025-05-23
CC007267,C07673,Gold,104600.0,49323.4,999,Active,2024-03-16
CC007268,C09786,Classic,56100.0,22220.04,1999,Closed,2025-03-22
CC007269,C07877,Gold,44000.0,11479.19,0,Active,2025-02-18
CC007270,C08688,Signature,22600.0,1408.27,499,Active,2025-08-07
CC007271,C15000,Signature,108200.0,32838.12,499,Active,2024-05-23
CC007272,C03554,Gold,20000.0,4867.48,999,Active,2023-12-29
CC007273,C06939,Signature,42900.0,22417.45,0,Closed,2022-06-02
CC007274,C10660,Classic,53800.0,25920.44,0,Active,2025-12-15
CC007275,C06129,Signature,28400.0,4996.49,0,Closed,2024-08-14
CC007276,C07757,Classic,48300.0,10554.86,0,Active,2024-09-12
CC007277,C13338,Classic,20000.0,5672.07,999,Active,2022-05-25
CC007278,C06267,Gold,47500.0,6798.36,499,Active,2022-08-10
CC007279,C06043,Platinum,53300.0,1907.3,999,Blocked,2023-03-18
CC007280,C10566,Signature,40200.0,13464.06,499,Closed,2024-08-12
CC007281,C02104,Signature,122200.0,23157.38,999,Active,2022-03-12
CC007282,C04775,Gold,89700.0,42997.56,0,Active,2025-06-28
CC007283,C00084,Platinum,43500.0,25808.19,499,Active,2025-02-28
CC007284,C01006,Platinum,39900.0,12366.08,2999,Active,2023-04-17
CC007285,C05664,Gold,30400.0,11003.94,1999,Active,2022-04-07
CC007286,C01933,Platinum,83500.0,12057.82,999,Active,2022-11-11
CC007287,C14077,Classic,20000.0,9914.42,499,Active,2025-03-24
CC007288,C05080,Gold,43500.0,10234.62,999,Active,2024-07-25
CC007289,C08248,Classic,38100.0,32399.5,499,Active,2022-04-17
CC007290,C07409,Classic,20000.0,8225.51,999,Active,2024-02-29
CC007291,C11493,Gold,87700.0,42829.93,0,Closed,2022-04-18
CC007292,C05265,Classic,49500.0,2577.82,0,Active,2024-08-01
CC007293,C00847,Signature,60100.0,33336.3,499,Active,2022-03-18
CC007294,C03817,Classic,113300.0,70237.19,2999,Active,2025-12-15
CC007295,C12396,Gold,37200.0,10789.79,499,Active,2023-07-11
CC007296,C09114,Gold,25700.0,10136.97,2999,Active,2023-03-13
CC007297,C12168,Signature,29300.0,13269.66,499,Active,2022-06-03
CC007298,C13993,Classic,20000.0,3195.5,1999,Active,2024-03-29
CC007299,C03507,Gold,44700.0,26662.18,1999,Active,2025-05-20
CC007300,C13463,Gold,46900.0,9350.03,1999,Active,2025-12-01
CC007301,C07896,Classic,22300.0,10280.4,999,Active,2022-06-06
CC007302,C02290,Platinum,45900.0,3708.07,499,Closed,2023-09-28
CC007303,C09481,Platinum,43100.0,19422.8,999,Active,2023-01-06
CC007304,C05483,Signature,23900.0,9211.0,999,Closed,2022-09-27
CC007305,C06007,Classic,47500.0,12624.85,0,Active,2023-04-19
CC007306,C01777,Signature,41500.0,4443.2,0,Active,2022-07-15
CC007307,C04985,Gold,20000.0,1283.51,999,Active,2024-07-29
CC007308,C05979,Classic,21100.0,8458.03,0,Active,2022-11-26
CC007309,C02115,Gold,21900.0,10162.61,0,Active,2023-06-26
CC007310,C11931,Gold,20000.0,5198.22,0,Active,2023-07-18
CC007311,C07493,Platinum,23700.0,1478.85,0,Active,2023-08-29
CC007312,C08216,Classic,38700.0,2860.11,999,Active,2024-04-30
CC007313,C01197,Gold,221500.0,70416.06,0,Blocked,2024-04-04
CC007314,C13139,Classic,20000.0,6573.24,999,Active,2025-05-07
CC007315,C10760,Classic,22900.0,2325.5,999,Active,2024-03-11
CC007316,C03433,Platinum,35100.0,6295.46,2999,Active,2023-07-25
CC007317,C13269,Gold,98600.0,29229.95,999,Active,2025-01-29
CC007318,C12720,Platinum,20000.0,2507.61,1999,Blocked,2022-03-29
CC007319,C07439,Classic,39900.0,15893.5,999,Closed,2025-08-02
CC007320,C14929,Gold,24000.0,6431.48,0,Active,2022-07-10
CC007321,C07970,Classic,90100.0,30015.13,0,Active,2023-09-21
CC007322,C00452,Classic,27500.0,6987.5,0,Active,2022-02-09
CC007323,C08368,Platinum,45700.0,8245.44,499,Active,2022-09-07
CC007324,C10430,Classic,46800.0,4903.88,499,Active,2025-03-14
CC007325,C00652,Gold,28700.0,15250.84,0,Closed,2024-01-22
CC007326,C02738,Platinum,49400.0,9482.59,999,Blocked,2025-01-01
CC007327,C06198,Classic,28700.0,5579.14,1999,Active,2024-08-01
CC007328,C14874,Gold,20000.0,7215.28,999,Active,2025-08-03
CC007329,C06941,Classic,46400.0,7516.89,1999,Active,2025-07-24
CC007330,C08266,Gold,122700.0,26002.67,1999,Active,2024-05-01
CC007331,C14109,Platinum,40400.0,9598.08,999,Active,2023-10-19
CC007332,C06493,Classic,94300.0,11197.01,1999,Active,2024-05-09
CC007333,C10610,Classic,20000.0,5493.01,0,Active,2025-10-21
CC007334,C14936,Gold,23600.0,8160.95,999,Active,2025-09-07
CC007335,C02791,Platinum,58200.0,9773.33,0,Active,2022-07-06
CC007336,C00582,Platinum,63900.0,13495.65,1999,Active,2024-06-12
CC007337,C07167,Platinum,41500.0,11093.51,0,Active,2022-09-22
CC007338,C09934,Signature,47400.0,16914.64,1999,Active,2024-05-06
CC007339,C03911,Signature,53300.0,3095.54,999,Active,2022-10-18
CC007340,C12066,Gold,23600.0,10410.18,499,Active,2023-07-06
CC007341,C04486,Classic,39900.0,19243.98,999,Closed,2022-10-29
CC007342,C00016,Gold,126000.0,57870.12,999,Active,2024-11-22
CC007343,C13983,Gold,55800.0,6196.93,1999,Active,2024-01-27
CC007344,C01847,Classic,73700.0,38267.85,499,Active,2025-12-31
CC007345,C13770,Signature,37100.0,2947.54,999,Active,2023-06-10
CC007346,C01554,Gold,59500.0,12125.65,0,Active,2023-11-07
CC007347,C10859,Gold,43800.0,19020.36,0,Closed,2025-11-13
CC007348,C04928,Gold,46400.0,14247.7,1999,Active,2022-10-02
CC007349,C08779,Gold,45900.0,18319.98,0,Active,2023-11-21
CC007350,C09692,Gold,32200.0,16481.7,0,Active,2022-07-10
CC007351,C03855,Signature,59300.0,3681.47,499,Active,2025-02-17
CC007352,C14368,Platinum,78200.0,8842.64,0,Active,2022-03-24
CC007353,C11260,Gold,86500.0,51655.56,499,Active,2022-06-01
CC007354,C01330,Platinum,34500.0,12416.03,499,Active,2025-03-12
CC007355,C02248,Gold,92000.0,32097.71,499,Active,2025-11-16
CC007356,C04674,Gold,20000.0,4076.24,2999,Active,2025-03-04
CC007357,C01495,Platinum,55500.0,9128.6,0,Active,2023-04-25
CC007358,C12909,Signature,106100.0,38547.68,499,Active,2023-07-27
CC007359,C06606,Classic,36000.0,20008.58,499,Active,2022-08-14
CC007360,C06421,Platinum,37100.0,9546.86,2999,Active,2022-04-30
CC007361,C08245,Classic,57500.0,8367.73,0,Active,2025-06-03
CC007362,C09313,Classic,124600.0,52440.23,999,Active,2022-09-28
CC007363,C02578,Gold,28200.0,3740.1,1999,Active,2025-06-24
CC007364,C13105,Platinum,61300.0,21675.08,999,Active,2023-10-07
CC007365,C07716,Classic,47800.0,4910.04,2999,Active,2023-02-06
CC007366,C05712,Signature,110900.0,13945.51,1999,Active,2022-09-14
CC007367,C12319,Gold,44200.0,24677.16,0,Active,2022-04-20
CC007368,C03897,Platinum,35500.0,5978.19,0,Active,2024-07-19
CC007369,C10000,Classic,20000.0,7683.35,0,Active,2022-05-10
CC007370,C01263,Signature,97100.0,11001.68,0,Active,2023-06-01
CC007371,C02629,Gold,78700.0,11410.19,0,Active,2025-11-10
CC007372,C00810,Classic,35700.0,18356.32,1999,Active,2024-06-26
CC007373,C07095,Signature,20000.0,6134.0,0,Blocked,2024-05-18
CC007374,C08469,Signature,95400.0,65081.23,499,Active,2023-09-13
CC007375,C08040,Gold,39500.0,22158.46,1999,Active,2023-08-26
CC007376,C14069,Platinum,20000.0,4146.16,0,Active,2023-01-28
CC007377,C09467,Classic,22000.0,1831.56,1999,Active,2022-09-05
CC007378,C04829,Platinum,59400.0,24373.59,1999,Active,2022-03-06
CC007379,C07811,Gold,36000.0,6960.14,999,Active,2023-04-29
CC007380,C05544,Signature,33300.0,5430.2,0,Active,2024-09-29
CC007381,C09662,Gold,30400.0,5646.73,0,Active,2025-02-17
CC007382,C04668,Gold,71000.0,23952.89,999,Active,2023-04-17
CC007383,C07413,Platinum,33100.0,16830.09,999,Active,2024-08-26
CC007384,C14889,Classic,45000.0,16537.07,1999,Active,2024-05-06
CC007385,C10031,Gold,20000.0,3877.2,999,Active,2024-10-07
CC007386,C05351,Platinum,27800.0,10116.59,1999,Active,2022-01-23
CC007387,C12356,Classic,59300.0,29391.83,1999,Active,2025-12-28
CC007388,C08632,Platinum,55600.0,20996.65,0,Active,2025-05-27
CC007389,C05755,Platinum,39000.0,7380.94,0,Active,2024-12-07
CC007390,C02970,Classic,30200.0,10924.27,499,Active,2024-03-16
CC007391,C03916,Gold,89000.0,33420.51,0,Active,2022-05-19
CC007392,C09940,Platinum,34900.0,14653.22,0,Active,2023-03-06
CC007393,C00813,Platinum,41200.0,4701.43,0,Active,2023-11-01
CC007394,C11683,Classic,45800.0,7081.91,0,Active,2024-01-18
CC007395,C10984,Platinum,66300.0,21787.28,2999,Active,2024-11-14
CC007396,C01632,Classic,163800.0,52674.44,1999,Active,2023-06-02
CC007397,C07456,Platinum,20000.0,4777.97,2999,Active,2024-02-25
CC007398,C14847,Classic,174100.0,27504.77,999,Active,2023-04-18
CC007399,C11900,Classic,70900.0,23319.19,2999,Active,2024-11-19
CC007400,C14375,Platinum,49300.0,9074.84,0,Active,2024-07-14
CC007401,C03222,Signature,32900.0,10900.54,999,Active,2025-09-09
CC007402,C08286,Platinum,20000.0,7421.67,499,Active,2025-12-03
CC007403,C07752,Platinum,52600.0,11948.1,1999,Active,2025-03-29
CC007404,C00917,Classic,25500.0,15467.68,499,Active,2023-10-22
CC007405,C08091,Gold,33700.0,4150.02,0,Active,2025-02-08
CC007406,C00045,Gold,44700.0,12864.62,0,Active,2025-08-06
CC007407,C12903,Platinum,92100.0,43318.37,999,Active,2023-10-13
CC007408,C12847,Classic,20000.0,1974.73,0,Active,2022-11-08
CC007409,C03392,Classic,83300.0,31820.64,1999,Active,2024-10-20
CC007410,C11991,Gold,26300.0,8127.3,999,Active,2025-02-18
CC007411,C10325,Signature,76900.0,34403.87,999,Active,2022-02-13
CC007412,C05464,Platinum,20000.0,11213.2,0,Active,2023-02-02
CC007413,C11610,Platinum,35000.0,21825.78,1999,Active,2025-04-01
CC007414,C05160,Gold,27100.0,4642.91,0,Active,2022-08-27
CC007415,C12752,Classic,20000.0,1431.56,1999,Active,2023-02-19
CC007416,C00885,Platinum,122000.0,57404.66,0,Active,2024-08-30
CC007417,C11325,Platinum,27200.0,7642.9,499,Closed,2023-11-03
CC007418,C11144,Signature,37500.0,8883.51,0,Active,2024-02-25
CC007419,C13443,Classic,34400.0,15954.04,1999,Active,2024-04-13
CC007420,C00854,Gold,39800.0,21650.37,0,Active,2024-05-05
CC007421,C07597,Signature,54400.0,20070.78,499,Active,2023-06-17
CC007422,C05480,Platinum,27800.0,16362.74,0,Active,2024-05-27
CC007423,C00638,Classic,42700.0,17500.89,499,Active,2022-11-15
CC007424,C13445,Platinum,20000.0,8696.32,999,Active,2022-11-24
CC007425,C10140,Gold,31300.0,9126.58,0,Active,2022-08-31
CC007426,C04356,Signature,91400.0,20342.61,0,Active,2024-12-12
CC007427,C04170,Classic,32400.0,3717.95,1999,Active,2022-05-21
CC007428,C02245,Classic,51600.0,12783.08,499,Active,2022-06-17
CC007429,C09079,Gold,59600.0,24747.8,499,Active,2022-07-07
CC007430,C10230,Classic,80200.0,13243.62,0,Active,2023-05-28
CC007431,C11207,Gold,82600.0,48479.06,499,Active,2024-04-27
CC007432,C05610,Gold,52000.0,9246.52,999,Active,2023-09-06
CC007433,C11775,Classic,70100.0,13975.72,0,Active,2024-07-13
CC007434,C06062,Classic,58800.0,14132.39,999,Active,2022-02-25
CC007435,C14954,Platinum,41800.0,3261.36,0,Active,2024-07-07
CC007436,C14932,Platinum,132500.0,11849.76,499,Active,2022-10-20
CC007437,C03994,Gold,47400.0,8486.86,999,Active,2025-03-14
CC007438,C05585,Classic,89500.0,34836.74,0,Blocked,2022-07-25
CC007439,C07553,Gold,33100.0,6550.17,999,Active,2022-03-31
CC007440,C06872,Gold,55900.0,8353.32,0,Active,2023-07-11
CC007441,C03496,Signature,23100.0,10931.64,499,Active,2024-08-14
CC007442,C06129,Platinum,29700.0,20591.13,999,Active,2024-02-01
CC007443,C03586,Classic,20000.0,5061.38,499,Active,2024-12-07
CC007444,C13874,Classic,72800.0,16632.22,0,Active,2024-01-12
CC007445,C06853,Platinum,45800.0,15722.65,0,Active,2022-10-09
CC007446,C03520,Gold,109800.0,41036.29,499,Active,2025-01-12
CC007447,C09264,Signature,42400.0,6465.69,999,Active,2022-10-07
CC007448,C08782,Signature,57500.0,14346.46,0,Active,2023-06-01
CC007449,C01556,Gold,85100.0,34777.88,999,Active,2022-07-29
CC007450,C01694,Platinum,30500.0,4926.91,499,Active,2023-08-24
CC007451,C01659,Classic,82900.0,3861.6,499,Active,2022-02-14
CC007452,C07617,Platinum,115200.0,16603.32,1999,Active,2022-06-08
CC007453,C03359,Classic,20100.0,11609.92,499,Active,2025-06-30
CC007454,C03232,Gold,41400.0,21359.78,499,Active,2025-04-22
CC007455,C03922,Classic,76100.0,9261.12,499,Active,2022-12-25
CC007456,C01649,Classic,70700.0,20311.97,0,Active,2024-08-27
CC007457,C09425,Signature,43100.0,16012.7,0,Active,2023-07-24
CC007458,C01892,Classic,20000.0,2645.68,999,Blocked,2025-12-05
CC007459,C03204,Classic,39100.0,20773.56,2999,Blocked,2022-06-02
CC007460,C03098,Classic,120500.0,44525.61,999,Active,2022-07-25
CC007461,C10252,Classic,50700.0,4685.97,999,Blocked,2023-11-19
CC007462,C13474,Gold,73200.0,22833.08,499,Active,2024-08-03
CC007463,C14471,Platinum,20000.0,1190.15,2999,Active,2024-10-03
CC007464,C06233,Classic,66700.0,13448.73,499,Active,2025-04-26
CC007465,C03207,Platinum,44100.0,6187.44,0,Active,2024-10-04
CC007466,C09122,Gold,42700.0,10398.4,0,Active,2023-08-24
CC007467,C00255,Signature,36700.0,3870.61,999,Active,2023-09-19
CC007468,C13648,Classic,56900.0,24835.4,499,Blocked,2022-04-30
CC007469,C13720,Gold,40500.0,8793.03,2999,Active,2023-01-22
CC007470,C05868,Gold,43600.0,16832.37,499,Active,2023-10-02
CC007471,C03931,Gold,205500.0,73532.03,0,Active,2024-02-17
CC007472,C12217,Platinum,29600.0,18039.22,499,Active,2024-12-11
CC007473,C11092,Platinum,63700.0,10694.7,1999,Active,2025-09-06
CC007474,C07462,Classic,35400.0,16116.73,0,Active,2024-12-01
CC007475,C13639,Gold,33500.0,21766.19,2999,Active,2025-09-02
CC007476,C01896,Platinum,48200.0,32101.56,2999,Closed,2025-10-02
CC007477,C00005,Gold,39500.0,18882.33,999,Active,2024-02-08
CC007478,C03396,Platinum,84900.0,4227.51,999,Active,2022-03-09
CC007479,C10783,Classic,29200.0,10157.07,2999,Active,2022-11-30
CC007480,C11876,Gold,20000.0,3417.61,0,Active,2024-11-09
CC007481,C08477,Signature,57600.0,24124.61,499,Active,2023-11-29
CC007482,C08095,Platinum,71900.0,12164.17,499,Active,2025-01-22
CC007483,C08661,Platinum,43300.0,16659.85,0,Active,2024-06-04
CC007484,C14133,Classic,20000.0,7592.53,999,Blocked,2023-11-30
CC007485,C05427,Gold,48700.0,27099.7,0,Active,2022-05-30
CC007486,C06139,Classic,61800.0,13779.22,999,Active,2024-09-21
CC007487,C08264,Platinum,20000.0,13889.88,1999,Active,2024-10-09
CC007488,C07590,Classic,66200.0,16256.64,0,Active,2023-05-18
CC007489,C06495,Platinum,72000.0,34236.95,1999,Active,2025-05-18
CC007490,C03008,Classic,20000.0,6846.9,999,Blocked,2025-11-25
CC007491,C13414,Gold,119700.0,42888.08,999,Closed,2024-06-08
CC007492,C03402,Classic,50700.0,22610.3,999,Active,2024-05-25
CC007493,C11711,Gold,76800.0,25974.61,0,Active,2024-07-30
CC007494,C12072,Gold,103200.0,30721.13,999,Closed,2022-02-07
CC007495,C01290,Classic,20000.0,4203.0,0,Active,2025-09-01
CC007496,C07672,Gold,45600.0,15717.24,0,Closed,2023-03-05
CC007497,C14545,Classic,109300.0,17283.09,0,Active,2025-12-04
CC007498,C01766,Gold,40100.0,12811.04,499,Blocked,2023-03-28
CC007499,C14977,Platinum,23500.0,7424.85,0,Active,2022-07-14
CC007500,C13236,Signature,128100.0,18484.43,999,Active,2023-11-23
CC007501,C11447,Platinum,23200.0,4705.34,499,Active,2022-06-30
CC007502,C05983,Gold,60700.0,20757.42,0,Active,2023-05-26
CC007503,C14753,Platinum,76000.0,11368.29,2999,Active,2023-06-16
CC007504,C09756,Classic,70600.0,10318.93,999,Blocked,2023-07-20
CC007505,C00700,Signature,40400.0,11887.24,0,Active,2025-06-27
CC007506,C00919,Gold,125800.0,57950.72,499,Active,2025-06-15
CC007507,C07959,Platinum,104800.0,36696.38,0,Active,2025-07-31
CC007508,C11372,Classic,68400.0,31862.69,0,Active,2025-09-26
CC007509,C12366,Classic,21600.0,9222.91,999,Active,2023-03-31
CC007510,C04493,Classic,72900.0,8833.72,999,Closed,2025-07-07
CC007511,C13470,Classic,28000.0,8428.74,499,Active,2023-04-17
CC007512,C13342,Classic,36100.0,13474.28,1999,Closed,2023-05-18
CC007513,C11846,Signature,33200.0,14463.58,0,Active,2023-08-06
CC007514,C08836,Classic,45500.0,13219.72,0,Closed,2022-11-28
CC007515,C08779,Classic,31800.0,11365.43,0,Active,2023-11-11
CC007516,C03569,Classic,92500.0,20044.74,0,Active,2024-11-21
CC007517,C01602,Signature,20000.0,7510.08,0,Active,2024-11-01
CC007518,C12540,Platinum,60100.0,7069.35,2999,Active,2022-02-02
CC007519,C14762,Classic,64100.0,11491.36,0,Active,2025-04-02
CC007520,C02567,Gold,180400.0,66670.14,1999,Active,2024-11-24
CC007521,C12861,Classic,86900.0,27378.23,499,Active,2024-09-18
CC007522,C12321,Signature,53200.0,6984.0,0,Blocked,2025-08-30
CC007523,C04900,Platinum,70800.0,1797.29,499,Active,2025-07-29
CC007524,C07952,Gold,130800.0,71532.97,999,Active,2022-03-22
CC007525,C02196,Platinum,211100.0,29848.94,1999,Active,2022-12-20
CC007526,C05461,Platinum,20000.0,3246.27,0,Active,2025-12-01
CC007527,C09825,Gold,69200.0,34786.19,999,Active,2025-04-21
CC007528,C04185,Platinum,20000.0,5224.33,999,Active,2023-06-15
CC007529,C08384,Classic,32400.0,13004.51,0,Active,2025-10-29
CC007530,C05726,Classic,20000.0,9240.91,499,Active,2022-12-31
CC007531,C02601,Platinum,148800.0,95338.1,0,Active,2025-02-19
CC007532,C08488,Gold,156900.0,48106.62,499,Active,2025-03-14
CC007533,C13206,Platinum,65900.0,33404.78,499,Active,2023-05-08
CC007534,C06898,Classic,20000.0,7634.96,0,Active,2024-05-01
CC007535,C07114,Platinum,20000.0,11592.56,499,Active,2022-11-30
CC007536,C06901,Signature,35000.0,3015.43,999,Active,2024-07-27
CC007537,C13412,Signature,39600.0,6419.89,1999,Active,2025-06-22
CC007538,C07778,Classic,126700.0,15448.79,0,Active,2025-10-10
CC007539,C07115,Gold,23900.0,6072.11,499,Active,2023-01-17
CC007540,C11229,Signature,27400.0,13420.34,0,Active,2025-02-03
CC007541,C10336,Platinum,20000.0,7773.5,1999,Closed,2022-10-10
CC007542,C11328,Platinum,54200.0,16926.8,499,Active,2025-08-25
CC007543,C12668,Classic,20000.0,6195.28,0,Active,2024-04-13
CC007544,C11293,Gold,20000.0,4742.59,0,Active,2025-05-13
CC007545,C11871,Gold,20000.0,6198.22,499,Active,2022-10-21
CC007546,C10090,Classic,20000.0,2863.13,0,Active,2022-05-05
CC007547,C14884,Classic,20000.0,4395.22,999,Active,2023-07-15
CC007548,C14771,Classic,75200.0,9890.41,0,Active,2022-09-25
CC007549,C04082,Platinum,36500.0,26781.29,499,Active,2022-08-06
CC007550,C12066,Gold,57300.0,37421.31,499,Active,2023-01-01
CC007551,C13573,Gold,34900.0,8519.91,1999,Active,2025-05-23
CC007552,C14359,Classic,20000.0,5916.02,2999,Active,2025-01-05
CC007553,C13980,Gold,40700.0,5554.98,999,Active,2025-09-20
CC007554,C03172,Gold,121600.0,74339.98,499,Active,2023-01-02
CC007555,C13989,Gold,23700.0,5188.79,0,Active,2024-04-04
CC007556,C13036,Platinum,20000.0,3049.18,999,Active,2024-01-24
CC007557,C05633,Classic,41000.0,16340.14,999,Active,2023-03-18
CC007558,C07045,Gold,37200.0,20825.51,1999,Active,2024-01-29
CC007559,C08619,Classic,20900.0,5673.26,499,Blocked,2025-04-19
CC007560,C08020,Platinum,20600.0,7639.17,0,Active,2023-01-23
CC007561,C03836,Classic,30600.0,8929.42,499,Blocked,2022-09-12
CC007562,C04590,Gold,39300.0,10931.02,1999,Active,2022-05-18
CC007563,C03439,Gold,22900.0,3517.5,499,Blocked,2024-04-21
CC007564,C09559,Signature,25400.0,17093.7,0,Active,2022-12-21
CC007565,C10737,Gold,84200.0,9540.0,999,Active,2024-04-19
CC007566,C00771,Platinum,40500.0,8769.89,0,Blocked,2025-07-02
CC007567,C08290,Platinum,59200.0,23737.73,0,Active,2023-05-14
CC007568,C08279,Classic,81300.0,45936.4,0,Active,2022-08-09
CC007569,C10365,Gold,20000.0,1131.34,0,Active,2024-07-08
CC007570,C09603,Platinum,101000.0,30487.44,1999,Active,2022-03-11
CC007571,C10209,Gold,102100.0,13020.41,0,Active,2023-03-16
CC007572,C02955,Gold,47400.0,5025.63,2999,Active,2025-01-30
CC007573,C00178,Classic,121600.0,42285.5,1999,Closed,2022-03-13
CC007574,C09785,Gold,26400.0,3737.03,0,Active,2024-08-29
CC007575,C06121,Signature,39500.0,6238.42,999,Active,2025-05-10
CC007576,C06707,Classic,50300.0,26220.91,999,Active,2025-08-26
CC007577,C06421,Platinum,20300.0,16568.63,0,Closed,2023-03-30
CC007578,C01779,Gold,27200.0,10205.59,499,Active,2023-08-06
CC007579,C02926,Gold,27200.0,13671.02,2999,Active,2023-06-24
CC007580,C11745,Gold,47700.0,25212.92,499,Active,2022-11-15
CC007581,C04273,Gold,46000.0,18555.47,0,Active,2023-12-03
CC007582,C14224,Gold,43900.0,12430.83,0,Active,2022-10-31
CC007583,C09926,Gold,59800.0,11010.51,2999,Blocked,2022-06-30
CC007584,C09648,Platinum,88800.0,21726.48,1999,Active,2023-05-16
CC007585,C00327,Gold,72200.0,24084.22,0,Active,2025-08-30
CC007586,C00188,Platinum,41200.0,10177.64,499,Active,2024-02-05
CC007587,C05614,Platinum,73500.0,27503.7,999,Active,2023-03-27
CC007588,C00972,Gold,101400.0,17811.76,0,Active,2022-12-06
CC007589,C12318,Classic,25500.0,4383.01,0,Active,2023-11-03
CC007590,C07845,Classic,181400.0,11596.57,0,Active,2025-08-31
CC007591,C04460,Classic,46200.0,6097.46,499,Active,2023-07-21
CC007592,C12121,Classic,33100.0,6651.44,499,Active,2025-02-08
CC007593,C13675,Signature,29600.0,3403.6,499,Active,2022-10-26
CC007594,C05811,Platinum,48500.0,11078.04,999,Active,2022-02-26
CC007595,C01265,Signature,42100.0,18797.69,999,Active,2025-07-16
CC007596,C08455,Classic,102300.0,59157.94,499,Active,2023-11-12
CC007597,C14306,Gold,76300.0,18250.32,999,Active,2023-06-14
CC007598,C04639,Gold,104500.0,24613.27,499,Active,2024-09-18
CC007599,C05365,Classic,24900.0,6430.93,0,Active,2023-07-13
CC007600,C14328,Classic,68400.0,10133.29,0,Active,2024-01-09
CC007601,C01601,Classic,76700.0,11723.21,499,Active,2025-08-23
CC007602,C08921,Gold,119900.0,11910.25,499,Active,2022-03-11
CC007603,C08561,Platinum,67800.0,41961.64,0,Active,2025-02-28
CC007604,C06580,Classic,20000.0,4292.89,1999,Active,2022-09-07
CC007605,C05791,Classic,80700.0,15448.51,1999,Active,2024-05-15
CC007606,C02798,Classic,46500.0,23259.77,499,Active,2022-05-12
CC007607,C02573,Gold,70500.0,36790.61,499,Active,2022-10-03
CC007608,C04981,Classic,45100.0,9536.54,499,Blocked,2022-12-20
CC007609,C03174,Gold,59000.0,31728.04,499,Active,2025-01-13
CC007610,C04988,Gold,49300.0,25187.38,999,Active,2024-02-23
CC007611,C11557,Classic,106800.0,19494.96,499,Active,2025-07-17
CC007612,C09658,Gold,127800.0,72498.86,0,Blocked,2023-09-30
CC007613,C06861,Classic,23800.0,2188.31,1999,Active,2024-01-21
CC007614,C12271,Platinum,67500.0,17215.88,2999,Active,2022-08-12
CC007615,C08457,Platinum,20000.0,7594.76,0,Active,2022-11-19
CC007616,C06432,Gold,41700.0,25556.3,499,Active,2023-03-07
CC007617,C02277,Platinum,108300.0,37110.25,0,Active,2024-02-03
CC007618,C01329,Signature,38200.0,17240.07,999,Active,2023-09-09
CC007619,C08233,Signature,47100.0,23287.36,0,Active,2022-07-06
CC007620,C13008,Classic,20000.0,5883.03,0,Active,2024-06-21
CC007621,C02905,Platinum,95000.0,27465.25,1999,Active,2022-07-21
CC007622,C07442,Signature,93400.0,27870.76,1999,Active,2025-09-24
CC007623,C00561,Gold,21600.0,4083.98,1999,Active,2023-11-03
CC007624,C05999,Platinum,53600.0,22185.7,0,Active,2024-11-01
CC007625,C05088,Classic,33000.0,9639.17,1999,Active,2023-04-06
CC007626,C05817,Gold,67100.0,22351.84,0,Active,2024-08-24
CC007627,C08521,Gold,243900.0,131100.74,499,Active,2022-05-21
CC007628,C06941,Platinum,38300.0,4600.35,1999,Active,2023-01-15
CC007629,C05255,Gold,29300.0,6222.32,999,Active,2024-05-11
CC007630,C11526,Platinum,138200.0,24026.23,0,Active,2022-05-11
CC007631,C14396,Platinum,28300.0,6382.54,499,Active,2024-04-25
CC007632,C00964,Platinum,52200.0,26278.1,499,Closed,2023-09-20
CC007633,C02706,Classic,41600.0,15596.57,0,Active,2024-12-12
CC007634,C08185,Platinum,35600.0,15992.36,0,Active,2022-04-12
CC007635,C03655,Gold,20000.0,6818.42,999,Blocked,2023-07-03
CC007636,C09832,Classic,38100.0,12976.54,1999,Active,2023-03-28
CC007637,C02531,Gold,42400.0,21039.96,0,Active,2025-07-06
CC007638,C02295,Platinum,69600.0,20732.32,1999,Active,2025-05-19
CC007639,C04716,Classic,74400.0,11848.62,2999,Active,2022-11-11
CC007640,C10457,Gold,81300.0,46926.33,0,Active,2025-12-09
CC007641,C01368,Signature,20000.0,4069.62,0,Active,2022-04-20
CC007642,C08142,Gold,93800.0,28482.33,999,Active,2022-07-23
CC007643,C12171,Classic,47600.0,16813.83,0,Active,2022-10-25
CC007644,C07843,Platinum,20000.0,4642.11,999,Active,2025-12-08
CC007645,C10571,Platinum,152700.0,60412.95,499,Active,2024-04-14
CC007646,C03691,Classic,50500.0,15118.9,999,Active,2022-08-05
CC007647,C04414,Classic,60900.0,10037.52,499,Active,2025-01-19
CC007648,C06990,Gold,53000.0,23180.66,499,Closed,2025-06-10
CC007649,C04811,Gold,61200.0,24110.39,499,Active,2024-04-11
CC007650,C11689,Gold,20000.0,12071.6,0,Active,2022-02-11
CC007651,C02892,Classic,28300.0,20342.42,1999,Active,2025-08-16
CC007652,C08879,Platinum,20000.0,2818.21,999,Active,2023-05-03
CC007653,C10087,Gold,30800.0,6929.89,499,Active,2024-07-25
CC007654,C06097,Platinum,93000.0,34009.56,2999,Active,2023-12-22
CC007655,C11569,Platinum,107700.0,23146.82,499,Active,2024-04-20
CC007656,C05025,Classic,45100.0,5070.47,0,Active,2025-08-04
CC007657,C13842,Signature,95800.0,28647.95,0,Active,2022-06-02
CC007658,C04421,Classic,59800.0,25423.61,0,Active,2023-09-19
CC007659,C02879,Platinum,56400.0,4655.13,999,Active,2024-12-25
CC007660,C12266,Gold,62000.0,27066.56,0,Active,2023-01-14
CC007661,C08350,Platinum,25700.0,17392.74,999,Active,2023-01-04
CC007662,C12547,Classic,67300.0,4076.76,1999,Active,2022-09-30
CC007663,C06262,Gold,40100.0,18357.63,999,Active,2025-10-29
CC007664,C08277,Gold,105900.0,23078.76,499,Active,2023-02-22
CC007665,C14468,Gold,64900.0,16583.42,0,Active,2025-05-20
CC007666,C02496,Classic,20100.0,5860.02,1999,Active,2023-07-20
CC007667,C06700,Gold,52200.0,19838.66,0,Active,2024-08-15
CC007668,C08931,Gold,48300.0,9167.27,0,Active,2024-12-05
CC007669,C04673,Platinum,37800.0,12207.05,499,Active,2025-09-02
CC007670,C13276,Gold,80500.0,42497.65,2999,Active,2023-06-06
CC007671,C12266,Signature,38200.0,11364.74,499,Active,2023-11-26
CC007672,C14213,Gold,20000.0,4292.69,0,Active,2025-01-25
CC007673,C01233,Signature,63000.0,27884.22,999,Active,2025-12-27
CC007674,C06102,Classic,28800.0,11338.92,499,Active,2025-06-10
CC007675,C07150,Platinum,75600.0,30215.51,499,Active,2025-01-26
CC007676,C01358,Platinum,36100.0,6381.37,499,Active,2023-07-22
CC007677,C00127,Platinum,236000.0,20151.36,0,Active,2024-07-02
CC007678,C04121,Platinum,143700.0,71378.69,0,Active,2024-03-20
CC007679,C06987,Classic,48900.0,9235.36,999,Active,2025-01-17
CC007680,C01315,Gold,23600.0,6769.55,499,Active,2025-01-09
CC007681,C12977,Gold,22400.0,11079.68,1999,Active,2024-06-07
CC007682,C05943,Gold,193300.0,131127.02,499,Active,2025-03-26
CC007683,C11945,Platinum,64400.0,28695.62,999,Active,2025-01-30
CC007684,C09692,Gold,101500.0,25920.39,0,Active,2023-10-06
CC007685,C06959,Gold,75100.0,22422.06,0,Active,2024-12-04
CC007686,C14577,Classic,74600.0,11918.61,0,Active,2022-07-10
CC007687,C00208,Gold,49300.0,19015.88,999,Active,2025-05-12
CC007688,C07414,Gold,34400.0,12612.72,1999,Active,2022-07-16
CC007689,C06413,Classic,51900.0,9094.62,0,Active,2025-04-12
CC007690,C00096,Platinum,51500.0,20222.78,0,Blocked,2024-01-26
CC007691,C07567,Gold,34900.0,5375.88,499,Active,2023-11-27
CC007692,C10974,Gold,49000.0,6897.45,1999,Blocked,2024-02-05
CC007693,C13685,Platinum,33600.0,11410.07,1999,Blocked,2022-08-27
CC007694,C04319,Classic,61800.0,22261.68,0,Active,2025-03-29
CC007695,C04097,Classic,20800.0,7426.21,499,Active,2025-02-14
CC007696,C14431,Platinum,22500.0,18337.62,499,Active,2025-06-09
CC007697,C13746,Signature,66300.0,11252.2,2999,Active,2023-08-04
CC007698,C14400,Classic,22100.0,13068.48,999,Active,2024-11-26
CC007699,C08005,Signature,20000.0,4095.45,0,Active,2022-07-18
CC007700,C03666,Gold,52200.0,35595.55,0,Active,2025-02-01
CC007701,C09281,Classic,58300.0,8509.15,0,Active,2025-02-23
CC007702,C07773,Classic,57500.0,13191.6,499,Active,2022-05-14
CC007703,C07487,Gold,53800.0,3553.54,499,Active,2022-07-30
CC007704,C12647,Classic,38200.0,16354.73,499,Active,2024-04-08
CC007705,C10806,Classic,89100.0,21199.4,499,Active,2025-11-22
CC007706,C13498,Gold,46900.0,22329.59,0,Active,2024-01-22
CC007707,C09578,Gold,63200.0,7380.37,999,Active,2024-01-21
CC007708,C09893,Classic,77300.0,64368.33,0,Active,2024-06-25
CC007709,C04173,Classic,34100.0,8300.69,0,Active,2024-01-15
CC007710,C06245,Platinum,20000.0,2888.89,0,Closed,2023-06-12
CC007711,C10857,Platinum,25700.0,11790.78,1999,Active,2022-02-09
CC007712,C01622,Gold,36500.0,11795.85,999,Active,2022-01-06
CC007713,C13710,Gold,34500.0,11361.32,1999,Active,2023-03-29
CC007714,C13933,Classic,52800.0,16481.73,999,Active,2023-11-07
CC007715,C05509,Gold,30400.0,4414.98,499,Active,2022-06-02
CC007716,C07734,Platinum,23400.0,10468.46,499,Active,2022-09-25
CC007717,C02841,Gold,109600.0,16660.39,0,Active,2024-10-06
CC007718,C14134,Classic,49500.0,11297.09,999,Active,2025-03-18
CC007719,C03467,Gold,30000.0,16429.62,0,Active,2024-01-11
CC007720,C10448,Gold,40900.0,10129.48,999,Blocked,2025-12-18
CC007721,C14096,Platinum,32700.0,7490.1,1999,Active,2023-03-28
CC007722,C01243,Gold,20000.0,7586.34,1999,Active,2023-12-16
CC007723,C05449,Platinum,90000.0,6009.46,0,Active,2023-03-29
CC007724,C14406,Platinum,51100.0,30554.28,499,Active,2023-08-06
CC007725,C02113,Classic,103000.0,34183.19,499,Closed,2024-10-26
CC007726,C03432,Signature,84200.0,14190.92,499,Active,2025-09-30
CC007727,C10787,Gold,62800.0,20629.71,499,Active,2025-07-18
CC007728,C00470,Gold,64800.0,5765.49,1999,Active,2022-07-06
CC007729,C06469,Gold,28000.0,4725.43,499,Active,2022-11-25
CC007730,C06577,Signature,95100.0,33961.56,499,Active,2025-02-17
CC007731,C00236,Classic,73800.0,24341.84,499,Blocked,2023-11-19
CC007732,C00170,Gold,56000.0,28029.92,0,Active,2024-02-12
CC007733,C03530,Gold,96500.0,33717.25,2999,Active,2022-05-19
CC007734,C08845,Classic,63900.0,8052.88,999,Active,2024-06-23
CC007735,C10012,Classic,38000.0,14809.28,0,Active,2023-01-18
CC007736,C10621,Classic,63900.0,19959.3,0,Active,2022-05-18
CC007737,C00465,Classic,24100.0,5901.24,0,Closed,2024-02-10
CC007738,C01909,Signature,35000.0,6597.34,2999,Active,2025-06-02
CC007739,C09914,Classic,39100.0,9794.95,0,Active,2024-06-01
CC007740,C06311,Gold,30500.0,7437.64,1999,Active,2022-11-12
CC007741,C01663,Platinum,170000.0,89781.08,499,Active,2025-08-19
CC007742,C03379,Platinum,20200.0,8851.56,0,Active,2023-09-20
CC007743,C07846,Platinum,20000.0,6687.31,0,Active,2024-03-24
CC007744,C13556,Classic,20000.0,919.1,999,Active,2025-12-09
CC007745,C00116,Gold,238900.0,90969.1,0,Active,2022-04-06
CC007746,C00820,Signature,47200.0,6922.24,1999,Active,2024-05-15
CC007747,C12972,Gold,73800.0,14606.11,0,Active,2025-06-02
CC007748,C05629,Gold,20000.0,4927.67,499,Blocked,2024-11-24
CC007749,C06778,Gold,32300.0,16667.78,999,Active,2024-10-22
CC007750,C00533,Platinum,39200.0,11112.0,0,Blocked,2023-12-27
CC007751,C11390,Gold,34000.0,15989.61,0,Active,2022-03-02
CC007752,C11710,Gold,40900.0,18706.14,999,Active,2024-01-26
CC007753,C01676,Gold,97800.0,44558.72,0,Active,2025-09-15
CC007754,C00191,Signature,20000.0,2380.2,499,Active,2025-04-04
CC007755,C01072,Classic,49800.0,17579.56,0,Active,2022-02-13
CC007756,C11357,Platinum,53900.0,12425.45,2999,Active,2025-06-12
CC007757,C02537,Classic,26600.0,6334.82,0,Active,2023-09-07
CC007758,C06700,Classic,43800.0,10155.75,999,Active,2022-07-19
CC007759,C09044,Classic,58400.0,20629.18,499,Active,2024-06-02
CC007760,C14065,Signature,43200.0,4506.22,499,Active,2024-06-24
CC007761,C10292,Classic,20000.0,5216.07,499,Active,2024-10-30
CC007762,C08658,Classic,112600.0,54155.06,0,Closed,2024-12-09
CC007763,C10329,Classic,20000.0,11266.22,499,Active,2025-12-01
CC007764,C10028,Gold,35700.0,9441.27,499,Closed,2025-03-29
CC007765,C09041,Gold,20000.0,3139.68,499,Active,2025-12-07
CC007766,C00181,Gold,92300.0,17293.43,999,Active,2024-03-21
CC007767,C00477,Classic,49900.0,11568.85,999,Active,2024-04-04
CC007768,C02809,Gold,68600.0,30542.79,999,Active,2025-03-05
CC007769,C02086,Platinum,126300.0,36088.41,1999,Active,2022-03-17
CC007770,C06058,Classic,125200.0,32917.63,0,Blocked,2022-12-28
CC007771,C04710,Classic,203200.0,42882.08,0,Closed,2024-03-09
CC007772,C06202,Classic,206300.0,95980.79,499,Active,2023-05-31
CC007773,C13843,Platinum,34300.0,12536.32,0,Active,2023-10-30
CC007774,C01769,Gold,87200.0,15914.84,2999,Closed,2024-12-03
CC007775,C12883,Classic,40400.0,7207.32,1999,Active,2025-09-11
CC007776,C06043,Classic,56500.0,10580.09,999,Blocked,2025-03-21
CC007777,C10733,Classic,51200.0,15502.27,499,Active,2022-08-15
CC007778,C00002,Gold,39300.0,13629.31,499,Active,2024-02-29
CC007779,C03551,Platinum,93100.0,19996.85,0,Active,2022-08-06
CC007780,C12599,Platinum,51300.0,16351.61,999,Active,2022-04-16
CC007781,C03035,Classic,80200.0,19468.1,0,Active,2024-03-20
CC007782,C01609,Classic,40100.0,19484.18,0,Active,2024-09-30
CC007783,C11388,Classic,79400.0,1588.0,999,Closed,2022-09-21
CC007784,C01390,Platinum,42300.0,14004.19,0,Active,2024-04-02
CC007785,C01178,Classic,79300.0,22468.59,499,Active,2022-11-22
CC007786,C05770,Classic,45700.0,31104.82,499,Active,2022-03-06
CC007787,C01289,Classic,42800.0,20733.35,999,Active,2023-05-14
CC007788,C13698,Classic,57200.0,8750.68,999,Active,2025-08-02
CC007789,C09155,Classic,92700.0,11188.63,2999,Active,2025-08-11
CC007790,C03432,Platinum,20000.0,8286.28,499,Closed,2025-03-25
CC007791,C07173,Classic,31500.0,12932.34,1999,Active,2023-06-08
CC007792,C08680,Classic,52000.0,10046.03,0,Active,2024-03-05
CC007793,C03406,Gold,55300.0,41249.7,0,Active,2024-07-28
CC007794,C03473,Classic,20000.0,5260.23,1999,Active,2022-04-09
CC007795,C12839,Signature,22300.0,10422.35,2999,Active,2025-11-13
CC007796,C07180,Gold,65200.0,21617.54,1999,Active,2023-08-08
CC007797,C07843,Gold,54400.0,20742.56,499,Blocked,2022-07-04
CC007798,C12977,Gold,20000.0,6625.98,0,Active,2025-09-09
CC007799,C08295,Platinum,37100.0,7396.21,1999,Active,2022-05-09
CC007800,C06490,Gold,67500.0,5140.55,0,Active,2023-07-14
CC007801,C02782,Signature,21000.0,1291.89,0,Blocked,2023-09-17
CC007802,C10076,Platinum,32800.0,7912.47,0,Active,2022-09-17
CC007803,C06637,Signature,25400.0,6198.09,0,Closed,2025-07-25
CC007804,C10005,Gold,30200.0,6581.69,999,Active,2022-02-10
CC007805,C03772,Platinum,97000.0,31183.45,999,Closed,2025-06-18
CC007806,C14251,Platinum,53600.0,13214.63,0,Active,2025-02-06
CC007807,C01934,Platinum,52700.0,13792.82,999,Active,2022-03-28
CC007808,C02910,Signature,60400.0,18844.45,2999,Active,2022-10-23
CC007809,C06324,Signature,91300.0,37310.02,2999,Active,2024-04-02
CC007810,C13108,Classic,45900.0,8329.49,1999,Active,2023-04-14
CC007811,C09041,Platinum,67500.0,14301.74,0,Active,2022-11-14
CC007812,C13972,Platinum,25100.0,5792.0,0,Active,2023-12-09
CC007813,C12780,Platinum,82400.0,6654.64,499,Active,2022-03-03
CC007814,C07010,Platinum,50400.0,11714.03,2999,Active,2024-02-15
CC007815,C06806,Gold,96500.0,36964.91,0,Active,2023-03-18
CC007816,C04987,Classic,117700.0,24164.43,499,Active,2024-12-17
CC007817,C05533,Gold,34200.0,16582.56,0,Active,2023-03-29
CC007818,C00826,Platinum,37500.0,12006.73,999,Active,2025-03-22
CC007819,C09876,Classic,81700.0,52223.04,999,Active,2022-05-18
CC007820,C12241,Platinum,22900.0,3447.34,499,Active,2023-01-01
CC007821,C09089,Gold,23400.0,6243.29,999,Active,2022-03-04
CC007822,C06124,Classic,73300.0,18684.86,2999,Active,2024-06-10
CC007823,C06356,Classic,35600.0,24818.74,1999,Active,2024-12-21
CC007824,C08112,Classic,55600.0,24790.19,1999,Active,2025-05-07
CC007825,C04557,Signature,36000.0,6713.45,499,Active,2023-12-26
CC007826,C10716,Platinum,49200.0,10615.32,499,Active,2022-10-01
CC007827,C07303,Gold,30900.0,3947.73,0,Active,2025-05-17
CC007828,C05447,Classic,33400.0,12456.06,999,Active,2022-11-06
CC007829,C11521,Gold,25100.0,9159.7,499,Active,2024-09-29
CC007830,C13209,Gold,20000.0,3846.93,0,Active,2022-07-05
CC007831,C06039,Platinum,56200.0,16553.74,499,Active,2022-06-09
CC007832,C14374,Signature,32100.0,6384.76,1999,Active,2025-07-11
CC007833,C14447,Gold,29600.0,8601.14,2999,Blocked,2022-10-29
CC007834,C10938,Platinum,65900.0,28762.17,1999,Active,2025-10-16
CC007835,C10320,Gold,93500.0,21402.65,0,Active,2022-11-06
CC007836,C09708,Gold,37800.0,5405.36,999,Active,2024-03-10
CC007837,C05189,Gold,109100.0,22059.89,0,Active,2022-12-11
CC007838,C13671,Gold,20000.0,6841.28,0,Closed,2025-09-18
CC007839,C07314,Gold,65500.0,9967.77,999,Active,2022-08-26
CC007840,C10058,Classic,37600.0,16548.4,0,Active,2023-06-26
CC007841,C06452,Gold,36600.0,18633.06,499,Active,2024-02-21
CC007842,C03974,Platinum,41300.0,7703.99,0,Active,2025-07-21
CC007843,C08395,Platinum,56200.0,22727.98,0,Active,2025-05-28
CC007844,C14109,Signature,45600.0,10225.46,499,Active,2025-09-23
CC007845,C02163,Platinum,20000.0,909.9,499,Active,2023-04-03
CC007846,C07035,Signature,43700.0,13675.34,0,Active,2022-10-09
CC007847,C14459,Classic,64700.0,7726.65,499,Active,2024-01-17
CC007848,C09006,Signature,39500.0,5988.83,999,Active,2022-06-22
CC007849,C05319,Platinum,64700.0,9628.15,999,Active,2022-08-06
CC007850,C09443,Platinum,106000.0,26075.52,999,Active,2024-11-27
CC007851,C12804,Gold,24700.0,3246.16,499,Active,2023-05-31
CC007852,C08485,Classic,24000.0,10593.88,499,Active,2023-06-06
CC007853,C05904,Gold,93400.0,37136.18,499,Active,2023-06-08
CC007854,C03212,Classic,84700.0,4527.99,499,Active,2025-01-03
CC007855,C06449,Gold,32000.0,18024.08,499,Blocked,2022-06-22
CC007856,C05703,Platinum,80200.0,26356.52,1999,Active,2022-09-13
CC007857,C11779,Gold,70500.0,6477.18,499,Active,2022-01-31
CC007858,C13518,Gold,38600.0,8684.41,499,Active,2024-09-03
CC007859,C02559,Classic,127600.0,41774.01,1999,Active,2025-07-25
CC007860,C00548,Classic,21900.0,6319.3,999,Blocked,2024-02-22
CC007861,C11691,Platinum,20000.0,2300.58,1999,Active,2024-09-10
CC007862,C06082,Gold,38000.0,4444.72,499,Active,2024-08-27
CC007863,C07755,Gold,107200.0,38442.85,0,Active,2025-02-16
CC007864,C13140,Gold,97300.0,47556.03,0,Active,2022-12-21
CC007865,C08109,Classic,32200.0,14429.1,0,Active,2022-06-01
CC007866,C04704,Classic,38900.0,18997.13,499,Closed,2024-12-14
CC007867,C13677,Gold,32000.0,4173.24,0,Active,2025-04-29
CC007868,C07178,Classic,45400.0,9246.05,499,Active,2025-05-08
CC007869,C01494,Platinum,27200.0,20009.52,1999,Active,2023-03-26
CC007870,C14108,Classic,257300.0,160758.39,999,Active,2022-12-17
CC007871,C12614,Signature,88400.0,9323.68,2999,Active,2025-05-19
CC007872,C07910,Signature,24000.0,8416.87,0,Closed,2024-04-08
CC007873,C02151,Signature,110300.0,24474.75,499,Active,2025-12-08
CC007874,C01034,Classic,46900.0,23605.83,0,Active,2024-11-24
CC007875,C00066,Gold,45900.0,24919.53,0,Active,2022-06-26
CC007876,C12134,Classic,66800.0,34828.0,999,Active,2024-04-18
CC007877,C01660,Platinum,108300.0,30708.88,499,Active,2025-08-27
CC007878,C00241,Gold,59200.0,41094.92,0,Active,2025-02-01
CC007879,C13541,Platinum,20000.0,400.0,499,Active,2025-07-25
CC007880,C10046,Signature,20000.0,4376.94,0,Active,2024-01-18
CC007881,C13754,Classic,30200.0,14140.6,0,Active,2024-06-16
CC007882,C03418,Classic,69500.0,29049.89,999,Closed,2022-08-08
CC007883,C03404,Platinum,21300.0,8437.69,1999,Closed,2022-08-09
CC007884,C09464,Classic,20000.0,12073.56,499,Closed,2023-11-01
CC007885,C12377,Classic,166900.0,16272.09,0,Active,2022-01-28
CC007886,C06066,Classic,29700.0,6011.85,1999,Active,2022-01-10
CC007887,C11228,Classic,42500.0,15965.74,499,Active,2024-07-29
CC007888,C07517,Signature,31000.0,4493.12,2999,Active,2025-09-24
CC007889,C13443,Classic,131000.0,52763.36,499,Active,2025-05-09
CC007890,C03790,Gold,70100.0,26957.6,499,Active,2025-05-15
CC007891,C11903,Classic,123900.0,9529.7,499,Active,2025-06-26
CC007892,C10232,Gold,87500.0,26247.78,0,Closed,2023-06-27
CC007893,C04310,Platinum,20000.0,10070.0,0,Active,2025-02-22
CC007894,C14827,Gold,41900.0,12422.45,2999,Active,2025-07-27
CC007895,C04416,Gold,29800.0,6363.75,999,Active,2024-09-02
CC007896,C11399,Gold,95900.0,3976.52,999,Active,2023-03-26
CC007897,C14672,Platinum,57000.0,26972.91,499,Active,2024-05-03
CC007898,C13516,Classic,23600.0,7062.18,999,Active,2023-01-21
CC007899,C02956,Classic,29100.0,7562.54,0,Active,2024-05-08
CC007900,C03871,Gold,53900.0,22405.69,0,Active,2023-02-11
CC007901,C07926,Signature,120300.0,24466.48,999,Active,2023-10-26
CC007902,C06423,Classic,106000.0,66007.14,1999,Active,2022-05-11
CC007903,C04705,Gold,82300.0,12609.56,499,Active,2025-07-03
CC007904,C07305,Platinum,41000.0,9612.43,499,Active,2023-10-22
CC007905,C11820,Gold,20000.0,3058.95,1999,Active,2025-05-24
CC007906,C03495,Platinum,29200.0,7840.83,999,Active,2024-12-04
CC007907,C06602,Signature,118300.0,13430.64,499,Active,2025-05-19
CC007908,C04838,Signature,20000.0,7552.33,0,Active,2025-01-15
CC007909,C00746,Classic,68700.0,25755.33,499,Active,2024-01-30
CC007910,C09669,Platinum,51200.0,24587.37,0,Active,2022-04-25
CC007911,C05718,Platinum,26000.0,4505.9,999,Active,2025-08-27
CC007912,C12144,Classic,65000.0,34008.07,0,Closed,2025-07-10
CC007913,C12809,Signature,186500.0,54341.74,999,Active,2025-05-25
CC007914,C12519,Classic,67000.0,20814.36,1999,Active,2022-07-17
CC007915,C06050,Gold,20000.0,9318.43,0,Active,2023-07-24
CC007916,C13480,Classic,57600.0,18946.4,1999,Active,2023-04-17
CC007917,C05680,Platinum,55800.0,32855.98,499,Active,2024-04-16
CC007918,C10747,Classic,52500.0,19574.75,499,Active,2022-08-20
CC007919,C08787,Gold,36800.0,14382.9,999,Active,2022-05-28
CC007920,C01821,Gold,86400.0,32431.01,0,Active,2023-05-09
CC007921,C04192,Classic,27900.0,9777.79,0,Active,2025-09-14
CC007922,C11830,Signature,81100.0,8673.93,0,Active,2023-12-29
CC007923,C01667,Classic,81000.0,12270.04,0,Active,2024-04-24
CC007924,C14912,Gold,43700.0,9163.61,0,Active,2025-11-28
CC007925,C14838,Gold,77700.0,10964.25,0,Active,2025-06-14
CC007926,C09464,Platinum,65000.0,11767.94,0,Active,2023-11-09
CC007927,C00524,Gold,20000.0,3348.2,1999,Active,2022-09-11
CC007928,C07933,Platinum,91200.0,10228.34,0,Active,2024-06-18
CC007929,C07070,Platinum,46500.0,14091.92,0,Active,2025-08-19
CC007930,C09606,Signature,20000.0,4888.81,0,Active,2025-09-28
CC007931,C10517,Classic,30800.0,15422.81,999,Active,2024-08-09
CC007932,C04125,Classic,43700.0,10355.4,2999,Active,2022-08-31
CC007933,C01948,Platinum,83100.0,6339.89,999,Active,2022-02-17
CC007934,C11892,Platinum,128000.0,69932.34,499,Active,2022-08-28
CC007935,C05791,Gold,22500.0,15020.65,0,Active,2025-04-17
CC007936,C07792,Classic,20000.0,2144.46,1999,Active,2024-09-23
CC007937,C06472,Platinum,27200.0,6630.62,999,Active,2023-05-20
CC007938,C04769,Gold,93900.0,20671.89,499,Closed,2022-02-16
CC007939,C02582,Gold,83600.0,17376.89,1999,Blocked,2025-09-21
CC007940,C07109,Platinum,121500.0,28571.36,0,Active,2024-11-19
CC007941,C14109,Platinum,42700.0,15088.1,0,Active,2022-03-01
CC007942,C02838,Gold,35300.0,14168.67,499,Active,2024-06-19
CC007943,C08927,Classic,20000.0,9869.45,499,Active,2024-01-14
CC007944,C00655,Platinum,33200.0,11898.18,0,Active,2025-12-27
CC007945,C05317,Classic,53500.0,9484.09,999,Active,2024-02-06
CC007946,C09070,Gold,63500.0,23164.36,999,Closed,2022-07-21
CC007947,C10974,Gold,107700.0,51245.82,2999,Active,2023-03-19
CC007948,C10086,Platinum,20000.0,7546.55,0,Active,2022-05-30
CC007949,C02688,Gold,88700.0,31202.8,499,Active,2025-10-26
CC007950,C14836,Gold,66100.0,28886.24,999,Active,2024-06-22
CC007951,C00078,Platinum,20000.0,3050.35,1999,Blocked,2023-01-07
CC007952,C14715,Signature,42200.0,5703.14,0,Active,2022-06-23
CC007953,C02565,Signature,23300.0,6633.57,0,Active,2023-12-06
CC007954,C10115,Gold,41400.0,8417.59,499,Active,2025-02-03
CC007955,C14174,Platinum,69500.0,37644.37,999,Active,2023-12-19
CC007956,C13050,Classic,29400.0,11477.9,0,Active,2023-11-28
CC007957,C10654,Gold,38300.0,12316.42,0,Active,2022-11-04
CC007958,C09801,Classic,87300.0,14014.69,1999,Active,2024-11-17
CC007959,C04975,Classic,23800.0,5012.26,499,Active,2023-08-26
CC007960,C02531,Platinum,56200.0,13431.03,0,Active,2024-07-10
CC007961,C03265,Classic,59000.0,26108.24,499,Active,2023-12-28
CC007962,C11135,Platinum,35900.0,11532.15,499,Active,2023-02-09
CC007963,C03078,Gold,53900.0,18217.04,1999,Active,2023-09-27
CC007964,C08509,Classic,65600.0,12270.63,0,Active,2025-06-28
CC007965,C02780,Gold,41600.0,7653.96,1999,Active,2022-09-30
CC007966,C11913,Gold,21100.0,5813.04,499,Active,2024-11-04
CC007967,C00350,Classic,40500.0,9827.51,499,Active,2022-11-06
CC007968,C06984,Classic,53100.0,22751.41,999,Active,2022-02-16
CC007969,C07432,Gold,40600.0,9045.1,499,Active,2025-04-30
CC007970,C08143,Platinum,109700.0,65757.26,499,Active,2024-06-04
CC007971,C05448,Classic,48100.0,3741.13,499,Active,2025-09-13
CC007972,C13603,Platinum,28200.0,3153.11,1999,Active,2022-08-10
CC007973,C04350,Gold,41800.0,22995.25,999,Blocked,2023-09-26
CC007974,C02986,Platinum,45600.0,15530.8,0,Closed,2025-01-26
CC007975,C02152,Classic,42900.0,6676.92,0,Active,2025-08-05
CC007976,C14153,Gold,30700.0,11623.99,2999,Active,2022-04-23
CC007977,C05624,Gold,49500.0,13226.97,0,Active,2022-01-20
CC007978,C12762,Platinum,23600.0,7081.19,0,Active,2024-09-27
CC007979,C03084,Classic,121900.0,24687.81,499,Active,2023-12-25
CC007980,C02717,Platinum,73600.0,25072.93,499,Active,2024-03-15
CC007981,C01476,Signature,39600.0,11636.91,999,Closed,2025-07-12
CC007982,C13632,Platinum,33200.0,4446.56,999,Blocked,2025-03-22
CC007983,C05170,Gold,81400.0,60008.32,0,Active,2025-12-25
CC007984,C14254,Gold,20000.0,7835.05,499,Active,2024-01-31
CC007985,C09841,Signature,32100.0,5900.52,999,Active,2023-10-04
CC007986,C08676,Platinum,35600.0,18924.3,0,Active,2023-07-31
CC007987,C07179,Classic,62600.0,37419.18,2999,Active,2025-01-13
CC007988,C02367,Classic,57700.0,31268.72,0,Active,2025-08-17
CC007989,C06105,Gold,121700.0,33108.55,999,Blocked,2024-05-19
CC007990,C14400,Classic,40300.0,9567.83,499,Active,2024-08-26
CC007991,C11498,Classic,25400.0,8081.22,0,Active,2025-05-27
CC007992,C07467,Signature,20000.0,13335.65,999,Active,2024-09-27
CC007993,C11507,Classic,31000.0,11144.76,0,Active,2024-02-06
CC007994,C07084,Gold,39400.0,9440.3,499,Closed,2023-08-23
CC007995,C07701,Gold,102000.0,23090.67,999,Active,2022-06-08
CC007996,C08910,Classic,45000.0,12634.72,0,Active,2024-10-30
CC007997,C04361,Platinum,117600.0,24967.3,0,Active,2024-09-12
CC007998,C14984,Platinum,21600.0,11813.33,499,Active,2022-03-04
CC007999,C13855,Gold,37700.0,8698.58,499,Active,2022-11-20
CC008000,C13692,Classic,160000.0,50357.38,1999,Active,2024-06-10
CC008001,C10947,Platinum,50900.0,7058.03,1999,Active,2024-03-21
CC008002,C06898,Classic,28900.0,5478.44,999,Active,2024-08-08
CC008003,C11409,Platinum,187700.0,44628.9,0,Active,2025-04-14
CC008004,C00480,Gold,68400.0,20068.23,499,Active,2025-01-25
CC008005,C03345,Platinum,84300.0,7859.9,0,Active,2022-12-05
CC008006,C02908,Gold,49200.0,20815.05,0,Active,2025-09-30
CC008007,C13726,Classic,20000.0,15141.77,999,Active,2024-06-08
CC008008,C06916,Platinum,31600.0,12071.6,999,Active,2022-01-29
CC008009,C04285,Gold,78000.0,36874.13,1999,Active,2025-02-14
CC008010,C10506,Signature,20000.0,3428.44,0,Active,2023-03-16
CC008011,C03146,Classic,30400.0,2342.7,499,Active,2025-07-14
CC008012,C07678,Classic,130800.0,41624.47,499,Active,2025-01-08
CC008013,C11864,Gold,79900.0,25413.08,0,Active,2023-10-12
CC008014,C09607,Signature,26100.0,15742.54,999,Active,2024-11-18
CC008015,C14163,Classic,46700.0,21593.83,2999,Active,2023-10-05
CC008016,C05886,Gold,26700.0,6668.19,1999,Active,2022-12-08
CC008017,C02055,Platinum,33300.0,1609.1,499,Active,2025-04-12
CC008018,C08466,Platinum,24000.0,8166.34,999,Active,2024-04-24
CC008019,C04147,Classic,34200.0,11958.51,1999,Blocked,2022-04-28
CC008020,C01828,Gold,20000.0,1454.53,0,Active,2025-08-15
CC008021,C08764,Classic,95000.0,37794.4,0,Active,2022-08-10
CC008022,C14082,Classic,84100.0,51159.31,0,Active,2025-11-21
CC008023,C13186,Platinum,31400.0,3236.29,0,Active,2025-03-03
CC008024,C00557,Gold,46600.0,10396.57,0,Active,2022-05-15
CC008025,C00534,Gold,77500.0,24292.29,1999,Active,2022-05-26
CC008026,C02811,Gold,20000.0,4463.61,999,Active,2022-04-13
CC008027,C09236,Classic,54300.0,15825.3,999,Active,2022-03-03
CC008028,C08863,Gold,38800.0,10767.26,0,Active,2024-02-26
CC008029,C08943,Platinum,20000.0,8064.26,1999,Active,2024-03-19
CC008030,C08084,Platinum,32600.0,15199.75,0,Active,2024-06-25
CC008031,C07055,Platinum,187400.0,109439.4,999,Active,2025-06-08
CC008032,C10304,Classic,40300.0,20771.38,999,Active,2023-07-08
CC008033,C07987,Classic,50600.0,12752.65,999,Active,2025-12-11
CC008034,C07879,Platinum,68200.0,22246.0,999,Closed,2025-07-10
CC008035,C02804,Gold,63900.0,12769.48,0,Active,2024-01-03
CC008036,C12777,Gold,138300.0,52592.77,999,Active,2023-12-13
CC008037,C09156,Signature,37200.0,8447.83,0,Active,2023-04-09
CC008038,C14029,Classic,54900.0,10257.64,0,Active,2024-02-12
CC008039,C14959,Classic,145400.0,34919.88,0,Active,2025-02-14
CC008040,C00482,Platinum,35800.0,4494.75,1999,Active,2024-07-22
CC008041,C11848,Classic,69000.0,36567.06,0,Active,2022-06-23
CC008042,C11561,Gold,84200.0,8623.35,1999,Active,2025-02-05
CC008043,C03678,Gold,52700.0,31237.16,2999,Active,2023-09-21
CC008044,C14080,Gold,48600.0,20647.63,0,Active,2022-07-04
CC008045,C11343,Platinum,83200.0,31729.09,999,Active,2024-10-23
CC008046,C02388,Classic,58400.0,16848.28,0,Active,2023-10-01
CC008047,C01510,Platinum,51400.0,23310.61,2999,Active,2022-03-17
CC008048,C12209,Classic,51600.0,12739.25,999,Active,2025-05-10
CC008049,C10187,Gold,39200.0,15227.24,0,Active,2022-06-13
CC008050,C14468,Classic,69200.0,29538.39,0,Active,2022-06-04
CC008051,C14308,Platinum,72900.0,11517.14,0,Active,2024-09-20
CC008052,C14481,Gold,34900.0,16414.7,0,Active,2025-02-23
CC008053,C07002,Signature,20000.0,3223.38,999,Active,2022-06-26
CC008054,C03684,Gold,54100.0,23226.13,0,Active,2024-07-03
CC008055,C06028,Platinum,36400.0,6389.07,499,Active,2025-12-13
CC008056,C10185,Signature,28300.0,15170.45,999,Active,2025-09-13
CC008057,C05332,Platinum,41900.0,13389.22,1999,Active,2025-12-06
CC008058,C09924,Gold,53800.0,10745.95,0,Active,2022-03-17
CC008059,C01264,Classic,23600.0,12068.16,0,Active,2024-10-13
CC008060,C09515,Classic,23600.0,1737.41,499,Active,2023-09-17
CC008061,C04015,Platinum,34900.0,28939.75,999,Active,2025-06-16
CC008062,C04695,Gold,20000.0,11438.04,0,Active,2023-01-19
CC008063,C02040,Classic,107000.0,12664.59,999,Active,2024-06-07
CC008064,C05613,Gold,95800.0,23338.38,2999,Active,2024-03-24
CC008065,C11046,Classic,20000.0,5409.19,499,Active,2025-07-03
CC008066,C05511,Platinum,74300.0,17483.51,999,Active,2022-05-21
CC008067,C01211,Platinum,20000.0,9158.92,1999,Active,2024-07-05
CC008068,C01777,Signature,20000.0,3994.6,0,Active,2022-05-19
CC008069,C14289,Gold,77900.0,21243.6,499,Active,2024-10-06
CC008070,C03493,Classic,40000.0,10707.29,499,Active,2024-04-30
CC008071,C09970,Classic,57800.0,26920.66,0,Active,2023-12-20
CC008072,C02730,Gold,104800.0,41542.37,999,Active,2024-09-24
CC008073,C01495,Platinum,104200.0,14159.29,999,Active,2022-03-23
CC008074,C11917,Gold,158000.0,8309.71,0,Active,2025-09-03
CC008075,C04197,Gold,87200.0,44248.11,0,Active,2025-11-05
CC008076,C07461,Classic,29100.0,3765.21,1999,Active,2024-01-13
CC008077,C00679,Classic,41100.0,4072.76,999,Active,2022-03-09
CC008078,C00415,Classic,58900.0,22472.65,0,Active,2023-05-13
CC008079,C11040,Gold,27100.0,4554.18,1999,Active,2023-05-01
CC008080,C14554,Classic,143700.0,40469.04,0,Blocked,2024-06-15
CC008081,C09241,Classic,39200.0,16924.24,1999,Closed,2023-09-01
CC008082,C01353,Gold,38700.0,10290.53,999,Active,2023-07-12
CC008083,C07803,Gold,89700.0,15905.66,999,Active,2024-10-05
CC008084,C14060,Signature,30600.0,7626.1,499,Active,2022-03-16
CC008085,C14122,Gold,44100.0,15752.39,499,Active,2024-11-04
CC008086,C02177,Signature,46300.0,12210.4,999,Active,2023-06-30
CC008087,C05397,Signature,39800.0,8659.78,0,Active,2024-05-09
CC008088,C02416,Classic,91300.0,35137.96,1999,Active,2024-12-18
CC008089,C05635,Gold,36300.0,8200.19,999,Active,2022-08-05
CC008090,C01262,Platinum,89400.0,30066.1,499,Active,2025-12-08
CC008091,C07681,Platinum,20000.0,5231.48,0,Active,2025-04-05
CC008092,C09481,Gold,40700.0,10953.68,499,Active,2023-04-07
CC008093,C00080,Platinum,34800.0,6182.05,999,Active,2025-02-12
CC008094,C03870,Platinum,42600.0,2429.49,0,Active,2023-08-15
CC008095,C01326,Classic,20000.0,2104.57,0,Active,2024-05-12
CC008096,C06581,Platinum,75800.0,35663.05,999,Active,2025-10-22
CC008097,C07304,Platinum,45500.0,25783.93,1999,Active,2023-09-16
CC008098,C09112,Signature,20000.0,1059.77,1999,Active,2024-02-15
CC008099,C12347,Signature,213300.0,38868.14,999,Active,2022-08-12
CC008100,C13436,Gold,100200.0,25505.03,0,Active,2022-03-04
CC008101,C13534,Platinum,43200.0,29716.14,1999,Active,2022-06-20
CC008102,C03451,Gold,61900.0,15705.81,0,Active,2025-02-07
CC008103,C03152,Signature,168400.0,87511.29,0,Active,2025-07-23
CC008104,C04725,Gold,37300.0,9065.73,0,Active,2022-01-10
CC008105,C09026,Gold,45200.0,33685.1,1999,Active,2024-03-14
CC008106,C05487,Platinum,36200.0,16858.79,2999,Closed,2023-09-22
CC008107,C11066,Platinum,53800.0,12706.33,1999,Active,2024-06-01
CC008108,C14830,Classic,48000.0,3380.67,999,Active,2025-07-21
CC008109,C00083,Platinum,20000.0,6567.8,999,Active,2023-03-22
CC008110,C11123,Gold,63300.0,9448.86,999,Active,2022-10-11
CC008111,C01482,Gold,22000.0,3911.75,0,Closed,2022-04-09
CC008112,C10028,Classic,48600.0,4656.1,499,Active,2022-07-25
CC008113,C10898,Classic,174900.0,20067.2,499,Active,2025-02-21
CC008114,C11145,Classic,81900.0,8466.59,499,Active,2025-07-05
CC008115,C10427,Classic,57300.0,8913.47,0,Active,2023-10-12
CC008116,C02695,Classic,62500.0,4695.61,499,Active,2022-10-07
CC008117,C12794,Classic,28600.0,15299.11,0,Active,2023-03-11
CC008118,C00089,Classic,35900.0,8133.03,999,Active,2025-09-26
CC008119,C12203,Classic,40800.0,15555.09,999,Active,2025-04-16
CC008120,C11897,Classic,63100.0,23303.49,1999,Active,2022-01-22
CC008121,C09487,Classic,52600.0,13285.19,0,Active,2025-08-18
CC008122,C09317,Platinum,38300.0,9117.47,0,Active,2022-03-18
CC008123,C11400,Classic,26000.0,8817.32,0,Active,2024-03-28
CC008124,C05253,Gold,56400.0,12394.5,0,Closed,2022-11-07
CC008125,C07440,Classic,42100.0,13728.73,1999,Active,2024-06-11
CC008126,C05078,Gold,170800.0,63010.81,499,Active,2025-08-05
CC008127,C02657,Platinum,48600.0,3078.36,499,Active,2025-04-06
CC008128,C00343,Classic,57600.0,21368.25,499,Active,2022-04-11
CC008129,C11140,Classic,20000.0,10213.43,0,Active,2023-08-02
CC008130,C10321,Classic,51200.0,15122.84,1999,Active,2023-06-10
CC008131,C02622,Gold,30800.0,14660.38,999,Active,2024-06-04
CC008132,C01910,Signature,119600.0,40606.87,0,Active,2023-10-26
CC008133,C03081,Gold,168500.0,50197.92,999,Active,2023-09-04
CC008134,C10701,Platinum,23000.0,6827.48,499,Active,2025-08-18
CC008135,C13837,Platinum,95800.0,20071.79,0,Active,2025-05-25
CC008136,C06775,Classic,37700.0,16005.37,1999,Active,2025-05-21
CC008137,C10958,Classic,46400.0,12492.29,0,Blocked,2023-04-15
CC008138,C10130,Classic,98600.0,10513.93,499,Active,2023-04-12
CC008139,C06987,Gold,107000.0,39960.9,0,Active,2025-01-31
CC008140,C07501,Platinum,21600.0,4082.31,0,Active,2022-09-15
CC008141,C10764,Classic,36600.0,22381.91,0,Active,2022-03-13
CC008142,C05888,Gold,51900.0,35796.07,999,Active,2023-10-30
CC008143,C13846,Gold,28300.0,9925.75,0,Active,2023-01-06
CC008144,C06384,Gold,133400.0,17123.61,999,Active,2022-06-23
CC008145,C07694,Gold,38800.0,19820.18,499,Active,2022-10-23
CC008146,C11185,Classic,28400.0,5965.83,999,Active,2024-04-14
CC008147,C02754,Signature,116000.0,14079.23,999,Blocked,2023-05-03
CC008148,C05592,Classic,20000.0,9821.55,999,Active,2022-07-24
CC008149,C13460,Classic,31600.0,4892.19,1999,Active,2022-09-15
CC008150,C04687,Gold,20000.0,3338.64,499,Active,2022-04-11
CC008151,C05971,Platinum,36500.0,2032.99,1999,Active,2024-01-21
CC008152,C14950,Platinum,90800.0,11164.98,0,Active,2022-07-10
CC008153,C13876,Classic,30400.0,9401.95,499,Active,2023-05-25
CC008154,C02780,Signature,37800.0,10468.72,0,Active,2022-12-31
CC008155,C07766,Classic,37300.0,9075.19,999,Active,2023-06-16
CC008156,C05543,Platinum,72100.0,13316.87,0,Active,2023-05-22
CC008157,C03567,Gold,45600.0,7020.49,1999,Active,2023-03-23
CC008158,C00651,Gold,52000.0,13093.88,499,Closed,2024-09-09
CC008159,C10883,Platinum,30600.0,6140.01,1999,Active,2024-05-31
CC008160,C00098,Platinum,53400.0,23480.54,0,Active,2023-01-27
CC008161,C01773,Classic,67100.0,11475.83,0,Active,2023-08-29
CC008162,C06731,Platinum,45200.0,5374.94,999,Active,2023-03-31
CC008163,C12814,Gold,197100.0,39770.09,999,Active,2025-05-08
CC008164,C07783,Classic,40500.0,2212.19,0,Active,2023-03-23
CC008165,C07579,Gold,24000.0,8973.71,0,Active,2025-11-14
CC008166,C11671,Gold,102600.0,35071.72,1999,Active,2025-03-05
CC008167,C12411,Classic,52400.0,9550.1,499,Active,2022-09-01
CC008168,C02699,Classic,55800.0,31105.21,0,Active,2025-06-10
CC008169,C10853,Gold,131800.0,17688.52,0,Active,2025-12-13
CC008170,C14751,Classic,53000.0,14067.76,499,Active,2025-05-25
CC008171,C07751,Gold,26300.0,7037.81,0,Closed,2022-11-12
CC008172,C11512,Classic,23000.0,14951.21,1999,Closed,2024-05-04
CC008173,C00993,Classic,20100.0,8190.79,499,Closed,2023-05-26
CC008174,C05389,Gold,75500.0,24310.51,999,Blocked,2023-09-04
CC008175,C11933,Classic,24800.0,5580.95,499,Active,2025-06-23
CC008176,C06314,Platinum,39300.0,28393.32,499,Active,2025-11-19
CC008177,C13863,Signature,51400.0,13365.62,0,Active,2023-04-29
CC008178,C02373,Classic,57100.0,33149.97,0,Active,2024-10-17
CC008179,C08015,Signature,49100.0,11711.74,499,Active,2024-01-27
CC008180,C03218,Gold,32300.0,2930.2,0,Active,2024-07-23
CC008181,C04562,Platinum,22100.0,14218.53,0,Active,2022-02-01
CC008182,C11226,Platinum,75200.0,17787.56,499,Active,2023-08-25
CC008183,C12103,Platinum,20000.0,3561.83,999,Active,2023-08-13
CC008184,C03240,Classic,63700.0,14352.3,0,Active,2022-03-16
CC008185,C13169,Platinum,39000.0,18399.03,499,Closed,2025-02-12
CC008186,C08163,Classic,50100.0,6226.19,1999,Active,2023-08-28
CC008187,C03703,Platinum,34800.0,2554.07,499,Active,2022-10-16
CC008188,C14870,Classic,39500.0,14072.65,999,Active,2024-10-02
CC008189,C06726,Gold,27500.0,17670.69,499,Active,2022-05-24
CC008190,C04883,Platinum,46300.0,7580.63,0,Active,2024-08-10
CC008191,C10545,Classic,69300.0,18433.48,0,Active,2022-06-30
CC008192,C12883,Platinum,42500.0,15491.99,1999,Active,2024-07-06
CC008193,C00028,Platinum,67500.0,11129.92,999,Active,2023-01-23
CC008194,C04482,Classic,38600.0,9115.43,1999,Active,2022-05-23
CC008195,C13870,Gold,25000.0,10242.57,999,Closed,2023-07-21
CC008196,C01524,Classic,59500.0,9655.72,999,Active,2022-12-24
CC008197,C05821,Platinum,55000.0,23079.52,499,Active,2024-01-15
CC008198,C13787,Gold,21500.0,7557.06,499,Active,2025-07-09
CC008199,C10341,Gold,65000.0,23444.58,999,Active,2024-11-27
CC008200,C02091,Classic,31100.0,12198.51,499,Closed,2025-09-02
CC008201,C06060,Platinum,85500.0,20262.94,0,Active,2023-10-19
CC008202,C10504,Classic,23500.0,9993.3,1999,Active,2024-12-05
CC008203,C14814,Gold,105900.0,26924.23,499,Blocked,2022-10-29
CC008204,C12352,Gold,20000.0,4919.52,0,Active,2023-12-16
CC008205,C06353,Classic,51900.0,26687.7,0,Active,2023-02-13
CC008206,C02998,Gold,76800.0,9899.4,499,Closed,2023-06-01
CC008207,C09588,Signature,142600.0,20584.21,999,Active,2025-04-14
CC008208,C05188,Gold,100900.0,19143.2,999,Active,2022-11-24
CC008209,C08707,Platinum,150100.0,84519.06,999,Active,2022-02-05
CC008210,C09991,Platinum,126100.0,71466.01,499,Active,2023-01-26
CC008211,C04772,Classic,26700.0,4012.31,999,Active,2023-04-29
CC008212,C01942,Gold,51100.0,17279.45,1999,Closed,2025-03-17
CC008213,C14408,Classic,109000.0,38153.36,499,Active,2024-11-05
CC008214,C09960,Classic,32600.0,12823.1,2999,Active,2023-02-08
CC008215,C05163,Platinum,84100.0,12427.75,499,Active,2023-05-14
CC008216,C04142,Platinum,28200.0,13549.83,499,Active,2024-03-13
CC008217,C13058,Classic,80500.0,18761.59,0,Blocked,2025-12-07
CC008218,C12138,Platinum,31500.0,18819.72,0,Active,2024-07-24
CC008219,C08991,Classic,151000.0,48495.48,999,Active,2025-06-22
CC008220,C11973,Gold,46600.0,12141.35,0,Active,2024-04-01
CC008221,C09445,Gold,92400.0,30214.16,0,Blocked,2025-03-14
CC008222,C09068,Classic,22700.0,9559.56,0,Active,2025-06-03
CC008223,C11577,Platinum,33700.0,14013.13,999,Active,2024-01-16
CC008224,C00151,Classic,46800.0,15293.26,1999,Blocked,2025-01-09
CC008225,C05992,Platinum,45300.0,7984.96,0,Closed,2024-03-12
CC008226,C11479,Platinum,47400.0,6448.49,999,Active,2024-12-24
CC008227,C09840,Signature,94100.0,36351.47,1999,Active,2024-04-20
CC008228,C03837,Classic,20000.0,8253.79,499,Active,2023-07-22
CC008229,C13456,Signature,46200.0,3170.08,999,Active,2025-11-30
CC008230,C06069,Signature,26700.0,7056.75,0,Active,2023-03-28
CC008231,C10370,Classic,24600.0,6222.82,1999,Active,2025-07-11
CC008232,C14646,Platinum,36600.0,4585.61,499,Active,2025-01-14
CC008233,C02119,Gold,31200.0,20341.16,0,Closed,2024-09-07
CC008234,C05294,Platinum,91900.0,48611.82,499,Active,2024-01-28
CC008235,C05058,Gold,27500.0,5655.44,999,Active,2024-12-26
CC008236,C11139,Classic,92200.0,6385.64,1999,Active,2025-02-27
CC008237,C02621,Classic,30000.0,5853.55,1999,Active,2022-04-27
CC008238,C04591,Gold,63600.0,26671.47,999,Closed,2022-01-09
CC008239,C13535,Gold,66800.0,41585.2,499,Active,2022-05-23
CC008240,C00725,Signature,32100.0,17827.98,499,Active,2022-10-04
CC008241,C05520,Gold,56400.0,21295.21,0,Active,2025-12-10
CC008242,C06432,Gold,20000.0,11295.42,499,Active,2024-03-18
CC008243,C00075,Platinum,20000.0,10029.46,1999,Closed,2022-06-10
CC008244,C05645,Signature,58600.0,10485.65,499,Active,2023-10-11
CC008245,C05540,Classic,53900.0,10932.35,999,Blocked,2024-06-01
CC008246,C05398,Classic,88400.0,47161.78,999,Active,2025-08-20
CC008247,C00093,Platinum,22900.0,7026.24,999,Active,2023-06-11
CC008248,C13075,Classic,36700.0,10502.36,0,Active,2025-10-05
CC008249,C12475,Classic,43400.0,18563.98,1999,Active,2023-09-30
CC008250,C11554,Platinum,45200.0,22008.92,499,Active,2022-05-13
CC008251,C14023,Signature,57100.0,18024.97,1999,Active,2024-01-08
CC008252,C08727,Platinum,66900.0,27375.2,499,Active,2023-02-09
CC008253,C10473,Classic,38600.0,13868.18,2999,Active,2025-07-31
CC008254,C14363,Classic,87400.0,71765.83,999,Active,2022-04-08
CC008255,C06374,Classic,103300.0,21356.58,0,Active,2025-05-04
CC008256,C05044,Classic,80700.0,33955.69,2999,Active,2025-10-29
CC008257,C12428,Platinum,105000.0,62799.71,999,Active,2025-03-02
CC008258,C05875,Platinum,69800.0,38754.0,1999,Closed,2025-07-10
CC008259,C11050,Platinum,36400.0,2566.18,2999,Active,2022-10-16
CC008260,C00704,Platinum,26200.0,10587.33,1999,Active,2025-11-05
CC008261,C02758,Gold,36200.0,3144.25,0,Active,2024-10-17
CC008262,C05965,Gold,68600.0,15304.4,499,Active,2023-12-23
CC008263,C12326,Gold,49600.0,25163.32,1999,Active,2022-11-07
CC008264,C06792,Classic,51000.0,18787.31,1999,Closed,2025-10-11
CC008265,C07230,Classic,52800.0,6772.29,499,Active,2023-12-08
CC008266,C09975,Classic,47300.0,23910.24,1999,Active,2025-07-21
CC008267,C06967,Signature,37900.0,9190.91,499,Closed,2025-03-26
CC008268,C00632,Signature,46500.0,24755.5,0,Active,2024-01-30
CC008269,C13115,Classic,65100.0,5583.97,999,Active,2022-01-31
CC008270,C11205,Platinum,52200.0,4348.78,1999,Active,2024-03-12
CC008271,C10508,Signature,20000.0,1065.98,499,Active,2022-05-15
CC008272,C04837,Platinum,28500.0,11064.92,1999,Active,2022-02-09
CC008273,C05474,Gold,43400.0,21373.14,2999,Closed,2022-03-31
CC008274,C12861,Gold,54800.0,8594.45,499,Active,2022-10-23
CC008275,C14361,Classic,105900.0,6663.37,499,Active,2022-05-10
CC008276,C14500,Gold,80700.0,10822.16,0,Closed,2024-02-18
CC008277,C01098,Classic,38800.0,16780.75,499,Closed,2023-12-20
CC008278,C11182,Classic,42700.0,7118.16,2999,Active,2024-08-23
CC008279,C05244,Classic,46400.0,38254.37,499,Active,2023-07-20
CC008280,C07447,Gold,41200.0,7721.37,999,Active,2023-07-28
CC008281,C04605,Classic,22100.0,11619.52,0,Active,2024-05-12
CC008282,C12707,Classic,28500.0,13438.82,0,Active,2024-09-01
CC008283,C08943,Classic,20000.0,6805.75,2999,Active,2024-07-08
CC008284,C12012,Classic,51100.0,28042.73,0,Active,2025-04-15
CC008285,C03223,Classic,41300.0,10762.73,999,Active,2025-01-17
CC008286,C05260,Classic,26000.0,9999.72,1999,Active,2023-05-08
CC008287,C01685,Classic,103200.0,5036.64,0,Closed,2025-04-21
CC008288,C06257,Gold,51300.0,20161.74,0,Active,2024-05-14
CC008289,C07294,Platinum,20600.0,8725.27,0,Active,2023-11-17
CC008290,C00044,Gold,87500.0,39108.6,999,Active,2023-01-20
CC008291,C12809,Signature,70800.0,23157.05,499,Active,2023-04-01
CC008292,C08433,Signature,21200.0,10100.17,0,Active,2024-11-28
CC008293,C04393,Classic,115000.0,50204.34,0,Active,2022-02-09
CC008294,C07725,Classic,139800.0,19013.45,0,Active,2023-03-03
CC008295,C00207,Platinum,33800.0,21784.39,499,Active,2025-07-24
CC008296,C00947,Gold,69700.0,34555.42,0,Active,2025-06-29
CC008297,C07062,Gold,143700.0,53905.6,999,Active,2023-09-17
CC008298,C13933,Classic,39200.0,4094.65,999,Active,2025-11-01
CC008299,C06451,Gold,91000.0,14801.07,499,Active,2025-01-16
CC008300,C00025,Platinum,22700.0,4391.38,499,Active,2022-05-28
CC008301,C14978,Classic,67200.0,13903.92,0,Active,2023-04-11
CC008302,C01096,Gold,44800.0,18846.52,999,Closed,2022-03-09
CC008303,C04031,Classic,50900.0,12720.25,0,Active,2023-12-19
CC008304,C10412,Platinum,20000.0,4903.44,499,Active,2023-04-02
CC008305,C04559,Platinum,66200.0,27072.14,999,Active,2025-07-08
CC008306,C09212,Classic,108200.0,49418.34,999,Active,2023-01-03
CC008307,C01915,Gold,40600.0,13383.87,499,Active,2024-01-20
CC008308,C04451,Classic,22200.0,9022.69,0,Active,2023-03-03
CC008309,C10731,Gold,27600.0,15145.17,0,Active,2025-05-30
CC008310,C14688,Classic,29500.0,6747.7,999,Active,2024-02-17
CC008311,C02208,Signature,30900.0,6644.74,499,Active,2022-11-30
CC008312,C08436,Gold,33600.0,15616.17,0,Active,2025-03-27
CC008313,C11037,Platinum,21000.0,10213.55,999,Active,2024-02-09
CC008314,C04719,Gold,50000.0,21633.61,0,Active,2023-05-03
CC008315,C14627,Classic,44300.0,11981.71,999,Active,2025-02-23
CC008316,C07868,Gold,68700.0,7614.53,0,Blocked,2023-05-14
CC008317,C11693,Gold,151500.0,27986.39,0,Active,2023-04-27
CC008318,C07839,Gold,62400.0,5535.47,499,Closed,2025-03-01
CC008319,C10553,Gold,70200.0,32657.35,0,Active,2022-06-07
CC008320,C00951,Gold,134900.0,54270.45,0,Active,2022-04-28
CC008321,C05700,Classic,22400.0,7236.46,0,Active,2023-04-07
CC008322,C12115,Classic,40900.0,7893.35,499,Active,2024-02-07
CC008323,C09218,Classic,20000.0,8352.58,0,Active,2024-10-03
CC008324,C01140,Classic,60200.0,24633.91,499,Active,2022-07-01
CC008325,C13140,Gold,131700.0,6358.0,499,Active,2022-10-06
CC008326,C04082,Classic,37000.0,18294.81,0,Active,2023-02-02
CC008327,C05780,Gold,214300.0,68967.48,0,Active,2024-04-14
CC008328,C11226,Gold,56700.0,18833.9,0,Active,2022-07-02
CC008329,C09696,Gold,93200.0,49579.36,0,Active,2024-09-12
CC008330,C04002,Gold,102400.0,11913.82,1999,Active,2023-03-05
CC008331,C12707,Platinum,51400.0,35706.2,1999,Active,2025-01-29
CC008332,C01765,Gold,40700.0,13223.67,0,Active,2022-11-25
CC008333,C09036,Gold,24200.0,11472.06,499,Active,2024-11-23
CC008334,C01403,Platinum,22100.0,3973.61,999,Active,2024-03-23
CC008335,C06009,Gold,22700.0,4636.33,1999,Active,2022-02-17
CC008336,C12659,Classic,201800.0,39179.86,0,Active,2023-01-19
CC008337,C01759,Classic,74200.0,19510.71,0,Active,2024-05-29
CC008338,C12803,Platinum,20900.0,10098.94,0,Active,2023-07-27
CC008339,C04884,Classic,33400.0,2821.38,0,Active,2025-02-04
CC008340,C06263,Platinum,49300.0,21432.86,1999,Active,2022-10-14
CC008341,C07332,Platinum,38800.0,23240.14,499,Active,2023-07-06
CC008342,C01090,Gold,40000.0,7642.42,499,Blocked,2022-12-11
CC008343,C13112,Platinum,45400.0,18580.89,999,Active,2022-03-22
CC008344,C09779,Platinum,27900.0,4258.66,0,Active,2025-04-18
CC008345,C06728,Gold,25100.0,5906.86,0,Active,2023-12-08
CC008346,C03879,Gold,55200.0,23420.93,0,Active,2022-09-27
CC008347,C02700,Platinum,38700.0,7537.74,499,Active,2025-06-30
CC008348,C07347,Classic,22700.0,12265.35,0,Active,2023-11-04
CC008349,C09988,Classic,196800.0,58618.7,0,Active,2024-04-02
CC008350,C03723,Gold,45300.0,6418.43,499,Active,2022-04-17
CC008351,C03514,Gold,43000.0,8365.16,999,Active,2023-06-25
CC008352,C14061,Classic,25800.0,1927.52,499,Active,2022-09-11
CC008353,C01292,Gold,57600.0,10112.63,0,Active,2023-04-01
CC008354,C10605,Classic,55600.0,5570.34,499,Active,2024-12-06
CC008355,C12300,Platinum,51100.0,38516.98,1999,Active,2022-02-06
CC008356,C11591,Gold,59800.0,10970.23,999,Active,2022-08-13
CC008357,C09292,Gold,31800.0,11413.48,499,Active,2022-01-03
CC008358,C01186,Platinum,33300.0,7789.11,499,Active,2024-04-20
CC008359,C01718,Platinum,21100.0,2233.47,999,Active,2025-06-09
CC008360,C02660,Platinum,24000.0,5870.04,499,Active,2024-09-06
CC008361,C14675,Gold,72700.0,15750.39,999,Active,2022-07-15
CC008362,C03215,Classic,46200.0,4172.5,999,Active,2024-03-11
CC008363,C08431,Classic,27200.0,7729.78,2999,Active,2025-07-04
CC008364,C01013,Signature,106100.0,29366.31,999,Active,2022-02-07
CC008365,C03393,Classic,32100.0,7955.22,2999,Active,2024-07-14
CC008366,C05225,Classic,38600.0,13781.48,1999,Closed,2022-07-01
CC008367,C01539,Classic,20000.0,1982.44,999,Active,2024-01-01
CC008368,C13505,Signature,70700.0,9487.53,999,Active,2022-07-12
CC008369,C13665,Platinum,33900.0,5334.81,499,Active,2023-04-23
CC008370,C02165,Classic,89100.0,34649.69,499,Active,2022-12-11
CC008371,C04626,Gold,45800.0,15888.82,499,Active,2024-12-28
CC008372,C02029,Classic,81300.0,28198.49,1999,Active,2023-08-20
CC008373,C09807,Classic,108100.0,62518.45,999,Active,2023-03-29
CC008374,C03492,Classic,33200.0,19235.73,0,Active,2022-07-08
CC008375,C00683,Gold,20000.0,16132.48,0,Active,2025-04-25
CC008376,C00478,Platinum,48600.0,10342.19,999,Active,2023-07-30
CC008377,C14517,Classic,122600.0,9212.75,499,Active,2025-11-03
CC008378,C05852,Classic,36200.0,10542.11,499,Active,2024-12-27
CC008379,C13448,Gold,216600.0,57248.91,499,Active,2022-03-02
CC008380,C01490,Gold,143600.0,65199.36,1999,Active,2024-07-06
CC008381,C11531,Platinum,60900.0,30716.17,0,Active,2025-09-01
CC008382,C09300,Classic,22100.0,15203.45,499,Active,2024-07-12
CC008383,C05020,Classic,20000.0,6448.47,1999,Active,2023-12-15
CC008384,C11066,Gold,36100.0,17716.6,1999,Active,2024-12-06
CC008385,C12689,Classic,56000.0,14720.11,499,Active,2024-02-12
CC008386,C07953,Classic,72500.0,22633.53,499,Active,2024-03-18
CC008387,C09924,Classic,23800.0,8313.43,499,Active,2022-02-06
CC008388,C05971,Gold,87600.0,8858.22,0,Active,2022-04-05
CC008389,C10367,Gold,123800.0,54437.04,499,Active,2023-02-26
CC008390,C07576,Classic,41100.0,18740.21,499,Active,2024-01-28
CC008391,C06310,Platinum,31300.0,11943.12,1999,Active,2024-05-22
CC008392,C14899,Platinum,79900.0,30118.42,1999,Active,2025-02-17
CC008393,C02033,Classic,117000.0,53569.7,999,Active,2022-07-09
CC008394,C02133,Classic,81900.0,43454.37,0,Active,2024-08-26
CC008395,C04656,Gold,75600.0,33941.92,999,Active,2023-04-10
CC008396,C09414,Classic,66300.0,24006.05,999,Active,2025-10-07
CC008397,C08699,Classic,49300.0,24885.28,499,Active,2022-05-27
CC008398,C14803,Gold,87400.0,20012.14,1999,Active,2022-08-24
CC008399,C05832,Gold,53700.0,11833.11,1999,Active,2023-01-25
CC008400,C13738,Platinum,132600.0,35414.91,0,Active,2024-12-18
CC008401,C03425,Platinum,43100.0,24717.28,499,Active,2025-11-01
CC008402,C09813,Classic,41300.0,10648.46,499,Active,2022-12-09
CC008403,C03794,Platinum,42900.0,13624.67,1999,Active,2023-12-20
CC008404,C06048,Classic,30400.0,15071.88,1999,Active,2022-09-03
CC008405,C08621,Gold,41800.0,19403.02,1999,Active,2025-10-25
CC008406,C05998,Platinum,73100.0,23494.59,1999,Active,2023-07-29
CC008407,C08889,Classic,20000.0,8908.41,0,Active,2025-05-13
CC008408,C13573,Classic,31100.0,2687.9,499,Active,2023-09-23
CC008409,C11886,Classic,39800.0,8172.62,999,Active,2022-09-19
CC008410,C09142,Platinum,34600.0,10743.15,499,Active,2024-11-22
CC008411,C07072,Classic,240100.0,57817.09,999,Active,2023-03-18
CC008412,C02311,Classic,122300.0,16064.91,1999,Active,2023-07-08
CC008413,C14244,Classic,57100.0,23175.63,1999,Active,2024-08-06
CC008414,C05648,Signature,58600.0,20992.74,0,Active,2023-02-26
CC008415,C14654,Classic,111600.0,23003.6,0,Active,2024-09-06
CC008416,C11254,Classic,31600.0,3062.36,999,Active,2022-07-31
CC008417,C11777,Platinum,76100.0,22953.85,499,Closed,2023-09-05
CC008418,C00728,Gold,108900.0,56935.2,0,Active,2022-09-15
CC008419,C12253,Classic,193200.0,131693.0,499,Active,2025-12-14
CC008420,C01027,Classic,58400.0,12570.38,999,Blocked,2023-07-18
CC008421,C06916,Signature,30700.0,11115.62,499,Closed,2022-12-01
CC008422,C11013,Gold,30000.0,6063.97,499,Active,2024-09-23
CC008423,C08703,Platinum,27600.0,6451.94,499,Active,2024-04-01
CC008424,C01786,Classic,20000.0,5176.84,2999,Active,2022-09-19
CC008425,C14905,Gold,136100.0,76949.12,0,Active,2022-07-27
CC008426,C06150,Signature,51800.0,8935.54,999,Active,2023-03-17
CC008427,C08242,Platinum,163600.0,11789.62,999,Active,2022-03-17
CC008428,C14330,Classic,58800.0,11346.7,0,Active,2024-03-25
CC008429,C09040,Platinum,54800.0,4446.6,2999,Active,2025-09-18
CC008430,C08001,Platinum,25500.0,3751.4,499,Active,2022-07-17
CC008431,C03640,Gold,36500.0,2650.53,0,Active,2022-07-02
CC008432,C07523,Gold,28300.0,1047.07,0,Active,2024-01-22
CC008433,C02739,Platinum,23600.0,4457.31,999,Active,2024-10-29
CC008434,C05978,Platinum,47200.0,2459.9,1999,Active,2022-02-02
CC008435,C11892,Gold,34100.0,1885.53,0,Active,2022-08-14
CC008436,C02912,Platinum,32000.0,13309.03,0,Active,2025-05-31
CC008437,C02134,Classic,21100.0,9326.46,999,Closed,2025-09-22
CC008438,C11569,Gold,85600.0,31840.21,499,Active,2024-05-23
CC008439,C04056,Gold,34400.0,4351.98,0,Closed,2022-07-03
CC008440,C10995,Platinum,48400.0,20034.63,1999,Active,2025-11-01
CC008441,C09531,Classic,88800.0,35160.1,0,Active,2024-12-14
CC008442,C06650,Classic,64800.0,31241.2,1999,Active,2024-03-02
CC008443,C06140,Gold,51800.0,12722.14,0,Active,2023-06-09
CC008444,C11657,Gold,20000.0,12090.73,0,Active,2024-10-31
CC008445,C14698,Platinum,42000.0,8882.52,999,Blocked,2025-11-19
CC008446,C03890,Classic,35800.0,18795.92,1999,Active,2023-03-11
CC008447,C03910,Classic,33000.0,12069.78,499,Active,2022-12-08
CC008448,C05448,Signature,232400.0,72213.24,1999,Active,2024-01-24
CC008449,C08705,Classic,72400.0,26883.02,1999,Active,2022-08-30
CC008450,C09217,Classic,30300.0,15621.08,999,Active,2025-04-17
CC008451,C00686,Gold,27900.0,12936.48,999,Active,2024-07-12
CC008452,C06605,Gold,28700.0,13278.92,999,Closed,2024-12-24
CC008453,C05283,Gold,25400.0,10659.15,0,Active,2023-07-19
CC008454,C03825,Gold,38500.0,12481.22,0,Active,2024-06-21
CC008455,C10785,Classic,39900.0,6206.16,499,Active,2024-05-31
CC008456,C14939,Classic,61800.0,19932.91,999,Active,2023-01-19
CC008457,C10815,Classic,42100.0,13734.67,999,Active,2025-12-17
CC008458,C02300,Classic,76900.0,37991.7,499,Closed,2023-09-24
CC008459,C03009,Classic,30900.0,7011.19,0,Active,2025-11-17
CC008460,C00924,Classic,74300.0,9787.53,0,Active,2022-05-11
CC008461,C01303,Platinum,34500.0,24061.84,999,Active,2025-08-16
CC008462,C01076,Classic,69300.0,15940.44,1999,Active,2025-05-25
CC008463,C00615,Platinum,160100.0,44125.4,999,Active,2025-07-20
CC008464,C07132,Gold,237900.0,13332.38,499,Active,2024-02-05
CC008465,C01638,Signature,33900.0,6542.08,499,Blocked,2024-06-01
CC008466,C05952,Classic,25000.0,14493.04,0,Active,2022-05-06
CC008467,C12036,Platinum,76500.0,31491.39,0,Active,2025-07-22
CC008468,C06981,Platinum,30900.0,8546.26,999,Active,2024-12-30
CC008469,C09072,Classic,22000.0,5659.04,0,Active,2022-03-27
CC008470,C02190,Signature,73800.0,33812.64,1999,Active,2023-08-02
CC008471,C05480,Platinum,66600.0,36799.25,0,Active,2024-04-03
CC008472,C05882,Classic,38100.0,6048.52,0,Active,2023-12-04
CC008473,C00906,Gold,20000.0,2461.4,499,Closed,2024-08-18
CC008474,C08196,Classic,44000.0,26492.82,499,Active,2025-05-25
CC008475,C13678,Platinum,81600.0,44770.43,0,Active,2022-08-12
CC008476,C06538,Gold,99200.0,19944.21,999,Active,2022-01-11
CC008477,C12499,Gold,24900.0,8030.37,0,Active,2022-12-22
CC008478,C13105,Classic,143100.0,30680.82,999,Active,2022-08-29
CC008479,C01621,Gold,40900.0,6414.11,999,Blocked,2025-12-16
CC008480,C07502,Gold,30700.0,12157.89,0,Active,2025-10-13
CC008481,C14010,Platinum,132500.0,81523.03,499,Active,2024-12-24
CC008482,C02748,Classic,28400.0,4771.78,1999,Active,2023-07-14
CC008483,C09469,Platinum,79400.0,35199.4,999,Active,2024-12-03
CC008484,C05922,Gold,82900.0,34353.68,499,Blocked,2024-11-12
CC008485,C06791,Gold,34300.0,22767.96,0,Active,2022-07-15
CC008486,C01340,Classic,129300.0,35966.25,499,Active,2024-08-16
CC008487,C04829,Classic,190900.0,83528.12,2999,Active,2024-09-05
CC008488,C04934,Gold,31800.0,6919.67,0,Active,2022-01-17
CC008489,C14682,Signature,20000.0,13822.36,2999,Active,2025-06-21
CC008490,C02689,Platinum,76100.0,1522.0,499,Active,2024-06-10
CC008491,C11951,Gold,20000.0,13222.0,1999,Active,2024-11-16
CC008492,C05116,Classic,122700.0,31399.07,499,Active,2025-02-25
CC008493,C00924,Gold,88900.0,19761.34,0,Active,2024-02-27
CC008494,C08956,Gold,45600.0,13245.32,499,Active,2025-04-14
CC008495,C03407,Gold,68700.0,21584.21,0,Active,2023-05-14
CC008496,C05177,Platinum,20000.0,8065.55,0,Active,2022-04-23
CC008497,C07979,Platinum,69700.0,12995.96,0,Active,2023-09-19
CC008498,C08451,Gold,25800.0,9926.02,999,Active,2025-01-17
CC008499,C00455,Gold,23200.0,10848.51,999,Active,2022-07-14
CC008500,C03646,Classic,59900.0,14090.67,999,Active,2022-12-02
CC008501,C11779,Classic,28600.0,7466.16,1999,Active,2022-01-11
CC008502,C07299,Platinum,108500.0,24518.51,499,Active,2023-02-03
CC008503,C00731,Classic,20300.0,3986.56,0,Active,2025-07-05
CC008504,C10872,Gold,40600.0,13921.7,999,Closed,2022-08-02
CC008505,C03085,Classic,107000.0,3151.65,0,Active,2024-04-14
CC008506,C13873,Gold,53100.0,16192.88,499,Active,2022-12-27
CC008507,C04772,Platinum,20000.0,8026.98,0,Active,2024-06-22
CC008508,C13109,Classic,20000.0,9947.63,1999,Active,2022-05-01
CC008509,C10096,Classic,56700.0,16818.62,499,Active,2022-02-11
CC008510,C07675,Gold,20000.0,10060.76,499,Active,2022-08-17
CC008511,C08066,Gold,24700.0,5606.54,1999,Active,2024-02-24
CC008512,C14937,Gold,48000.0,12369.83,499,Active,2025-10-10
CC008513,C03288,Classic,63500.0,12670.35,499,Active,2025-06-27
CC008514,C01129,Gold,47500.0,23984.16,1999,Active,2024-05-28
CC008515,C03655,Gold,20000.0,12794.81,2999,Active,2022-04-02
CC008516,C08336,Classic,20000.0,6304.44,2999,Closed,2023-08-30
CC008517,C05973,Platinum,24900.0,12264.53,999,Active,2024-02-25
CC008518,C06809,Classic,20000.0,6886.59,1999,Active,2024-01-27
CC008519,C01980,Platinum,20000.0,7119.86,499,Active,2023-07-14
CC008520,C07659,Classic,20000.0,2592.12,499,Active,2024-03-10
CC008521,C14512,Gold,40300.0,8225.71,0,Active,2024-04-14
CC008522,C11044,Signature,194200.0,80150.65,0,Active,2024-12-19
CC008523,C07616,Classic,40000.0,4963.5,1999,Active,2024-12-07
CC008524,C03777,Signature,52800.0,30584.85,0,Active,2025-03-21
CC008525,C09324,Classic,38600.0,5249.86,0,Active,2024-06-23
CC008526,C13823,Classic,21300.0,9066.07,0,Active,2022-05-22
CC008527,C13697,Gold,20400.0,10796.57,499,Active,2024-04-08
CC008528,C06951,Gold,388700.0,68327.52,0,Active,2024-07-08
CC008529,C10192,Classic,50900.0,17516.74,499,Active,2025-06-24
CC008530,C10504,Signature,134400.0,12423.34,2999,Active,2024-04-22
CC008531,C09865,Gold,24600.0,6114.58,0,Active,2022-03-29
CC008532,C06034,Gold,83600.0,28268.26,999,Blocked,2022-08-02
CC008533,C08502,Platinum,39500.0,19112.36,999,Active,2024-08-31
CC008534,C05940,Classic,20000.0,3225.32,0,Active,2024-09-10
CC008535,C14673,Gold,86600.0,30784.63,499,Active,2023-06-05
CC008536,C11264,Gold,82900.0,9326.73,499,Closed,2023-11-20
CC008537,C02827,Classic,23900.0,12744.89,2999,Active,2025-09-24
CC008538,C14745,Signature,101000.0,39165.22,999,Active,2022-09-12
CC008539,C02681,Classic,33300.0,6041.32,499,Blocked,2025-06-15
CC008540,C09667,Gold,27900.0,15582.53,999,Active,2022-03-06
CC008541,C00530,Platinum,65800.0,32540.6,999,Active,2022-04-02
CC008542,C00838,Signature,115100.0,49976.67,1999,Active,2024-01-27
CC008543,C09338,Gold,89900.0,33537.03,0,Active,2023-12-15
CC008544,C10471,Signature,52800.0,14189.39,1999,Active,2025-07-26
CC008545,C09811,Platinum,20000.0,10502.88,999,Active,2022-03-16
CC008546,C13512,Gold,45500.0,10814.81,499,Active,2024-06-10
CC008547,C02282,Platinum,43000.0,12192.74,0,Active,2025-03-26
CC008548,C03926,Platinum,84400.0,35955.32,0,Active,2025-01-06
CC008549,C09798,Gold,58500.0,17968.44,999,Active,2023-07-28
CC008550,C05805,Classic,95800.0,11265.5,0,Active,2022-07-07
CC008551,C01140,Gold,20000.0,8104.24,999,Active,2025-01-27
CC008552,C11053,Gold,64600.0,25703.46,0,Blocked,2023-08-31
CC008553,C08131,Platinum,39200.0,22517.39,999,Active,2024-02-22
CC008554,C12268,Signature,44800.0,18408.36,999,Active,2023-10-02
CC008555,C02791,Classic,207400.0,16542.42,999,Active,2025-04-25
CC008556,C05074,Classic,126800.0,25308.33,499,Active,2023-10-01
CC008557,C06095,Platinum,56600.0,10465.42,0,Active,2022-12-23
CC008558,C05754,Classic,39400.0,6879.1,0,Active,2025-06-11
CC008559,C13542,Classic,90800.0,9388.85,499,Closed,2024-09-12
CC008560,C01949,Gold,31500.0,3199.66,0,Active,2022-09-02
CC008561,C13781,Classic,98700.0,31793.33,1999,Active,2025-05-30
CC008562,C00482,Gold,43300.0,2858.13,0,Active,2025-04-21
CC008563,C10768,Classic,58000.0,14163.84,2999,Active,2022-09-14
CC008564,C13277,Platinum,53200.0,24843.77,499,Active,2024-02-03
CC008565,C04388,Classic,55700.0,4500.14,0,Active,2024-07-03
CC008566,C09741,Platinum,66100.0,21661.18,499,Active,2022-11-05
CC008567,C02204,Classic,20000.0,8369.01,0,Active,2025-12-18
CC008568,C05558,Classic,24300.0,7852.61,999,Active,2023-07-16
CC008569,C01242,Classic,76400.0,9438.7,999,Active,2022-08-02
CC008570,C09885,Classic,45600.0,5077.8,0,Active,2024-09-05
CC008571,C09674,Gold,61000.0,26984.75,499,Active,2024-10-28
CC008572,C13347,Platinum,118600.0,41005.66,0,Active,2022-10-25
CC008573,C06153,Signature,48700.0,15188.53,999,Active,2022-09-28
CC008574,C11320,Platinum,57400.0,14233.42,1999,Active,2022-08-05
CC008575,C02182,Classic,87900.0,8435.79,499,Active,2025-06-14
CC008576,C11725,Platinum,73400.0,24819.43,0,Active,2023-01-14
CC008577,C10915,Classic,27000.0,14398.34,999,Closed,2023-07-03
CC008578,C04667,Platinum,50100.0,13473.06,0,Active,2023-09-07
CC008579,C14972,Signature,30900.0,11546.05,1999,Active,2022-08-11
CC008580,C01249,Gold,21000.0,1514.48,1999,Active,2025-06-19
CC008581,C03409,Gold,65800.0,20696.93,999,Active,2022-09-13
CC008582,C09507,Classic,98000.0,35431.52,0,Active,2022-11-06
CC008583,C00988,Platinum,50500.0,6970.85,499,Active,2022-03-27
CC008584,C09446,Platinum,75700.0,26575.6,0,Active,2025-04-19
CC008585,C07198,Gold,53100.0,10230.09,0,Active,2022-04-30
CC008586,C08683,Platinum,69800.0,20568.34,999,Active,2022-04-08
CC008587,C04854,Platinum,149100.0,26870.03,1999,Active,2024-06-25
CC008588,C08960,Classic,24900.0,4289.36,1999,Active,2022-09-15
CC008589,C13282,Classic,20000.0,5782.94,999,Active,2025-10-17
CC008590,C05650,Gold,34500.0,10162.68,499,Active,2024-05-14
CC008591,C12323,Classic,89400.0,35462.79,0,Active,2025-09-24
CC008592,C09430,Gold,20000.0,6478.51,999,Active,2025-12-16
CC008593,C14367,Signature,35600.0,13659.55,999,Active,2025-11-05
CC008594,C13706,Platinum,138900.0,67730.79,0,Active,2022-03-13
CC008595,C04092,Classic,28500.0,10140.54,0,Active,2025-08-08
CC008596,C03425,Platinum,132400.0,6640.37,0,Active,2024-06-27
CC008597,C00822,Platinum,69200.0,12856.77,999,Active,2024-11-22
CC008598,C10407,Platinum,101100.0,36982.85,1999,Active,2024-04-19
CC008599,C01810,Platinum,74500.0,22599.8,999,Closed,2024-03-24
CC008600,C14699,Classic,20000.0,1589.64,999,Active,2023-10-05
CC008601,C07371,Signature,38500.0,9096.76,0,Active,2022-02-04
CC008602,C11414,Signature,55300.0,10995.94,499,Active,2025-09-24
CC008603,C01579,Signature,84000.0,5711.87,999,Active,2022-05-22
CC008604,C04838,Classic,56100.0,33506.94,0,Active,2022-08-05
CC008605,C06011,Platinum,53800.0,10794.23,499,Active,2024-09-25
CC008606,C06580,Gold,62800.0,31499.02,999,Active,2025-06-26
CC008607,C08137,Gold,108400.0,77161.7,0,Active,2025-01-18
CC008608,C10335,Classic,40500.0,5014.92,0,Active,2024-12-20
CC008609,C00207,Gold,147500.0,51775.05,499,Active,2024-01-09
CC008610,C01143,Platinum,39800.0,24669.36,1999,Active,2024-06-06
CC008611,C00522,Platinum,122300.0,35437.15,0,Active,2023-07-11
CC008612,C09669,Classic,24300.0,3920.29,1999,Active,2022-02-03
CC008613,C07255,Platinum,28600.0,9690.48,499,Active,2024-06-04
CC008614,C10522,Gold,106200.0,20678.8,499,Active,2022-12-01
CC008615,C08011,Gold,30400.0,12022.4,999,Active,2025-10-08
CC008616,C03048,Platinum,85400.0,24533.02,499,Blocked,2022-02-10
CC008617,C07901,Classic,35200.0,3567.11,499,Active,2023-03-12
CC008618,C05227,Platinum,47600.0,27470.47,499,Active,2022-09-28
CC008619,C06983,Gold,23400.0,4367.08,0,Active,2022-03-31
CC008620,C04913,Platinum,53100.0,31151.5,0,Active,2023-09-23
CC008621,C07146,Signature,106300.0,69793.8,499,Active,2023-05-24
CC008622,C01235,Classic,52600.0,22143.68,0,Active,2022-09-18
CC008623,C07858,Classic,119700.0,42773.54,1999,Active,2023-12-04
CC008624,C07283,Gold,41300.0,12818.75,999,Active,2025-02-18
CC008625,C00054,Gold,20000.0,4731.1,1999,Active,2025-01-15
CC008626,C08548,Classic,31200.0,9404.54,999,Active,2024-06-07
CC008627,C06925,Gold,101800.0,22772.32,0,Active,2022-07-15
CC008628,C11127,Platinum,67600.0,9894.56,499,Active,2025-05-19
CC008629,C14973,Signature,63600.0,24966.79,0,Active,2023-05-06
CC008630,C13620,Platinum,55600.0,20992.65,999,Active,2024-10-02
CC008631,C10907,Platinum,20000.0,645.8,999,Active,2025-04-23
CC008632,C00514,Platinum,91700.0,19432.6,0,Active,2025-12-26
CC008633,C00700,Classic,83500.0,27192.41,0,Active,2022-05-04
CC008634,C12501,Gold,20000.0,9140.67,999,Active,2022-03-01
CC008635,C10816,Signature,31300.0,1503.68,0,Active,2025-08-16
CC008636,C04043,Gold,20000.0,5634.65,999,Active,2023-03-03
CC008637,C05995,Gold,29700.0,7548.02,0,Closed,2023-12-04
CC008638,C14944,Gold,71300.0,20777.97,1999,Closed,2025-12-07
CC008639,C13455,Gold,54300.0,20045.66,0,Active,2022-07-29
CC008640,C04167,Classic,31400.0,13522.38,0,Active,2022-06-21
CC008641,C03399,Classic,34900.0,17828.27,0,Active,2025-08-25
CC008642,C11042,Classic,44300.0,28197.23,0,Active,2022-06-27
CC008643,C06521,Classic,134100.0,10958.54,0,Active,2025-11-12
CC008644,C00602,Gold,34800.0,7530.77,0,Active,2025-12-04
CC008645,C11170,Gold,23200.0,4649.13,999,Active,2023-11-16
CC008646,C03216,Classic,155800.0,22716.45,499,Active,2022-05-16
CC008647,C05049,Signature,23600.0,4938.44,499,Active,2024-09-25
CC008648,C02747,Gold,49900.0,11474.73,0,Active,2022-11-16
CC008649,C06480,Platinum,115400.0,34394.79,1999,Active,2023-10-11
CC008650,C03430,Classic,46900.0,6078.83,999,Active,2025-09-09
CC008651,C11339,Signature,66800.0,48530.64,1999,Active,2022-05-28
CC008652,C13684,Gold,67600.0,11091.25,0,Active,2025-10-30
CC008653,C11397,Gold,50300.0,25997.86,499,Active,2025-03-03
CC008654,C01346,Classic,45700.0,8996.01,0,Blocked,2025-12-28
CC008655,C09837,Classic,30800.0,10136.58,999,Active,2022-10-04
CC008656,C00328,Gold,30400.0,12487.21,0,Active,2024-10-08
CC008657,C04377,Platinum,39500.0,20802.42,0,Active,2022-11-01
CC008658,C14746,Gold,88200.0,9731.34,499,Active,2023-07-13
CC008659,C00781,Classic,34500.0,13573.18,2999,Active,2025-01-29
CC008660,C06046,Platinum,51900.0,5961.8,499,Active,2022-02-03
CC008661,C06774,Signature,63400.0,19878.48,999,Active,2024-10-14
CC008662,C07395,Signature,93000.0,4739.1,2999,Active,2023-09-19
CC008663,C07135,Classic,116500.0,38580.33,499,Active,2025-02-25
CC008664,C03889,Platinum,32700.0,15825.95,0,Active,2022-11-19
CC008665,C06950,Classic,65400.0,11413.32,1999,Active,2023-01-14
CC008666,C03615,Classic,43200.0,26730.12,999,Active,2023-10-10
CC008667,C14602,Classic,38900.0,7095.79,499,Active,2023-03-22
CC008668,C05639,Signature,20000.0,2896.57,0,Active,2025-11-12
CC008669,C09677,Gold,95000.0,49294.42,499,Active,2024-04-05
CC008670,C09853,Classic,90500.0,20980.35,499,Active,2025-02-24
CC008671,C02046,Classic,78400.0,45690.93,0,Active,2024-11-23
CC008672,C04970,Gold,33900.0,4724.78,499,Active,2025-03-29
CC008673,C02645,Classic,20000.0,5170.88,2999,Active,2024-05-25
CC008674,C09440,Platinum,104900.0,45472.33,499,Active,2025-06-19
CC008675,C07475,Classic,82800.0,32241.77,0,Active,2023-04-27
CC008676,C14566,Classic,33000.0,4223.97,1999,Active,2022-03-22
CC008677,C03887,Gold,59500.0,26207.56,1999,Closed,2024-01-18
CC008678,C09526,Classic,36700.0,7938.55,0,Active,2022-06-30
CC008679,C07626,Platinum,59000.0,12847.12,999,Active,2022-04-26
CC008680,C11395,Gold,51300.0,23027.26,0,Active,2025-12-02
CC008681,C05138,Gold,78300.0,27331.78,1999,Active,2024-07-09
CC008682,C00604,Platinum,45600.0,8913.89,0,Active,2023-03-16
CC008683,C07913,Gold,113300.0,22674.49,0,Active,2024-08-10
CC008684,C02034,Classic,170800.0,26359.71,499,Closed,2024-09-09
CC008685,C11817,Classic,46800.0,17772.06,499,Active,2024-02-20
CC008686,C01681,Classic,28700.0,15745.72,999,Active,2025-07-09
CC008687,C11368,Classic,20000.0,2661.94,0,Active,2024-01-22
CC008688,C03762,Platinum,20400.0,9382.56,999,Active,2025-12-14
CC008689,C13553,Gold,32700.0,9731.36,999,Active,2023-10-19
CC008690,C14220,Platinum,35600.0,7198.33,0,Active,2022-10-30
CC008691,C11880,Gold,138800.0,63710.92,0,Active,2022-10-10
CC008692,C09061,Classic,20000.0,1926.46,499,Active,2022-12-14
CC008693,C12886,Gold,58700.0,15775.31,1999,Active,2023-08-10
CC008694,C00993,Classic,101600.0,32246.09,1999,Active,2025-03-25
CC008695,C09765,Platinum,39600.0,4922.32,499,Active,2025-05-02
CC008696,C04315,Gold,38800.0,15771.96,0,Active,2023-01-31
CC008697,C09756,Platinum,50600.0,5765.56,999,Active,2024-11-16
CC008698,C06338,Signature,22200.0,1598.07,999,Active,2022-05-25
CC008699,C00385,Classic,20000.0,4606.79,2999,Active,2022-10-01
CC008700,C11518,Platinum,37400.0,17601.45,0,Active,2023-05-13
CC008701,C03952,Classic,103100.0,50349.87,499,Closed,2022-10-08
CC008702,C14973,Classic,20000.0,3250.4,2999,Active,2023-02-12
CC008703,C03345,Gold,124300.0,41625.64,499,Active,2024-03-21
CC008704,C02924,Signature,32100.0,10392.48,0,Active,2025-06-28
CC008705,C04727,Gold,82000.0,11847.84,0,Active,2024-09-02
CC008706,C14690,Gold,20000.0,10601.22,0,Active,2022-05-23
CC008707,C06194,Classic,78600.0,9834.08,1999,Active,2024-03-06
CC008708,C04444,Gold,80400.0,18408.66,499,Active,2025-06-20
CC008709,C02396,Classic,54400.0,1173.08,999,Active,2023-06-01
CC008710,C08876,Gold,77300.0,12467.87,0,Active,2022-04-08
CC008711,C06224,Classic,39100.0,24773.86,0,Active,2023-05-08
CC008712,C06292,Platinum,75200.0,21943.9,0,Active,2022-02-09
CC008713,C09590,Gold,36300.0,12709.15,0,Active,2023-10-30
CC008714,C13297,Classic,30100.0,4117.7,499,Active,2024-08-18
CC008715,C07684,Classic,25800.0,1821.47,499,Closed,2022-01-02
CC008716,C01213,Gold,279600.0,93998.58,1999,Blocked,2024-05-27
CC008717,C11896,Platinum,48400.0,10391.67,0,Active,2023-03-31
CC008718,C10486,Classic,28000.0,5419.11,499,Active,2023-11-21
CC008719,C04899,Signature,28400.0,18571.66,0,Active,2024-12-17
CC008720,C10545,Gold,58700.0,22461.81,0,Active,2022-03-28
CC008721,C12099,Platinum,59300.0,25433.72,999,Active,2024-08-04
CC008722,C11357,Classic,27300.0,14726.8,0,Active,2023-05-07
CC008723,C01377,Classic,50700.0,30613.96,499,Active,2025-11-07
CC008724,C07388,Gold,52100.0,21312.43,0,Active,2023-11-30
CC008725,C00514,Classic,43000.0,11291.08,999,Active,2022-07-28
CC008726,C09725,Gold,57000.0,21644.97,1999,Active,2023-03-16
CC008727,C02870,Platinum,82900.0,20578.14,0,Active,2023-03-14
CC008728,C04854,Gold,42100.0,14270.13,499,Active,2025-09-03
CC008729,C05976,Platinum,41300.0,20423.0,0,Active,2024-06-15
CC008730,C08312,Gold,20000.0,9972.37,999,Active,2025-04-23
CC008731,C10469,Classic,38300.0,22883.21,999,Active,2022-02-27
CC008732,C04872,Platinum,83800.0,33963.35,499,Active,2025-11-21
CC008733,C00180,Classic,29300.0,4160.26,499,Active,2025-05-23
CC008734,C10039,Platinum,56100.0,8559.21,499,Active,2023-07-14
CC008735,C03426,Gold,38400.0,8746.83,499,Active,2025-10-18
CC008736,C04536,Classic,23600.0,12831.39,499,Active,2025-04-07
CC008737,C09389,Classic,98000.0,25983.97,999,Active,2023-10-16
CC008738,C06329,Signature,39200.0,15989.64,1999,Active,2023-11-12
CC008739,C09740,Signature,41200.0,3400.96,0,Active,2023-08-31
CC008740,C06487,Classic,46800.0,24844.57,499,Active,2024-01-14
CC008741,C12843,Platinum,56100.0,11563.64,499,Active,2023-02-08
CC008742,C05215,Gold,94800.0,29656.21,499,Closed,2022-05-22
CC008743,C13056,Classic,38600.0,1364.95,0,Active,2023-06-29
CC008744,C07082,Gold,29300.0,1930.42,0,Active,2024-01-31
CC008745,C11802,Platinum,69700.0,14141.02,1999,Closed,2023-05-12
CC008746,C13733,Platinum,30200.0,3762.55,999,Active,2025-09-19
CC008747,C12611,Platinum,23100.0,10497.84,2999,Active,2025-10-13
CC008748,C12910,Classic,58600.0,40422.6,0,Active,2024-01-12
CC008749,C06553,Classic,20000.0,4016.05,0,Active,2025-01-21
CC008750,C14669,Classic,60700.0,18623.97,499,Active,2023-05-27
CC008751,C14174,Platinum,23200.0,8113.57,499,Active,2025-07-19
CC008752,C14641,Classic,66000.0,9680.94,0,Active,2024-07-21
CC008753,C06724,Classic,98500.0,57727.94,0,Active,2025-03-19
CC008754,C07805,Signature,24500.0,12594.92,499,Active,2025-03-16
CC008755,C01407,Classic,92100.0,36653.22,0,Active,2025-04-30
CC008756,C06262,Platinum,85800.0,15414.18,999,Active,2025-04-18
CC008757,C03587,Classic,49800.0,15163.41,0,Active,2024-06-09
CC008758,C03036,Gold,83600.0,21420.53,999,Closed,2023-12-02
CC008759,C10561,Classic,53000.0,21207.84,0,Blocked,2024-02-08
CC008760,C06342,Gold,42300.0,11106.91,2999,Active,2022-01-11
CC008761,C10291,Gold,83900.0,20777.33,999,Active,2023-03-21
CC008762,C07964,Signature,81900.0,46600.53,1999,Closed,2022-08-25
CC008763,C13782,Gold,20000.0,6388.4,499,Active,2023-02-26
CC008764,C10733,Classic,20000.0,400.0,0,Active,2024-07-23
CC008765,C11433,Gold,21500.0,7359.62,0,Active,2022-11-21
CC008766,C11178,Platinum,142100.0,98597.7,499,Active,2022-07-01
CC008767,C08158,Platinum,37600.0,11692.62,0,Active,2022-12-23
CC008768,C06287,Classic,48400.0,4608.67,0,Active,2024-06-16
CC008769,C03485,Signature,43500.0,9645.69,499,Active,2023-01-12
CC008770,C10477,Platinum,67800.0,10494.16,999,Active,2025-09-14
CC008771,C00303,Platinum,66000.0,8766.65,999,Active,2024-04-24
CC008772,C05278,Platinum,36400.0,10266.63,0,Active,2022-12-15
CC008773,C09636,Signature,38300.0,15158.48,1999,Closed,2024-03-01
CC008774,C10968,Classic,63400.0,25135.82,0,Active,2023-08-04
CC008775,C09962,Classic,118200.0,37164.3,0,Active,2024-11-15
CC008776,C12451,Platinum,48800.0,19008.95,0,Active,2024-09-30
CC008777,C03047,Classic,27200.0,10193.17,0,Active,2022-11-04
CC008778,C01341,Classic,22300.0,4989.11,0,Active,2023-07-26
CC008779,C08334,Gold,41000.0,7922.56,499,Active,2025-12-13
CC008780,C09058,Signature,20100.0,11372.47,499,Active,2024-04-02
CC008781,C11976,Platinum,33900.0,8302.8,0,Active,2025-02-11
CC008782,C01440,Platinum,20000.0,5352.55,0,Active,2023-06-21
CC008783,C11476,Gold,20200.0,10668.17,1999,Active,2023-05-21
CC008784,C13667,Gold,20000.0,8283.15,999,Active,2025-05-25
CC008785,C11814,Classic,20200.0,4543.54,1999,Active,2024-11-09
CC008786,C10254,Signature,77000.0,27217.67,0,Active,2025-09-24
CC008787,C05692,Classic,26900.0,4858.99,999,Active,2022-07-29
CC008788,C11277,Classic,22600.0,8701.56,999,Active,2025-08-22
CC008789,C14375,Signature,124600.0,30378.65,499,Closed,2024-06-12
CC008790,C13331,Platinum,28500.0,9251.37,1999,Active,2023-10-24
CC008791,C00769,Platinum,20100.0,8943.83,0,Active,2025-08-09
CC008792,C09807,Platinum,20000.0,6339.01,999,Active,2024-10-15
CC008793,C05312,Platinum,74000.0,28359.0,0,Active,2023-08-18
CC008794,C12356,Classic,27700.0,554.0,499,Blocked,2025-07-19
CC008795,C05837,Classic,84300.0,31488.98,999,Blocked,2024-08-28
CC008796,C01488,Classic,20000.0,5224.1,999,Active,2023-04-02
CC008797,C01866,Signature,33700.0,2839.47,499,Active,2022-10-01
CC008798,C11662,Classic,20000.0,576.61,999,Active,2023-03-29
CC008799,C10834,Platinum,20000.0,3595.55,999,Active,2024-04-19
CC008800,C04939,Classic,66000.0,20632.25,1999,Active,2024-01-17
CC008801,C04340,Gold,40500.0,9442.59,499,Active,2025-09-10
CC008802,C10453,Platinum,70000.0,32756.94,999,Active,2024-04-02
CC008803,C10392,Gold,121200.0,61942.8,0,Active,2025-02-25
CC008804,C12780,Classic,20000.0,5280.14,0,Active,2022-07-06
CC008805,C03094,Gold,40700.0,13198.46,999,Active,2022-08-03
CC008806,C06134,Platinum,80500.0,33446.66,999,Active,2023-10-07
CC008807,C08856,Gold,36800.0,16593.29,999,Active,2022-11-12
CC008808,C09687,Classic,29900.0,6320.55,0,Active,2025-05-10
CC008809,C00291,Classic,75600.0,32155.43,0,Blocked,2024-06-15
CC008810,C01918,Platinum,23100.0,1836.02,499,Active,2022-11-17
CC008811,C10289,Platinum,42400.0,3109.85,499,Active,2025-11-14
CC008812,C07376,Gold,40300.0,5897.3,499,Active,2023-09-25
CC008813,C02198,Classic,55200.0,22455.47,0,Active,2025-04-30
CC008814,C07515,Classic,85500.0,19346.03,0,Active,2025-01-21
CC008815,C13765,Platinum,33600.0,5705.73,1999,Active,2023-05-06
CC008816,C11953,Gold,61000.0,17508.39,499,Active,2022-06-17
CC008817,C06704,Platinum,20000.0,6631.09,0,Active,2025-09-12
CC008818,C04685,Classic,142100.0,33208.41,0,Closed,2022-03-31
CC008819,C13552,Classic,22300.0,5716.67,1999,Active,2023-12-10
CC008820,C06786,Classic,101900.0,36871.39,499,Active,2025-09-26
CC008821,C11709,Classic,20000.0,4402.06,999,Active,2022-11-04
CC008822,C09361,Platinum,56400.0,10153.13,1999,Active,2024-10-29
CC008823,C00718,Signature,38200.0,12602.32,0,Active,2023-07-17
CC008824,C08446,Classic,39000.0,1489.95,999,Blocked,2025-09-17
CC008825,C03328,Platinum,35200.0,9575.33,0,Active,2023-06-10
CC008826,C14300,Classic,77500.0,31843.0,0,Active,2025-10-20
CC008827,C06066,Gold,31700.0,12152.63,499,Active,2023-02-05
CC008828,C02457,Platinum,104800.0,24000.9,1999,Active,2023-01-03
CC008829,C09131,Platinum,20000.0,7340.18,999,Active,2022-07-08
CC008830,C04443,Gold,26000.0,4368.65,0,Active,2022-04-14
CC008831,C08575,Platinum,38000.0,20086.07,999,Active,2024-02-04
CC008832,C05005,Signature,88500.0,10198.23,0,Active,2023-01-27
CC008833,C02419,Gold,20000.0,7765.58,1999,Active,2025-02-08
CC008834,C06973,Classic,51300.0,18086.97,499,Active,2024-01-26
CC008835,C12070,Gold,36800.0,26994.07,0,Active,2025-02-19
CC008836,C07474,Classic,94500.0,35064.14,0,Active,2025-07-06
CC008837,C10851,Classic,29100.0,7702.38,499,Active,2023-02-02
CC008838,C10760,Classic,45900.0,7424.11,499,Active,2025-08-10
CC008839,C12041,Gold,61900.0,11866.23,0,Active,2022-04-05
CC008840,C13693,Signature,20000.0,5005.97,0,Active,2024-01-14
CC008841,C05096,Classic,113800.0,9652.81,0,Active,2025-06-25
CC008842,C06010,Gold,75500.0,3796.12,0,Active,2022-02-06
CC008843,C09696,Platinum,73100.0,7657.65,999,Active,2025-10-19
CC008844,C11713,Gold,60300.0,11900.6,1999,Active,2023-01-27
CC008845,C02105,Signature,27100.0,5625.02,999,Active,2023-07-20
CC008846,C08653,Classic,27000.0,5803.18,0,Active,2024-03-05
CC008847,C00303,Signature,44000.0,16743.21,1999,Active,2022-01-05
CC008848,C01094,Gold,30300.0,7141.31,0,Active,2022-05-30
CC008849,C00805,Gold,37600.0,6219.52,999,Active,2022-07-20
CC008850,C09137,Gold,47100.0,12096.04,0,Active,2022-10-12
CC008851,C08031,Signature,77900.0,20245.61,0,Active,2022-10-11
CC008852,C08306,Classic,26100.0,11821.57,499,Active,2023-02-24
CC008853,C09847,Platinum,48200.0,12369.7,0,Active,2025-07-01
CC008854,C12319,Platinum,38000.0,23673.41,999,Active,2023-02-13
CC008855,C07540,Platinum,69100.0,17507.41,0,Active,2023-12-20
CC008856,C13589,Platinum,32300.0,19189.63,1999,Active,2022-05-19
CC008857,C11495,Classic,86300.0,30324.89,499,Closed,2022-04-17
CC008858,C12047,Classic,55600.0,30070.25,499,Active,2022-04-30
CC008859,C03481,Platinum,25900.0,13863.09,0,Active,2023-01-24
CC008860,C02455,Platinum,20000.0,6625.86,0,Active,2024-07-30
CC008861,C05195,Classic,37100.0,6235.16,0,Active,2022-12-31
CC008862,C14529,Classic,55600.0,14072.81,499,Active,2025-05-17
CC008863,C01362,Platinum,25900.0,10057.93,499,Active,2025-11-29
CC008864,C13685,Signature,53800.0,9676.5,1999,Active,2025-08-09
CC008865,C00467,Classic,69300.0,25379.69,0,Active,2023-12-18
CC008866,C07326,Platinum,48800.0,28131.78,499,Active,2024-11-05
CC008867,C10444,Gold,25500.0,10802.91,999,Active,2025-09-03
CC008868,C10424,Gold,20000.0,3947.4,0,Active,2024-07-12
CC008869,C13104,Gold,23000.0,13253.14,499,Active,2025-09-28
CC008870,C04681,Platinum,64800.0,17029.35,999,Blocked,2025-09-10
CC008871,C07734,Gold,39300.0,13404.45,1999,Active,2022-12-02
CC008872,C12997,Gold,48300.0,4898.07,1999,Active,2025-02-08
CC008873,C11256,Platinum,62300.0,16062.92,999,Active,2022-01-10
CC008874,C14754,Platinum,37300.0,2540.89,999,Active,2022-12-06
CC008875,C05813,Gold,23800.0,4755.5,499,Active,2022-03-26
CC008876,C12587,Gold,33400.0,7157.16,0,Active,2022-09-05
CC008877,C11832,Platinum,93500.0,40620.23,0,Active,2022-09-03
CC008878,C06867,Signature,28200.0,11762.21,999,Active,2023-09-02
CC008879,C10008,Gold,21600.0,6616.07,499,Active,2025-05-11
CC008880,C05560,Classic,48200.0,20212.12,0,Closed,2025-05-24
CC008881,C03983,Classic,57300.0,15075.35,499,Active,2022-05-25
CC008882,C03221,Signature,59200.0,27579.57,1999,Closed,2024-10-25
CC008883,C07679,Platinum,24600.0,4654.43,0,Active,2025-03-31
CC008884,C10798,Classic,27500.0,15384.33,499,Active,2025-11-16
CC008885,C12079,Signature,68200.0,15047.96,0,Active,2023-08-04
CC008886,C08459,Gold,20000.0,3333.19,0,Active,2025-12-03
CC008887,C03873,Signature,62200.0,29718.96,999,Active,2022-09-13
CC008888,C06953,Gold,119400.0,9877.02,1999,Active,2025-11-20
CC008889,C07192,Gold,42400.0,5829.77,999,Active,2022-11-07
CC008890,C09297,Classic,85800.0,18723.28,1999,Active,2022-05-29
CC008891,C09457,Gold,66000.0,20657.97,499,Active,2025-06-17
CC008892,C10621,Classic,72900.0,10677.69,0,Blocked,2025-07-13
CC008893,C13367,Platinum,35100.0,24746.9,499,Active,2023-07-19
CC008894,C08308,Gold,100000.0,34910.45,499,Active,2022-04-29
CC008895,C02069,Gold,20000.0,1883.76,2999,Active,2022-01-25
CC008896,C03536,Classic,87700.0,28539.18,2999,Active,2025-06-26
CC008897,C00619,Gold,20000.0,1808.29,499,Active,2023-02-27
CC008898,C14901,Classic,42000.0,4102.82,499,Active,2022-09-02
CC008899,C14318,Classic,63300.0,16911.39,999,Active,2024-07-18
CC008900,C13564,Classic,40600.0,12035.14,1999,Active,2023-01-11
CC008901,C08657,Platinum,43600.0,17708.32,999,Active,2025-02-13
CC008902,C09097,Platinum,68100.0,24033.98,499,Active,2023-12-31
CC008903,C04621,Signature,39800.0,3479.72,999,Active,2025-01-05
CC008904,C01738,Gold,68800.0,18021.32,499,Active,2024-11-17
CC008905,C00863,Gold,20000.0,2063.07,499,Active,2025-06-26
CC008906,C09908,Gold,60000.0,15495.47,0,Active,2025-06-19
CC008907,C00066,Signature,20000.0,5373.09,0,Active,2025-05-02
CC008908,C12331,Classic,50600.0,7950.62,1999,Active,2025-02-07
CC008909,C12895,Gold,20000.0,1715.64,499,Active,2022-10-23
CC008910,C14298,Signature,28500.0,8678.42,0,Closed,2022-06-04
CC008911,C01276,Classic,83100.0,19083.05,999,Active,2025-07-31
CC008912,C03703,Signature,30600.0,15100.54,2999,Closed,2025-03-22
CC008913,C05114,Platinum,30000.0,7874.15,499,Blocked,2022-09-14
CC008914,C13608,Platinum,113200.0,33002.16,0,Active,2023-11-17
CC008915,C03706,Gold,41600.0,14690.23,499,Active,2023-08-15
CC008916,C07885,Gold,58400.0,23020.4,0,Active,2025-10-19
CC008917,C09100,Gold,88800.0,18910.11,499,Active,2024-10-05
CC008918,C14955,Classic,26300.0,13400.51,499,Active,2023-03-11
CC008919,C00314,Classic,65800.0,24898.14,0,Active,2023-04-28
CC008920,C08584,Gold,30900.0,15110.85,999,Active,2022-07-03
CC008921,C14411,Gold,41200.0,13981.27,0,Active,2022-02-16
CC008922,C09403,Platinum,29300.0,9243.45,499,Active,2022-02-16
CC008923,C08548,Platinum,46100.0,7476.13,999,Active,2022-12-27
CC008924,C11421,Gold,27800.0,1290.7,999,Active,2024-07-13
CC008925,C13144,Platinum,103700.0,25422.26,999,Active,2023-01-11
CC008926,C14344,Gold,116500.0,20699.56,999,Active,2022-07-06
CC008927,C05027,Classic,24800.0,8156.84,999,Active,2022-11-15
CC008928,C04036,Classic,31900.0,10125.0,499,Active,2022-01-12
CC008929,C04396,Gold,38100.0,9089.39,999,Active,2023-11-13
CC008930,C04956,Classic,90800.0,39139.16,499,Active,2022-09-16
CC008931,C08601,Classic,20000.0,2189.74,0,Active,2025-03-05
CC008932,C11188,Classic,59200.0,13523.03,999,Active,2024-05-23
CC008933,C06962,Platinum,51100.0,13062.11,999,Active,2023-11-06
CC008934,C04199,Gold,20000.0,3942.87,999,Active,2022-01-28
CC008935,C11760,Classic,48500.0,10974.72,0,Active,2024-09-30
CC008936,C11916,Classic,47900.0,24255.93,0,Active,2024-12-13
CC008937,C11937,Gold,32500.0,11315.88,999,Active,2023-10-12
CC008938,C09490,Signature,66500.0,23410.35,0,Active,2024-06-14
CC008939,C11813,Platinum,46700.0,15435.58,999,Active,2023-01-08
CC008940,C00934,Gold,117000.0,56799.58,0,Active,2023-11-19
CC008941,C12963,Classic,30000.0,11776.17,499,Closed,2024-10-14
CC008942,C08881,Platinum,32000.0,14922.46,1999,Active,2025-11-29
CC008943,C14415,Classic,31600.0,17923.74,0,Active,2023-08-24
CC008944,C05373,Classic,105700.0,43290.81,1999,Active,2025-06-23
CC008945,C11078,Classic,23500.0,6145.68,999,Active,2024-08-14
CC008946,C10100,Signature,33100.0,3916.83,1999,Active,2022-12-15
CC008947,C10085,Classic,54600.0,5130.55,2999,Active,2022-10-07
CC008948,C03390,Platinum,50800.0,9117.88,499,Active,2022-06-21
CC008949,C01731,Gold,134100.0,66735.47,1999,Active,2025-05-12
CC008950,C03726,Gold,47100.0,12922.48,999,Blocked,2024-10-26
CC008951,C00993,Signature,135800.0,39850.64,999,Active,2022-03-19
CC008952,C11046,Gold,28100.0,7671.36,1999,Active,2022-12-24
CC008953,C07171,Signature,57400.0,6470.04,1999,Active,2023-05-29
CC008954,C01102,Gold,23400.0,2081.61,0,Active,2024-07-03
CC008955,C13297,Gold,26700.0,6501.45,499,Active,2023-03-03
CC008956,C10671,Classic,49100.0,12655.07,999,Active,2025-01-27
CC008957,C03668,Platinum,124000.0,28351.89,999,Active,2023-09-19
CC008958,C03833,Platinum,47500.0,10374.19,999,Active,2024-10-09
CC008959,C03389,Gold,20000.0,4933.76,499,Active,2023-04-13
CC008960,C03078,Gold,22500.0,4842.33,999,Active,2023-05-08
CC008961,C08617,Platinum,137400.0,67738.8,1999,Active,2023-10-05
CC008962,C11204,Platinum,51400.0,5775.01,1999,Active,2023-01-03
CC008963,C09458,Platinum,49300.0,15642.8,999,Active,2025-03-22
CC008964,C09731,Platinum,26400.0,7973.14,0,Active,2022-02-26
CC008965,C02475,Gold,41100.0,2817.25,0,Active,2024-11-13
CC008966,C08588,Platinum,36900.0,1839.42,0,Active,2025-04-18
CC008967,C08662,Gold,232700.0,64706.73,0,Active,2025-04-05
CC008968,C05578,Classic,20000.0,9883.05,999,Active,2023-09-24
CC008969,C11676,Platinum,78600.0,37182.49,999,Active,2023-08-16
CC008970,C00678,Signature,111200.0,30397.12,999,Active,2024-05-09
CC008971,C09273,Platinum,31100.0,10461.73,0,Active,2022-02-27
CC008972,C13050,Gold,94600.0,69458.47,499,Active,2023-07-25
CC008973,C07179,Platinum,27700.0,10702.32,499,Active,2024-07-31
CC008974,C07599,Platinum,20000.0,8687.51,0,Blocked,2022-02-14
CC008975,C07322,Classic,110400.0,57766.8,1999,Active,2022-11-24
CC008976,C05842,Gold,24600.0,7640.68,1999,Active,2025-07-17
CC008977,C13592,Signature,39500.0,7039.17,499,Active,2023-03-02
CC008978,C06857,Gold,120000.0,36752.99,1999,Active,2024-03-12
CC008979,C03325,Gold,76300.0,5793.89,0,Active,2024-05-10
CC008980,C11150,Classic,26800.0,15409.16,0,Closed,2025-04-28
CC008981,C07304,Signature,20000.0,10733.4,999,Active,2024-09-04
CC008982,C01994,Platinum,20000.0,1858.5,0,Active,2024-03-29
CC008983,C14487,Gold,40600.0,3903.37,2999,Active,2023-10-31
CC008984,C10616,Gold,47000.0,5781.11,0,Closed,2022-12-07
CC008985,C06320,Classic,46100.0,10217.94,999,Active,2024-01-01
CC008986,C09211,Gold,26000.0,7404.64,0,Active,2022-06-28
CC008987,C06045,Classic,68500.0,11493.93,1999,Active,2023-07-28
CC008988,C06972,Classic,98100.0,7704.14,0,Active,2023-02-25
CC008989,C08610,Signature,61300.0,24669.31,499,Active,2022-04-16
CC008990,C14708,Classic,29200.0,5392.44,999,Blocked,2024-12-22
CC008991,C00865,Platinum,36200.0,9402.61,999,Active,2023-02-15
CC008992,C05214,Signature,20000.0,1483.47,0,Active,2025-02-21
CC008993,C09117,Classic,32100.0,21290.13,0,Active,2025-09-16
CC008994,C04598,Classic,229200.0,147063.59,1999,Active,2023-01-27
CC008995,C13672,Classic,119800.0,46414.93,999,Active,2023-08-13
CC008996,C14958,Platinum,121200.0,20528.53,0,Active,2023-06-08
CC008997,C03707,Classic,106000.0,8479.4,999,Closed,2025-12-06
CC008998,C12475,Classic,82000.0,34984.34,999,Active,2022-07-18
CC008999,C04026,Gold,62300.0,26421.3,0,Active,2023-11-23
CC009000,C08669,Platinum,30400.0,17458.32,0,Active,2022-07-07
